{ 
"RECORDS": 
[
  {
    "index": 1,
    "classify": "Bottoms",
    "part": "Bottoms",
    "name": "diy_bottom_002_final",
    "unlockWay": "free",
    "conditionNum": 0,
    "degreeNum": 0,
    "compelet": true,
    "color1": [
      41,
      56,
      87,
      1
    ],
    "color2": [
      123,
      148,
      183,
      1
    ],
    "pitch": false,
    "completeSkin": "",
    "fDiffX": 10,
    "fDiffY": 50,
    "rDiffX": -5,
    "rDiffY": 50
  },
  {
    "index": 2,
    "classify": "Bottoms",
    "part": "Bottoms",
    "name": "ads",
    "unlockWay": "",
    "conditionNum": 0,
    "degreeNum": 0,
    "compelet": true,
    "color1": [
      "null"
    ],
    "color2": [
      "null"
    ],
    "pitch": false,
    "completeSkin": "",
    "fDiffX": 0,
    "fDiffY": 0,
    "rDiffX": 0,
    "rDiffY": 0
  },
  {
    "index": 3,
    "classify": "Bottoms",
    "part": "Bottoms",
    "name": "diy_bottom_003_final",
    "unlockWay": "free",
    "conditionNum": 0,
    "degreeNum": 0,
    "compelet": true,
    "color1": [
      58,
      42,
      76,
      1
    ],
    "color2": [
      37,
      19,
      54,
      1
    ],
    "pitch": false,
    "completeSkin": "",
    "fDiffX": 0,
    "fDiffY": 80,
    "rDiffX": -5,
    "rDiffY": 15
  },
  {
    "index": 4,
    "classify": "Bottoms",
    "part": "Bottoms",
    "name": "diy_bottom_004_final",
    "unlockWay": "free",
    "conditionNum": 0,
    "degreeNum": 0,
    "compelet": true,
    "color1": [
      34,
      25,
      45,
      1
    ],
    "color2": [
      34,
      25,
      45,
      1
    ],
    "pitch": false,
    "completeSkin": "",
    "fDiffX": 0,
    "fDiffY": 20,
    "rDiffX": 0,
    "rDiffY": 35
  },
  {
    "index": 5,
    "classify": "Bottoms",
    "part": "Bottoms",
    "name": "diy_bottom_005_final",
    "unlockWay": "ads",
    "conditionNum": 1,
    "degreeNum": 0,
    "compelet": false,
    "color1": [
      30,
      46,
      88,
      1
    ],
    "color2": [
      34,
      25,
      45,
      1
    ],
    "pitch": false,
    "completeSkin": "",
    "fDiffX": 0,
    "fDiffY": -15,
    "rDiffX": 0,
    "rDiffY": -30
  },
  {
    "index": 6,
    "classify": "Bottoms",
    "part": "Bottoms",
    "name": "diy_bottom_006_final",
    "unlockWay": "ads",
    "conditionNum": 1,
    "degreeNum": 0,
    "compelet": false,
    "color1": [
      75,
      74,
      95,
      1
    ],
    "color2": [
      75,
      74,
      95,
      1
    ],
    "pitch": false,
    "completeSkin": "",
    "fDiffX": 0,
    "fDiffY": 20,
    "rDiffX": 0,
    "rDiffY": 20
  },
  {
    "index": 1,
    "classify": "Dress",
    "part": "Dress",
    "name": "diy_dress_001_final",
    "unlockWay": "free",
    "conditionNum": 0,
    "degreeNum": 0,
    "compelet": true,
    "color1": [
      119,
      33,
      167,
      1
    ],
    "color2": [
      119,
      33,
      167,
      1
    ],
    "pitch": true,
    "completeSkin": "",
    "fDiffX": -5,
    "fDiffY": 65,
    "rDiffX": -10,
    "rDiffY": 65
  },
  {
    "index": 2,
    "classify": "Dress",
    "part": "Dress",
    "name": "diy_dress_005_final",
    "unlockWay": "free",
    "conditionNum": 0,
    "degreeNum": 0,
    "compelet": true,
    "color1": [
      31,
      65,
      99,
      1
    ],
    "color2": [
      31,
      65,
      99,
      1
    ],
    "pitch": false,
    "completeSkin": "",
    "fDiffX": -95,
    "fDiffY": 70,
    "rDiffX": -93,
    "rDiffY": 70
  },
  {
    "index": 3,
    "classify": "Dress",
    "part": "Dress",
    "name": "ads",
    "unlockWay": "",
    "conditionNum": 0,
    "degreeNum": 0,
    "compelet": true,
    "color1": [
      "null"
    ],
    "color2": [
      "null"
    ],
    "pitch": false,
    "completeSkin": "",
    "fDiffX": 0,
    "fDiffY": 0,
    "rDiffX": 0,
    "rDiffY": 0
  },
  {
    "index": 4,
    "classify": "Dress",
    "part": "Dress",
    "name": "diy_dress_003_final",
    "unlockWay": "free",
    "conditionNum": 0,
    "degreeNum": 0,
    "compelet": true,
    "color1": [
      80,
      68,
      105,
      1
    ],
    "color2": [
      80,
      68,
      105,
      1
    ],
    "pitch": false,
    "completeSkin": "",
    "fDiffX": 0,
    "fDiffY": 65,
    "rDiffX": 0,
    "rDiffY": 70
  },
  {
    "index": 5,
    "classify": "Dress",
    "part": "Dress",
    "name": "diy_dress_004_final",
    "unlockWay": "free",
    "conditionNum": 0,
    "degreeNum": 0,
    "compelet": true,
    "color1": [
      146,
      40,
      142,
      1
    ],
    "color2": [
      80,
      68,
      105,
      1
    ],
    "pitch": false,
    "completeSkin": "",
    "fDiffX": 0,
    "fDiffY": 50,
    "rDiffX": 0,
    "rDiffY": 32
  },
  {
    "index": 6,
    "classify": "Dress",
    "part": "Dress",
    "name": "diy_dress_002_final",
    "unlockWay": "free",
    "conditionNum": 0,
    "degreeNum": 0,
    "compelet": true,
    "color1": [
      23,
      50,
      87,
      1
    ],
    "color2": [
      119,
      33,
      167,
      1
    ],
    "pitch": false,
    "completeSkin": "",
    "fDiffX": -60,
    "fDiffY": 40,
    "rDiffX": -60,
    "rDiffY": 60
  },
  {
    "index": 7,
    "classify": "Dress",
    "part": "Dress",
    "name": "diy_dress_006_final",
    "unlockWay": "free",
    "conditionNum": 0,
    "degreeNum": 0,
    "compelet": true,
    "color1": [
      11,
      176,
      170,
      1
    ],
    "color2": [
      11,
      176,
      170,
      1
    ],
    "pitch": false,
    "completeSkin": "",
    "fDiffX": -15,
    "fDiffY": 0,
    "rDiffX": -15,
    "rDiffY": 0
  },
  {
    "index": 8,
    "classify": "Dress",
    "part": "Dress",
    "name": "diy_dress_007_final",
    "unlockWay": "ads",
    "conditionNum": 1,
    "degreeNum": 0,
    "compelet": false,
    "color1": [
      71,
      55,
      126,
      1
    ],
    "color2": [
      71,
      55,
      126,
      1
    ],
    "pitch": false,
    "completeSkin": "",
    "fDiffX": -5,
    "fDiffY": 35,
    "rDiffX": -7,
    "rDiffY": 50
  },
  {
    "index": 9,
    "classify": "Dress",
    "part": "Dress",
    "name": "diy_dress_008_final",
    "unlockWay": "ads",
    "conditionNum": 1,
    "degreeNum": 0,
    "compelet": false,
    "color1": [
      50,
      129,
      149,
      1
    ],
    "color2": [
      50,
      129,
      149,
      1
    ],
    "pitch": false,
    "completeSkin": "",
    "fDiffX": 0,
    "fDiffY": 0,
    "rDiffX": 0,
    "rDiffY": 0
  },
  {
    "index": 1,
    "classify": "Top",
    "part": "Top",
    "name": "diy_top_003_final",
    "unlockWay": "free",
    "conditionNum": 0,
    "degreeNum": 0,
    "compelet": true,
    "color1": [
      18,
      42,
      106,
      1
    ],
    "color2": [
      18,
      42,
      106,
      1
    ],
    "pitch": false,
    "completeSkin": "",
    "fDiffX": 0,
    "fDiffY": 65,
    "rDiffX": -5,
    "rDiffY": 50
  },
  {
    "index": 2,
    "classify": "Top",
    "part": "Top",
    "name": "ads",
    "unlockWay": "",
    "conditionNum": 0,
    "degreeNum": 0,
    "compelet": true,
    "color1": [
      "null"
    ],
    "color2": [
      "null"
    ],
    "pitch": false,
    "completeSkin": "",
    "fDiffX": 0,
    "fDiffY": 0,
    "rDiffX": 0,
    "rDiffY": 0
  },
  {
    "index": 3,
    "classify": "Top",
    "part": "Top",
    "name": "diy_top_004_final",
    "unlockWay": "free",
    "conditionNum": 0,
    "degreeNum": 0,
    "compelet": true,
    "color1": [
      210,
      54,
      98,
      1
    ],
    "color2": [
      "117，23，50",
      "1"
    ],
    "pitch": false,
    "completeSkin": "",
    "fDiffX": 0,
    "fDiffY": 55,
    "rDiffX": 0,
    "rDiffY": 50
  },
  {
    "index": 4,
    "classify": "Top",
    "part": "Top",
    "name": "diy_top_005_final",
    "unlockWay": "free",
    "conditionNum": 0,
    "degreeNum": 0,
    "compelet": true,
    "color1": [
      20,
      124,
      93,
      1
    ],
    "color2": [
      20,
      124,
      93,
      1
    ],
    "pitch": false,
    "completeSkin": "",
    "fDiffX": -15,
    "fDiffY": 60,
    "rDiffX": -25,
    "rDiffY": 75
  },
  {
    "index": 5,
    "classify": "Top",
    "part": "Top",
    "name": "diy_top_006_final",
    "unlockWay": "free",
    "conditionNum": 0,
    "degreeNum": 0,
    "compelet": true,
    "color1": [
      75,
      60,
      75,
      1
    ],
    "color2": [
      75,
      60,
      75,
      1
    ],
    "pitch": false,
    "completeSkin": "",
    "fDiffX": 0,
    "fDiffY": 0,
    "rDiffX": 0,
    "rDiffY": 60
  },
  {
    "index": 6,
    "classify": "Top",
    "part": "Top",
    "name": "diy_top_007_final",
    "unlockWay": "ads",
    "conditionNum": 1,
    "degreeNum": 0,
    "compelet": false,
    "color1": [
      131,
      70,
      112,
      1
    ],
    "color2": [
      131,
      70,
      112,
      1
    ],
    "pitch": false,
    "completeSkin": "",
    "fDiffX": 0,
    "fDiffY": 60,
    "rDiffX": 0,
    "rDiffY": 60
  },
  {
    "index": 7,
    "classify": "Top",
    "part": "Top",
    "name": "diy_top_008_final",
    "unlockWay": "ads",
    "conditionNum": 1,
    "degreeNum": 0,
    "compelet": false,
    "color1": [
      102,
      57,
      67,
      1
    ],
    "color2": [
      102,
      57,
      67,
      1
    ],
    "pitch": false,
    "completeSkin": "",
    "fDiffX": 0,
    "fDiffY": 0,
    "rDiffX": 0,
    "rDiffY": 0
  }
]
}