{"type":"Box","props":{"y":0,"x":0,"width":720,"scaleY":0.9,"scaleX":0.9,"presetID":1,"name":"diy_dress_003_final","isPresetRoot":true,"height":720,"centerY":0,"centerX":0},"compId":2575,"child":[{"type":"Sprite","props":{"y":561,"x":162,"width":446,"texture":"Game/UI/MakeTailor/diy_dress_003_final/s9.png","presetID":2,"name":"Cloth07_D","height":142},"compId":2753},{"type":"Sprite","props":{"y":138,"x":264,"texture":"Game/UI/MakeTailor/diy_dress_003_final/s8.png","presetID":3,"name":"Cloth06_L"},"compId":2757},{"type":"Sprite","props":{"y":132,"x":456,"texture":"Game/UI/MakeTailor/diy_dress_003_final/s7.png","presetID":4,"name":"Cloth05_R"},"compId":2758},{"type":"Sprite","props":{"y":75,"x":355,"texture":"Game/UI/MakeTailor/diy_dress_003_final/s4.png","presetID":5,"name":"Cloth02_RU"},"compId":2756},{"type":"Sprite","props":{"y":42,"x":-148,"width":261,"texture":"Game/UI/MakeTailor/diy_dress_003_final/s6.png","presetID":6,"name":"Cloth03_L","height":87},"compId":2752},{"type":"Sprite","props":{"y":42,"x":636,"width":260,"texture":"Game/UI/MakeTailor/diy_dress_003_final/s5.png","presetID":7,"name":"Cloth04_R","height":87},"compId":2751},{"type":"Sprite","props":{"y":17,"x":258,"width":231,"texture":"Game/UI/MakeTailor/diy_dress_003_final/s1.png","presetID":197,"name":"Cloth01_U","height":42},"compId":2986},{"type":"Sprite","props":{"y":0,"x":-272,"texture":"Game/UI/MakeTailor/diy_dress_003_final/p1.png","presetID":8,"name":"Ultimately"},"compId":2577},{"type":"Image","props":{"y":-2,"x":0,"width":512,"presetID":9,"name":"LineParent","height":725,"centerX":0},"compId":2578,"child":[{"type":"Sprite","props":{"y":24.818879762519387,"x":151.55776638804167,"texture":"Game/UI/MakeTailor/diy_dress_003_final/x1.png","presetID":10,"name":"Line01"},"compId":2579,"child":[{"type":"Image","props":{"y":8,"x":8,"width":7,"skin":"Game/UI/MakeTailor/dotted1.png","rotation":132,"presetID":11,"pivotY":7,"pivotX":4,"name":"A","height":14},"compId":2598,"child":[{"type":"Script","props":{"y":-5,"x":-3,"width":13,"presetID":12,"isSensor":true,"height":24,"runtime":"Laya.BoxCollider"},"compId":2599},{"type":"Script","props":{"type":"static","presetID":13,"gravityScale":0,"runtime":"Laya.RigidBody"},"compId":2600}]},{"type":"Image","props":{"y":19,"x":23,"width":7,"skin":"Game/UI/MakeTailor/dotted1.png","rotation":123,"presetID":14,"pivotY":7,"pivotX":4,"name":"A","height":14},"compId":2759,"child":[{"type":"Script","props":{"y":-5,"x":-3,"width":13,"presetID":15,"isSensor":true,"height":24,"runtime":"Laya.BoxCollider"},"compId":2760},{"type":"Script","props":{"type":"static","presetID":16,"gravityScale":0,"runtime":"Laya.RigidBody"},"compId":2761}]},{"type":"Image","props":{"y":27,"x":41,"width":7,"skin":"Game/UI/MakeTailor/dotted1.png","rotation":113,"presetID":17,"pivotY":7,"pivotX":4,"name":"A","height":14},"compId":2762,"child":[{"type":"Script","props":{"y":-5,"x":-3,"width":13,"presetID":18,"isSensor":true,"height":24,"runtime":"Laya.BoxCollider"},"compId":2763},{"type":"Script","props":{"type":"static","presetID":19,"gravityScale":0,"runtime":"Laya.RigidBody"},"compId":2764}]},{"type":"Image","props":{"y":34,"x":60,"width":7,"skin":"Game/UI/MakeTailor/dotted1.png","rotation":101,"presetID":20,"pivotY":7,"pivotX":4,"name":"A","height":14},"compId":2765,"child":[{"type":"Script","props":{"y":-5,"x":-3,"width":13,"presetID":21,"isSensor":true,"height":24,"runtime":"Laya.BoxCollider"},"compId":2766},{"type":"Script","props":{"type":"static","presetID":22,"gravityScale":0,"runtime":"Laya.RigidBody"},"compId":2767}]},{"type":"Image","props":{"y":37,"x":80,"width":7,"skin":"Game/UI/MakeTailor/dotted1.png","rotation":96,"presetID":23,"pivotY":7,"pivotX":4,"name":"A","height":14},"compId":2768,"child":[{"type":"Script","props":{"y":-5,"x":-3,"width":13,"presetID":24,"isSensor":true,"height":24,"runtime":"Laya.BoxCollider"},"compId":2769},{"type":"Script","props":{"type":"static","presetID":25,"gravityScale":0,"runtime":"Laya.RigidBody"},"compId":2770}]},{"type":"Image","props":{"y":39,"x":100,"width":7,"skin":"Game/UI/MakeTailor/dotted1.png","rotation":92,"presetID":26,"pivotY":7,"pivotX":4,"name":"A","height":14},"compId":2771,"child":[{"type":"Script","props":{"y":-5,"x":-3,"width":13,"presetID":27,"isSensor":true,"height":24,"runtime":"Laya.BoxCollider"},"compId":2772},{"type":"Script","props":{"type":"static","presetID":28,"gravityScale":0,"runtime":"Laya.RigidBody"},"compId":2773}]},{"type":"Image","props":{"y":39,"x":120,"width":7,"skin":"Game/UI/MakeTailor/dotted1.png","rotation":90,"presetID":29,"pivotY":7,"pivotX":4,"name":"A","height":14},"compId":2774,"child":[{"type":"Script","props":{"y":-5,"x":-3,"width":13,"presetID":30,"isSensor":true,"height":24,"runtime":"Laya.BoxCollider"},"compId":2775},{"type":"Script","props":{"type":"static","presetID":31,"gravityScale":0,"runtime":"Laya.RigidBody"},"compId":2776}]},{"type":"Image","props":{"y":39,"x":140,"width":7,"skin":"Game/UI/MakeTailor/dotted1.png","rotation":87,"presetID":32,"pivotY":7,"pivotX":4,"name":"A","height":14},"compId":2777,"child":[{"type":"Script","props":{"y":-5,"x":-3,"width":13,"presetID":33,"isSensor":true,"height":24,"runtime":"Laya.BoxCollider"},"compId":2778},{"type":"Script","props":{"type":"static","presetID":34,"gravityScale":0,"runtime":"Laya.RigidBody"},"compId":2779}]},{"type":"Image","props":{"y":38,"x":159,"width":7,"skin":"Game/UI/MakeTailor/dotted1.png","rotation":87,"presetID":35,"pivotY":7,"pivotX":4,"name":"A","height":14},"compId":2780,"child":[{"type":"Script","props":{"y":-5,"x":-3,"width":13,"presetID":36,"isSensor":true,"height":24,"runtime":"Laya.BoxCollider"},"compId":2781},{"type":"Script","props":{"type":"static","presetID":37,"gravityScale":0,"runtime":"Laya.RigidBody"},"compId":2782}]},{"type":"Image","props":{"y":37,"x":179,"width":7,"skin":"Game/UI/MakeTailor/dotted1.png","rotation":82,"presetID":38,"pivotY":7,"pivotX":4,"name":"A","height":14},"compId":2783,"child":[{"type":"Script","props":{"y":-5,"x":-3,"width":13,"presetID":39,"isSensor":true,"height":24,"runtime":"Laya.BoxCollider"},"compId":2784},{"type":"Script","props":{"type":"static","presetID":40,"gravityScale":0,"runtime":"Laya.RigidBody"},"compId":2785}]},{"type":"Image","props":{"y":31,"x":198,"width":7,"skin":"Game/UI/MakeTailor/dotted1.png","rotation":70,"presetID":41,"pivotY":7,"pivotX":4,"name":"A","height":14},"compId":2786,"child":[{"type":"Script","props":{"y":-5,"x":-3,"width":13,"presetID":42,"isSensor":true,"height":24,"runtime":"Laya.BoxCollider"},"compId":2787},{"type":"Script","props":{"type":"static","presetID":43,"gravityScale":0,"runtime":"Laya.RigidBody"},"compId":2788}]},{"type":"Image","props":{"y":22,"x":214,"width":7,"skin":"Game/UI/MakeTailor/dotted1.png","rotation":56,"presetID":44,"pivotY":7,"pivotX":4,"name":"A","height":14},"compId":2789,"child":[{"type":"Script","props":{"y":-5,"x":-3,"width":13,"presetID":45,"isSensor":true,"height":24,"runtime":"Laya.BoxCollider"},"compId":2790},{"type":"Script","props":{"type":"static","presetID":46,"gravityScale":0,"runtime":"Laya.RigidBody"},"compId":2791}]},{"type":"Image","props":{"y":11,"x":226,"width":7,"skin":"Game/UI/MakeTailor/dotted1.png","rotation":55,"presetID":47,"pivotY":7,"pivotX":4,"name":"A","height":14},"compId":2792,"child":[{"type":"Script","props":{"y":-5,"x":-3,"width":13,"presetID":48,"isSensor":true,"height":24,"runtime":"Laya.BoxCollider"},"compId":2793},{"type":"Script","props":{"type":"static","presetID":49,"gravityScale":0,"runtime":"Laya.RigidBody"},"compId":2794}]}]},{"type":"Sprite","props":{"y":69.86224047496123,"x":237,"texture":"Game/UI/MakeTailor/diy_dress_003_final/x4.png","presetID":50,"name":"Line02"},"compId":2601,"child":[{"type":"Image","props":{"y":16,"x":30,"width":7,"skin":"Game/UI/MakeTailor/dotted1.png","rotation":25,"presetID":51,"pivotY":7,"pivotX":4,"name":"V","height":14},"compId":2650,"child":[{"type":"Script","props":{"y":-5,"x":-3,"width":13,"presetID":52,"isSensor":true,"height":24,"runtime":"Laya.BoxCollider"},"compId":2651},{"type":"Script","props":{"type":"static","presetID":53,"gravityScale":0,"runtime":"Laya.RigidBody"},"compId":2652}]},{"type":"Image","props":{"y":32,"x":22,"width":7,"skin":"Game/UI/MakeTailor/dotted1.png","rotation":15,"presetID":54,"pivotY":7,"pivotX":4,"name":"V","height":14},"compId":2795,"child":[{"type":"Script","props":{"y":-5,"x":-3,"width":13,"presetID":55,"isSensor":true,"height":24,"runtime":"Laya.BoxCollider"},"compId":2796},{"type":"Script","props":{"type":"static","presetID":56,"gravityScale":0,"runtime":"Laya.RigidBody"},"compId":2797}]},{"type":"Image","props":{"y":52,"x":18,"width":7,"skin":"Game/UI/MakeTailor/dotted1.png","rotation":-1,"presetID":57,"pivotY":7,"pivotX":4,"name":"V","height":14},"compId":2798,"child":[{"type":"Script","props":{"y":-5,"x":-3,"width":13,"presetID":58,"isSensor":true,"height":24,"runtime":"Laya.BoxCollider"},"compId":2799},{"type":"Script","props":{"type":"static","presetID":59,"gravityScale":0,"runtime":"Laya.RigidBody"},"compId":2800}]},{"type":"Image","props":{"y":71,"x":21,"width":7,"skin":"Game/UI/MakeTailor/dotted1.png","scaleX":1,"rotation":-14,"presetID":60,"pivotY":7,"pivotX":4,"name":"V","height":14},"compId":2801,"child":[{"type":"Script","props":{"y":-5,"x":-3,"width":13,"presetID":61,"isSensor":true,"height":24,"runtime":"Laya.BoxCollider"},"compId":2802},{"type":"Script","props":{"type":"static","presetID":62,"gravityScale":0,"runtime":"Laya.RigidBody"},"compId":2803}]},{"type":"Image","props":{"y":92,"x":28,"width":7,"skin":"Game/UI/MakeTailor/dotted1.png","scaleX":1,"rotation":-29,"presetID":63,"pivotY":7,"pivotX":4,"name":"V","height":14},"compId":2804,"child":[{"type":"Script","props":{"y":-5,"x":-3,"width":13,"presetID":64,"isSensor":true,"height":24,"runtime":"Laya.BoxCollider"},"compId":2805},{"type":"Script","props":{"type":"static","presetID":65,"gravityScale":0,"runtime":"Laya.RigidBody"},"compId":2806}]},{"type":"Image","props":{"y":93,"x":40,"width":7,"skin":"Game/UI/MakeTailor/dotted1.png","scaleX":1,"rotation":23,"presetID":66,"pivotY":7,"pivotX":4,"name":"V","height":14},"compId":2807,"child":[{"type":"Script","props":{"y":-5,"x":-3,"width":13,"presetID":67,"isSensor":true,"height":24,"runtime":"Laya.BoxCollider"},"compId":2808},{"type":"Script","props":{"type":"static","presetID":68,"gravityScale":0,"runtime":"Laya.RigidBody"},"compId":2809}]},{"type":"Image","props":{"y":74,"x":47,"width":7,"skin":"Game/UI/MakeTailor/dotted1.png","scaleX":1,"rotation":12,"presetID":69,"pivotY":7,"pivotX":4,"name":"V","height":14},"compId":2810,"child":[{"type":"Script","props":{"y":-5,"x":-3,"width":13,"presetID":70,"isSensor":true,"height":24,"runtime":"Laya.BoxCollider"},"compId":2811},{"type":"Script","props":{"type":"static","presetID":71,"gravityScale":0,"runtime":"Laya.RigidBody"},"compId":2812}]},{"type":"Image","props":{"y":54,"x":50,"width":7,"skin":"Game/UI/MakeTailor/dotted1.png","scaleX":1,"rotation":5,"presetID":72,"pivotY":7,"pivotX":4,"name":"V","height":14},"compId":2813,"child":[{"type":"Script","props":{"y":-5,"x":-3,"width":13,"presetID":73,"isSensor":true,"height":24,"runtime":"Laya.BoxCollider"},"compId":2814},{"type":"Script","props":{"type":"static","presetID":74,"gravityScale":0,"runtime":"Laya.RigidBody"},"compId":2815}]},{"type":"Image","props":{"y":37,"x":50,"width":7,"skin":"Game/UI/MakeTailor/dotted1.png","scaleX":1,"rotation":-7,"presetID":75,"pivotY":7,"pivotX":4,"name":"V","height":14},"compId":2816,"child":[{"type":"Script","props":{"y":-5,"x":-3,"width":13,"presetID":76,"isSensor":true,"height":24,"runtime":"Laya.BoxCollider"},"compId":2817},{"type":"Script","props":{"type":"static","presetID":77,"gravityScale":0,"runtime":"Laya.RigidBody"},"compId":2818}]},{"type":"Image","props":{"y":18,"x":44,"width":7,"skin":"Game/UI/MakeTailor/dotted1.png","scaleX":1,"rotation":-25,"presetID":78,"pivotY":7,"pivotX":4,"name":"V","height":14},"compId":2819,"child":[{"type":"Script","props":{"y":-5,"x":-3,"width":13,"presetID":79,"isSensor":true,"height":24,"runtime":"Laya.BoxCollider"},"compId":2820},{"type":"Script","props":{"type":"static","presetID":80,"gravityScale":0,"runtime":"Laya.RigidBody"},"compId":2821}]}]},{"type":"Sprite","props":{"y":42,"x":-3,"texture":"Game/UI/MakeTailor/diy_dress_003_final/x6.png","presetID":81,"name":"Line03"},"compId":2653,"child":[{"type":"Image","props":{"y":13,"x":5,"width":7,"skin":"Game/UI/MakeTailor/dotted1.png","rotation":0,"presetID":82,"pivotY":7,"pivotX":4,"name":"V","height":14},"compId":2744,"child":[{"type":"Script","props":{"y":-4,"x":-3,"width":13,"presetID":83,"isSensor":true,"height":24,"runtime":"Laya.BoxCollider"},"compId":2745},{"type":"Script","props":{"y":1,"x":0,"type":"static","presetID":84,"gravityScale":0,"runtime":"Laya.RigidBody"},"compId":2746}]},{"type":"Image","props":{"y":33,"x":5,"width":7,"skin":"Game/UI/MakeTailor/dotted1.png","rotation":0,"presetID":85,"pivotY":7,"pivotX":4,"name":"V","height":14},"compId":2822,"child":[{"type":"Script","props":{"y":-4,"x":-3,"width":13,"presetID":86,"isSensor":true,"height":24,"runtime":"Laya.BoxCollider"},"compId":2823},{"type":"Script","props":{"y":1,"x":0,"type":"static","presetID":87,"gravityScale":0,"runtime":"Laya.RigidBody"},"compId":2824}]},{"type":"Image","props":{"y":52,"x":6,"width":7,"skin":"Game/UI/MakeTailor/dotted1.png","rotation":-3,"presetID":88,"pivotY":7,"pivotX":4,"name":"V","height":14},"compId":2825,"child":[{"type":"Script","props":{"y":-4,"x":-3,"width":13,"presetID":89,"isSensor":true,"height":24,"runtime":"Laya.BoxCollider"},"compId":2826},{"type":"Script","props":{"y":1,"x":0,"type":"static","presetID":90,"gravityScale":0,"runtime":"Laya.RigidBody"},"compId":2827}]},{"type":"Image","props":{"y":74,"x":7,"width":7,"skin":"Game/UI/MakeTailor/dotted1.png","rotation":-7,"presetID":91,"pivotY":7,"pivotX":4,"name":"V","height":14},"compId":2828,"child":[{"type":"Script","props":{"y":-4,"x":-3,"width":13,"presetID":92,"isSensor":true,"height":24,"runtime":"Laya.BoxCollider"},"compId":2829},{"type":"Script","props":{"y":1,"x":0,"type":"static","presetID":93,"gravityScale":0,"runtime":"Laya.RigidBody"},"compId":2830}]}]},{"type":"Sprite","props":{"y":46,"x":524,"width":18,"texture":"Game/UI/MakeTailor/diy_dress_003_final/x5.png","presetID":94,"name":"Line04","height":85},"compId":2754,"child":[{"type":"Image","props":{"y":8,"x":15,"width":7,"skin":"Game/UI/MakeTailor/dotted1.png","rotation":3,"presetID":95,"pivotY":7,"pivotX":4,"name":"V","height":14},"compId":2844,"child":[{"type":"Script","props":{"y":-4,"x":-3,"width":13,"presetID":96,"isSensor":true,"height":24,"runtime":"Laya.BoxCollider"},"compId":2845},{"type":"Script","props":{"y":1,"x":0,"type":"static","presetID":97,"gravityScale":0,"runtime":"Laya.RigidBody"},"compId":2846}]},{"type":"Image","props":{"y":27,"x":14,"width":7,"skin":"Game/UI/MakeTailor/dotted1.png","rotation":4,"presetID":98,"pivotY":7,"pivotX":4,"name":"V","height":14},"compId":2847,"child":[{"type":"Script","props":{"y":-4,"x":-3,"width":13,"presetID":99,"isSensor":true,"height":24,"runtime":"Laya.BoxCollider"},"compId":2848},{"type":"Script","props":{"y":1,"x":0,"type":"static","presetID":100,"gravityScale":0,"runtime":"Laya.RigidBody"},"compId":2849}]},{"type":"Image","props":{"y":49,"x":12,"width":7,"skin":"Game/UI/MakeTailor/dotted1.png","rotation":5,"presetID":101,"pivotY":7,"pivotX":4,"name":"V","height":14},"compId":2850,"child":[{"type":"Script","props":{"y":-4,"x":-3,"width":13,"presetID":102,"isSensor":true,"height":24,"runtime":"Laya.BoxCollider"},"compId":2851},{"type":"Script","props":{"y":1,"x":0,"type":"static","presetID":103,"gravityScale":0,"runtime":"Laya.RigidBody"},"compId":2852}]},{"type":"Image","props":{"y":70,"x":10,"width":7,"skin":"Game/UI/MakeTailor/dotted1.png","rotation":5,"presetID":104,"pivotY":7,"pivotX":4,"name":"V","height":14},"compId":2853,"child":[{"type":"Script","props":{"y":-4,"x":-3,"width":13,"presetID":105,"isSensor":true,"height":24,"runtime":"Laya.BoxCollider"},"compId":2854},{"type":"Script","props":{"y":1,"x":0,"type":"static","presetID":106,"gravityScale":0,"runtime":"Laya.RigidBody"},"compId":2855}]}]},{"type":"Sprite","props":{"y":121,"x":348,"texture":"Game/UI/MakeTailor/diy_dress_003_final/x7.png","presetID":107,"name":"Line05"},"compId":2900,"child":[{"type":"Image","props":{"y":10,"x":31,"width":7,"skin":"Game/UI/MakeTailor/dotted1.png","rotation":16,"presetID":108,"pivotY":7,"pivotX":4,"name":"V","height":14},"compId":2901,"child":[{"type":"Script","props":{"y":-3,"x":-3,"width":13,"presetID":109,"isSensor":true,"height":24,"runtime":"Laya.BoxCollider"},"compId":2902},{"type":"Script","props":{"y":2,"x":0,"type":"static","presetID":110,"gravityScale":0,"runtime":"Laya.RigidBody"},"compId":2903}]},{"type":"Image","props":{"y":28,"x":25,"width":7,"skin":"Game/UI/MakeTailor/dotted1.png","rotation":15,"presetID":111,"pivotY":7,"pivotX":4,"name":"V","height":14},"compId":2904,"child":[{"type":"Script","props":{"y":-3,"x":-3,"width":13,"presetID":112,"isSensor":true,"height":24,"runtime":"Laya.BoxCollider"},"compId":2905},{"type":"Script","props":{"y":2,"x":0,"type":"static","presetID":113,"gravityScale":0,"runtime":"Laya.RigidBody"},"compId":2906}]},{"type":"Image","props":{"y":47,"x":19,"width":7,"skin":"Game/UI/MakeTailor/dotted1.png","rotation":18,"presetID":114,"pivotY":7,"pivotX":4,"name":"V","height":14},"compId":2907,"child":[{"type":"Script","props":{"y":-3,"x":-3,"width":13,"presetID":115,"isSensor":true,"height":24,"runtime":"Laya.BoxCollider"},"compId":2908},{"type":"Script","props":{"y":2,"x":0,"type":"static","presetID":116,"gravityScale":0,"runtime":"Laya.RigidBody"},"compId":2909}]},{"type":"Image","props":{"y":65,"x":13,"width":7,"skin":"Game/UI/MakeTailor/dotted1.png","rotation":15,"presetID":117,"pivotY":7,"pivotX":4,"name":"V","height":14},"compId":2910,"child":[{"type":"Script","props":{"y":-3,"x":-3,"width":13,"presetID":118,"isSensor":true,"height":24,"runtime":"Laya.BoxCollider"},"compId":2911},{"type":"Script","props":{"y":2,"x":0,"type":"static","presetID":119,"gravityScale":0,"runtime":"Laya.RigidBody"},"compId":2912}]},{"type":"Image","props":{"y":84,"x":7,"width":7,"skin":"Game/UI/MakeTailor/dotted1.png","rotation":16,"presetID":120,"pivotY":7,"pivotX":4,"name":"V","height":14},"compId":2913,"child":[{"type":"Script","props":{"y":-3,"x":-3,"width":13,"presetID":121,"isSensor":true,"height":24,"runtime":"Laya.BoxCollider"},"compId":2914},{"type":"Script","props":{"y":2,"x":0,"type":"static","presetID":122,"gravityScale":0,"runtime":"Laya.RigidBody"},"compId":2915}]},{"type":"Image","props":{"y":98,"x":16,"width":7,"skin":"Game/UI/MakeTailor/dotted1.png","rotation":90,"presetID":123,"pivotY":7,"pivotX":4,"name":"A","height":14},"compId":2916,"child":[{"type":"Script","props":{"y":-3,"x":-3,"width":13,"presetID":124,"isSensor":true,"height":24,"runtime":"Laya.BoxCollider"},"compId":2917},{"type":"Script","props":{"y":2,"x":0,"type":"static","presetID":125,"gravityScale":0,"runtime":"Laya.RigidBody"},"compId":2918}]}]},{"type":"Sprite","props":{"y":123.86224047496123,"x":152.5,"texture":"Game/UI/MakeTailor/diy_dress_003_final/x8.png","presetID":126,"name":"Line06"},"compId":2872,"child":[{"type":"Image","props":{"y":7,"x":5,"width":7,"skin":"Game/UI/MakeTailor/dotted1.png","rotation":-22,"presetID":127,"pivotY":7,"pivotX":4,"name":"V","height":14},"compId":2873,"child":[{"type":"Script","props":{"y":-3,"x":-3,"width":13,"presetID":128,"isSensor":true,"height":24,"runtime":"Laya.BoxCollider"},"compId":2874},{"type":"Script","props":{"y":2,"x":0,"type":"static","presetID":129,"gravityScale":0,"runtime":"Laya.RigidBody"},"compId":2875}]},{"type":"Image","props":{"y":25,"x":13,"width":7,"skin":"Game/UI/MakeTailor/dotted1.png","rotation":-21,"presetID":130,"pivotY":7,"pivotX":4,"name":"V","height":14},"compId":2885,"child":[{"type":"Script","props":{"y":-3,"x":-3,"width":13,"presetID":131,"isSensor":true,"height":24,"runtime":"Laya.BoxCollider"},"compId":2886},{"type":"Script","props":{"y":2,"x":0,"type":"static","presetID":132,"gravityScale":0,"runtime":"Laya.RigidBody"},"compId":2887}]},{"type":"Image","props":{"y":43,"x":20,"width":7,"skin":"Game/UI/MakeTailor/dotted1.png","rotation":-21,"presetID":133,"pivotY":7,"pivotX":4,"name":"V","height":14},"compId":2888,"child":[{"type":"Script","props":{"y":-3,"x":-3,"width":13,"presetID":134,"isSensor":true,"height":24,"runtime":"Laya.BoxCollider"},"compId":2889},{"type":"Script","props":{"y":2,"x":0,"type":"static","presetID":135,"gravityScale":0,"runtime":"Laya.RigidBody"},"compId":2890}]},{"type":"Image","props":{"y":61,"x":27,"width":7,"skin":"Game/UI/MakeTailor/dotted1.png","rotation":-20,"presetID":136,"pivotY":7,"pivotX":4,"name":"V","height":14},"compId":2891,"child":[{"type":"Script","props":{"y":-3,"x":-3,"width":13,"presetID":137,"isSensor":true,"height":24,"runtime":"Laya.BoxCollider"},"compId":2892},{"type":"Script","props":{"y":2,"x":0,"type":"static","presetID":138,"gravityScale":0,"runtime":"Laya.RigidBody"},"compId":2893}]},{"type":"Image","props":{"y":79,"x":33,"width":7,"skin":"Game/UI/MakeTailor/dotted1.png","rotation":-19,"presetID":139,"pivotY":7,"pivotX":4,"name":"V","height":14},"compId":2894,"child":[{"type":"Script","props":{"y":-3,"x":-3,"width":13,"presetID":140,"isSensor":true,"height":24,"runtime":"Laya.BoxCollider"},"compId":2895},{"type":"Script","props":{"y":2,"x":0,"type":"static","presetID":141,"gravityScale":0,"runtime":"Laya.RigidBody"},"compId":2896}]},{"type":"Image","props":{"y":93,"x":25,"width":7,"skin":"Game/UI/MakeTailor/dotted1.png","rotation":72,"presetID":142,"pivotY":7,"pivotX":4,"name":"A","height":14},"compId":2897,"child":[{"type":"Script","props":{"y":-3,"x":-3,"width":13,"presetID":143,"isSensor":true,"height":24,"runtime":"Laya.BoxCollider"},"compId":2898},{"type":"Script","props":{"y":2,"x":0,"type":"static","presetID":144,"gravityScale":0,"runtime":"Laya.RigidBody"},"compId":2899}]}]},{"type":"Sprite","props":{"y":561,"x":88.91536192252119,"texture":"Game/UI/MakeTailor/diy_dress_003_final/x9.png","presetID":145,"name":"Line07"},"compId":2919,"child":[{"type":"Image","props":{"y":7,"x":11,"width":7,"skin":"Game/UI/MakeTailor/dotted1.png","rotation":107,"presetID":146,"pivotY":7,"pivotX":4,"name":"A","height":14},"compId":2920,"child":[{"type":"Script","props":{"y":-5,"x":-3,"width":13,"presetID":147,"isSensor":true,"height":24,"runtime":"Laya.BoxCollider"},"compId":2921},{"type":"Script","props":{"y":2,"x":0,"type":"static","presetID":148,"gravityScale":0,"runtime":"Laya.RigidBody"},"compId":2922}]},{"type":"Image","props":{"y":14,"x":32,"width":7,"skin":"Game/UI/MakeTailor/dotted1.png","rotation":103,"presetID":149,"pivotY":7,"pivotX":4,"name":"A","height":14},"compId":2938,"child":[{"type":"Script","props":{"y":-5,"x":-3,"width":13,"presetID":150,"isSensor":true,"height":24,"runtime":"Laya.BoxCollider"},"compId":2939},{"type":"Script","props":{"y":2,"x":0,"type":"static","presetID":151,"gravityScale":0,"runtime":"Laya.RigidBody"},"compId":2940}]},{"type":"Image","props":{"y":19,"x":52,"width":7,"skin":"Game/UI/MakeTailor/dotted1.png","rotation":102,"presetID":152,"pivotY":7,"pivotX":4,"name":"A","height":14},"compId":2941,"child":[{"type":"Script","props":{"y":-5,"x":-3,"width":13,"presetID":153,"isSensor":true,"height":24,"runtime":"Laya.BoxCollider"},"compId":2942},{"type":"Script","props":{"y":2,"x":0,"type":"static","presetID":154,"gravityScale":0,"runtime":"Laya.RigidBody"},"compId":2943}]},{"type":"Image","props":{"y":23,"x":73,"width":7,"skin":"Game/UI/MakeTailor/dotted1.png","rotation":101,"presetID":155,"pivotY":7,"pivotX":4,"name":"A","height":14},"compId":2944,"child":[{"type":"Script","props":{"y":-5,"x":-3,"width":13,"presetID":156,"isSensor":true,"height":24,"runtime":"Laya.BoxCollider"},"compId":2945},{"type":"Script","props":{"y":2,"x":0,"type":"static","presetID":157,"gravityScale":0,"runtime":"Laya.RigidBody"},"compId":2946}]},{"type":"Image","props":{"y":27,"x":96,"width":7,"skin":"Game/UI/MakeTailor/dotted1.png","rotation":99,"presetID":158,"pivotY":7,"pivotX":4,"name":"A","height":14},"compId":2947,"child":[{"type":"Script","props":{"y":-5,"x":-3,"width":13,"presetID":159,"isSensor":true,"height":24,"runtime":"Laya.BoxCollider"},"compId":2948},{"type":"Script","props":{"y":2,"x":0,"type":"static","presetID":160,"gravityScale":0,"runtime":"Laya.RigidBody"},"compId":2949}]},{"type":"Image","props":{"y":30,"x":117,"width":7,"skin":"Game/UI/MakeTailor/dotted1.png","rotation":96,"presetID":161,"pivotY":7,"pivotX":4,"name":"A","height":14},"compId":2950,"child":[{"type":"Script","props":{"y":-5,"x":-3,"width":13,"presetID":162,"isSensor":true,"height":24,"runtime":"Laya.BoxCollider"},"compId":2951},{"type":"Script","props":{"y":2,"x":0,"type":"static","presetID":163,"gravityScale":0,"runtime":"Laya.RigidBody"},"compId":2952}]},{"type":"Image","props":{"y":32,"x":138,"width":7,"skin":"Game/UI/MakeTailor/dotted1.png","rotation":94,"presetID":164,"pivotY":7,"pivotX":4,"name":"A","height":14},"compId":2953,"child":[{"type":"Script","props":{"y":-5,"x":-3,"width":13,"presetID":165,"isSensor":true,"height":24,"runtime":"Laya.BoxCollider"},"compId":2954},{"type":"Script","props":{"y":2,"x":0,"type":"static","presetID":166,"gravityScale":0,"runtime":"Laya.RigidBody"},"compId":2955}]},{"type":"Image","props":{"y":33,"x":159,"width":7,"skin":"Game/UI/MakeTailor/dotted1.png","rotation":92,"presetID":167,"pivotY":7,"pivotX":4,"name":"A","height":14},"compId":2956,"child":[{"type":"Script","props":{"y":-5,"x":-3,"width":13,"presetID":168,"isSensor":true,"height":24,"runtime":"Laya.BoxCollider"},"compId":2957},{"type":"Script","props":{"y":2,"x":0,"type":"static","presetID":169,"gravityScale":0,"runtime":"Laya.RigidBody"},"compId":2958}]},{"type":"Image","props":{"y":34,"x":182,"width":7,"skin":"Game/UI/MakeTailor/dotted1.png","rotation":90,"presetID":170,"pivotY":7,"pivotX":4,"name":"A","height":14},"compId":2959,"child":[{"type":"Script","props":{"y":-5,"x":-3,"width":13,"presetID":171,"isSensor":true,"height":24,"runtime":"Laya.BoxCollider"},"compId":2960},{"type":"Script","props":{"y":2,"x":0,"type":"static","presetID":172,"gravityScale":0,"runtime":"Laya.RigidBody"},"compId":2961}]},{"type":"Image","props":{"y":33,"x":202,"width":7,"skin":"Game/UI/MakeTailor/dotted1.png","skewX":0,"rotation":87,"presetID":173,"pivotY":7,"pivotX":4,"name":"A","height":14},"compId":2962,"child":[{"type":"Script","props":{"y":-5,"x":-3,"width":13,"presetID":174,"isSensor":true,"height":24,"runtime":"Laya.BoxCollider"},"compId":2963},{"type":"Script","props":{"y":2,"x":0,"type":"static","presetID":175,"gravityScale":0,"runtime":"Laya.RigidBody"},"compId":2964}]},{"type":"Image","props":{"y":32,"x":223,"width":7,"skin":"Game/UI/MakeTailor/dotted1.png","skewX":0,"rotation":87,"presetID":176,"pivotY":7,"pivotX":4,"name":"A","height":14},"compId":2965,"child":[{"type":"Script","props":{"y":-5,"x":-3,"width":13,"presetID":177,"isSensor":true,"height":24,"runtime":"Laya.BoxCollider"},"compId":2966},{"type":"Script","props":{"y":2,"x":0,"type":"static","presetID":178,"gravityScale":0,"runtime":"Laya.RigidBody"},"compId":2967}]},{"type":"Image","props":{"y":30,"x":244,"width":7,"skin":"Game/UI/MakeTailor/dotted1.png","skewX":0,"rotation":85,"presetID":179,"pivotY":7,"pivotX":4,"name":"A","height":14},"compId":2968,"child":[{"type":"Script","props":{"y":-5,"x":-3,"width":13,"presetID":180,"isSensor":true,"height":24,"runtime":"Laya.BoxCollider"},"compId":2969},{"type":"Script","props":{"y":2,"x":0,"type":"static","presetID":181,"gravityScale":0,"runtime":"Laya.RigidBody"},"compId":2970}]},{"type":"Image","props":{"y":27,"x":265,"width":7,"skin":"Game/UI/MakeTailor/dotted1.png","skewX":0,"rotation":83,"presetID":182,"pivotY":7,"pivotX":4,"name":"A","height":14},"compId":2971,"child":[{"type":"Script","props":{"y":-5,"x":-3,"width":13,"presetID":183,"isSensor":true,"height":24,"runtime":"Laya.BoxCollider"},"compId":2972},{"type":"Script","props":{"y":2,"x":0,"type":"static","presetID":184,"gravityScale":0,"runtime":"Laya.RigidBody"},"compId":2973}]},{"type":"Image","props":{"y":24,"x":286,"width":7,"skin":"Game/UI/MakeTailor/dotted1.png","skewX":0,"rotation":81,"presetID":185,"pivotY":7,"pivotX":4,"name":"A","height":14},"compId":2974,"child":[{"type":"Script","props":{"y":-5,"x":-3,"width":13,"presetID":186,"isSensor":true,"height":24,"runtime":"Laya.BoxCollider"},"compId":2975},{"type":"Script","props":{"y":2,"x":0,"type":"static","presetID":187,"gravityScale":0,"runtime":"Laya.RigidBody"},"compId":2976}]},{"type":"Image","props":{"y":20,"x":308,"width":7,"skin":"Game/UI/MakeTailor/dotted1.png","skewX":0,"rotation":78,"presetID":188,"pivotY":7,"pivotX":4,"name":"A","height":14},"compId":2977,"child":[{"type":"Script","props":{"y":-5,"x":-3,"width":13,"presetID":189,"isSensor":true,"height":24,"runtime":"Laya.BoxCollider"},"compId":2978},{"type":"Script","props":{"y":2,"x":0,"type":"static","presetID":190,"gravityScale":0,"runtime":"Laya.RigidBody"},"compId":2979}]},{"type":"Image","props":{"y":15,"x":329,"width":7,"skin":"Game/UI/MakeTailor/dotted1.png","skewX":0,"rotation":78,"presetID":191,"pivotY":7,"pivotX":4,"name":"A","height":14},"compId":2980,"child":[{"type":"Script","props":{"y":-5,"x":-3,"width":13,"presetID":192,"isSensor":true,"height":24,"runtime":"Laya.BoxCollider"},"compId":2981},{"type":"Script","props":{"y":2,"x":0,"type":"static","presetID":193,"gravityScale":0,"runtime":"Laya.RigidBody"},"compId":2982}]},{"type":"Image","props":{"y":8,"x":350,"width":7,"skin":"Game/UI/MakeTailor/dotted1.png","skewX":0,"rotation":75,"presetID":194,"pivotY":7,"pivotX":4,"name":"A","height":14},"compId":2983,"child":[{"type":"Script","props":{"y":-5,"x":-3,"width":13,"presetID":195,"isSensor":true,"height":24,"runtime":"Laya.BoxCollider"},"compId":2984},{"type":"Script","props":{"y":2,"x":0,"type":"static","presetID":196,"gravityScale":0,"runtime":"Laya.RigidBody"},"compId":2985}]}]}]}],"loadList":["Game/UI/MakeTailor/diy_dress_003_final/s9.png","Game/UI/MakeTailor/diy_dress_003_final/s8.png","Game/UI/MakeTailor/diy_dress_003_final/s7.png","Game/UI/MakeTailor/diy_dress_003_final/s4.png","Game/UI/MakeTailor/diy_dress_003_final/s6.png","Game/UI/MakeTailor/diy_dress_003_final/s5.png","Game/UI/MakeTailor/diy_dress_003_final/s1.png","Game/UI/MakeTailor/diy_dress_003_final/p1.png","Game/UI/MakeTailor/diy_dress_003_final/x1.png","Game/UI/MakeTailor/dotted1.png","Game/UI/MakeTailor/diy_dress_003_final/x4.png","Game/UI/MakeTailor/diy_dress_003_final/x6.png","Game/UI/MakeTailor/diy_dress_003_final/x5.png","Game/UI/MakeTailor/diy_dress_003_final/x7.png","Game/UI/MakeTailor/diy_dress_003_final/x8.png","Game/UI/MakeTailor/diy_dress_003_final/x9.png"],"loadList3D":[]}