{"type":"Box","props":{"y":0,"x":0,"width":720,"scaleY":1,"scaleX":1,"presetID":1,"name":"diy_bottom_004_final","isPresetRoot":true,"height":720,"centerY":0,"centerX":0},"compId":4466,"child":[{"type":"Sprite","props":{"y":16,"x":482,"width":322,"texture":"Game/UI/MakeTailor/diy_bottom_004_final/s3.png","presetID":2,"name":"Cloth02_R","height":191},"compId":2756},{"type":"Sprite","props":{"y":271,"x":72,"width":582,"texture":"Game/UI/MakeTailor/diy_bottom_004_final/s2.png","presetID":3,"name":"Cloth03_D","height":431},"compId":2752},{"type":"Sprite","props":{"y":22,"x":-81,"width":341,"texture":"Game/UI/MakeTailor/diy_bottom_004_final/s1.png","presetID":4,"name":"Cloth01_L","height":162},"compId":2986},{"type":"Sprite","props":{"y":-1,"x":-298,"texture":"Game/UI/MakeTailor/diy_bottom_004_final/q1.png","presetID":5,"name":"Ultimately"},"compId":2577},{"type":"Image","props":{"y":-29,"width":512,"presetID":6,"name":"LineParent","height":725,"centerX":0},"compId":2578,"child":[{"type":"Sprite","props":{"y":55.5,"x":85,"width":76,"texture":"Game/UI/MakeTailor/diy_bottom_004_final/x1.png","presetID":7,"name":"Line01","height":159},"compId":2579,"child":[{"type":"Image","props":{"y":11,"x":67,"width":7,"skin":"Game/UI/MakeTailor/dotted1.png","rotation":30,"presetID":8,"pivotY":7,"pivotX":4,"name":"V","height":14},"compId":2598,"child":[{"type":"Script","props":{"y":-5,"x":-3,"width":13,"presetID":9,"isSensor":true,"height":24,"runtime":"Laya.BoxCollider"},"compId":2599},{"type":"Script","props":{"type":"static","presetID":10,"gravityScale":0,"runtime":"Laya.RigidBody"},"compId":2600}]},{"type":"Image","props":{"y":28,"x":56,"width":7,"skin":"Game/UI/MakeTailor/dotted1.png","rotation":34,"presetID":11,"pivotY":7,"pivotX":4,"name":"V","height":14},"compId":4467,"child":[{"type":"Script","props":{"y":-5,"x":-3,"width":13,"presetID":12,"isSensor":true,"height":24,"runtime":"Laya.BoxCollider"},"compId":4468},{"type":"Script","props":{"type":"static","presetID":13,"gravityScale":0,"runtime":"Laya.RigidBody"},"compId":4469}]},{"type":"Image","props":{"y":46,"x":45,"width":7,"skin":"Game/UI/MakeTailor/dotted1.png","rotation":28,"presetID":14,"pivotY":7,"pivotX":4,"name":"V","height":14},"compId":4473,"child":[{"type":"Script","props":{"y":-5,"x":-3,"width":13,"presetID":15,"isSensor":true,"height":24,"runtime":"Laya.BoxCollider"},"compId":4474},{"type":"Script","props":{"type":"static","presetID":16,"gravityScale":0,"runtime":"Laya.RigidBody"},"compId":4475}]},{"type":"Image","props":{"y":64,"x":35,"width":7,"skin":"Game/UI/MakeTailor/dotted1.png","rotation":28,"presetID":17,"pivotY":7,"pivotX":4,"name":"V","height":14},"compId":4476,"child":[{"type":"Script","props":{"y":-5,"x":-3,"width":13,"presetID":18,"isSensor":true,"height":24,"runtime":"Laya.BoxCollider"},"compId":4477},{"type":"Script","props":{"type":"static","presetID":19,"gravityScale":0,"runtime":"Laya.RigidBody"},"compId":4478}]},{"type":"Image","props":{"y":84,"x":26,"width":7,"skin":"Game/UI/MakeTailor/dotted1.png","rotation":24,"presetID":20,"pivotY":7,"pivotX":4,"name":"V","height":14},"compId":4479,"child":[{"type":"Script","props":{"y":-5,"x":-3,"width":13,"presetID":21,"isSensor":true,"height":24,"runtime":"Laya.BoxCollider"},"compId":4480},{"type":"Script","props":{"type":"static","presetID":22,"gravityScale":0,"runtime":"Laya.RigidBody"},"compId":4481}]},{"type":"Image","props":{"y":103,"x":18,"width":7,"skin":"Game/UI/MakeTailor/dotted1.png","rotation":21,"presetID":23,"pivotY":7,"pivotX":4,"name":"V","height":14},"compId":4482,"child":[{"type":"Script","props":{"y":-5,"x":-3,"width":13,"presetID":24,"isSensor":true,"height":24,"runtime":"Laya.BoxCollider"},"compId":4483},{"type":"Script","props":{"type":"static","presetID":25,"gravityScale":0,"runtime":"Laya.RigidBody"},"compId":4484}]},{"type":"Image","props":{"y":123,"x":12,"width":7,"skin":"Game/UI/MakeTailor/dotted1.png","rotation":18,"presetID":26,"pivotY":7,"pivotX":4,"name":"V","height":14},"compId":4485,"child":[{"type":"Script","props":{"y":-5,"x":-3,"width":13,"presetID":27,"isSensor":true,"height":24,"runtime":"Laya.BoxCollider"},"compId":4486},{"type":"Script","props":{"type":"static","presetID":28,"gravityScale":0,"runtime":"Laya.RigidBody"},"compId":4487}]},{"type":"Image","props":{"y":142,"x":6,"width":7,"skin":"Game/UI/MakeTailor/dotted1.png","rotation":18,"presetID":29,"pivotY":7,"pivotX":4,"name":"V","height":14},"compId":4488,"child":[{"type":"Script","props":{"y":-5,"x":-3,"width":13,"presetID":30,"isSensor":true,"height":24,"runtime":"Laya.BoxCollider"},"compId":4489},{"type":"Script","props":{"type":"static","presetID":31,"gravityScale":0,"runtime":"Laya.RigidBody"},"compId":4490}]}]},{"type":"Sprite","props":{"y":57.5,"x":376,"width":76,"texture":"Game/UI/MakeTailor/diy_bottom_004_final/x3.png","presetID":32,"name":"Line02","height":152},"compId":2601,"child":[{"type":"Image","props":{"y":12,"x":12,"width":7,"skin":"Game/UI/MakeTailor/dotted1.png","rotation":-37,"presetID":33,"pivotY":7,"pivotX":4,"name":"V","height":14},"compId":2650,"child":[{"type":"Script","props":{"y":-5,"x":-3,"width":13,"presetID":34,"isSensor":true,"height":24,"runtime":"Laya.BoxCollider"},"compId":2651},{"type":"Script","props":{"type":"static","presetID":35,"gravityScale":0,"runtime":"Laya.RigidBody"},"compId":2652}]},{"type":"Image","props":{"y":29,"x":26,"width":7,"skin":"Game/UI/MakeTailor/dotted1.png","rotation":-37,"presetID":36,"pivotY":7,"pivotX":4,"name":"V","height":14},"compId":4491,"child":[{"type":"Script","props":{"y":-5,"x":-3,"width":13,"presetID":37,"isSensor":true,"height":24,"runtime":"Laya.BoxCollider"},"compId":4492},{"type":"Script","props":{"type":"static","presetID":38,"gravityScale":0,"runtime":"Laya.RigidBody"},"compId":4493}]},{"type":"Image","props":{"y":46,"x":38,"width":7,"skin":"Game/UI/MakeTailor/dotted1.png","rotation":-30,"presetID":39,"pivotY":7,"pivotX":4,"name":"V","height":14},"compId":4494,"child":[{"type":"Script","props":{"y":-5,"x":-3,"width":13,"presetID":40,"isSensor":true,"height":24,"runtime":"Laya.BoxCollider"},"compId":4495},{"type":"Script","props":{"type":"static","presetID":41,"gravityScale":0,"runtime":"Laya.RigidBody"},"compId":4496}]},{"type":"Image","props":{"y":64,"x":48,"width":7,"skin":"Game/UI/MakeTailor/dotted1.png","rotation":-25,"presetID":42,"pivotY":7,"pivotX":4,"name":"V","height":14},"compId":4497,"child":[{"type":"Script","props":{"y":-5,"x":-3,"width":13,"presetID":43,"isSensor":true,"height":24,"runtime":"Laya.BoxCollider"},"compId":4498},{"type":"Script","props":{"type":"static","presetID":44,"gravityScale":0,"runtime":"Laya.RigidBody"},"compId":4499}]},{"type":"Image","props":{"y":85,"x":56,"width":7,"skin":"Game/UI/MakeTailor/dotted1.png","rotation":-16,"presetID":45,"pivotY":7,"pivotX":4,"name":"V","height":14},"compId":4500,"child":[{"type":"Script","props":{"y":-5,"x":-3,"width":13,"presetID":46,"isSensor":true,"height":24,"runtime":"Laya.BoxCollider"},"compId":4501},{"type":"Script","props":{"type":"static","presetID":47,"gravityScale":0,"runtime":"Laya.RigidBody"},"compId":4502}]},{"type":"Image","props":{"y":105,"x":62,"width":7,"skin":"Game/UI/MakeTailor/dotted1.png","rotation":-16,"presetID":48,"pivotY":7,"pivotX":4,"name":"V","height":14},"compId":4503,"child":[{"type":"Script","props":{"y":-5,"x":-3,"width":13,"presetID":49,"isSensor":true,"height":24,"runtime":"Laya.BoxCollider"},"compId":4504},{"type":"Script","props":{"type":"static","presetID":50,"gravityScale":0,"runtime":"Laya.RigidBody"},"compId":4505}]},{"type":"Image","props":{"y":124,"x":68,"width":7,"skin":"Game/UI/MakeTailor/dotted1.png","rotation":-16,"presetID":51,"pivotY":7,"pivotX":4,"name":"V","height":14},"compId":4506,"child":[{"type":"Script","props":{"y":-5,"x":-3,"width":13,"presetID":52,"isSensor":true,"height":24,"runtime":"Laya.BoxCollider"},"compId":4507},{"type":"Script","props":{"type":"static","presetID":53,"gravityScale":0,"runtime":"Laya.RigidBody"},"compId":4508}]},{"type":"Image","props":{"y":142,"x":74,"width":7,"skin":"Game/UI/MakeTailor/dotted1.png","rotation":-16,"presetID":54,"pivotY":7,"pivotX":4,"name":"V","height":14},"compId":4509,"child":[{"type":"Script","props":{"y":-5,"x":-3,"width":13,"presetID":55,"isSensor":true,"height":24,"runtime":"Laya.BoxCollider"},"compId":4510},{"type":"Script","props":{"type":"static","presetID":56,"gravityScale":0,"runtime":"Laya.RigidBody"},"compId":4511}]}]},{"type":"Sprite","props":{"y":300,"x":86,"width":365,"texture":"Game/UI/MakeTailor/diy_bottom_004_final/x2.png","presetID":57,"name":"Line03","height":283},"compId":2653,"child":[{"type":"Image","props":{"y":17,"x":6,"width":7,"skin":"Game/UI/MakeTailor/dotted1.png","rotation":0,"presetID":58,"pivotY":7,"pivotX":4,"name":"V","height":14},"compId":2744,"child":[{"type":"Script","props":{"y":-4,"x":-3,"width":13,"presetID":59,"isSensor":true,"height":24,"runtime":"Laya.BoxCollider"},"compId":2745},{"type":"Script","props":{"y":1,"x":0,"type":"static","presetID":60,"gravityScale":0,"runtime":"Laya.RigidBody"},"compId":2746}]},{"type":"Image","props":{"y":36,"x":6,"width":7,"skin":"Game/UI/MakeTailor/dotted1.png","rotation":0,"presetID":61,"pivotY":7,"pivotX":4,"name":"V","height":14},"compId":4512,"child":[{"type":"Script","props":{"y":-4,"x":-3,"width":13,"presetID":62,"isSensor":true,"height":24,"runtime":"Laya.BoxCollider"},"compId":4513},{"type":"Script","props":{"y":1,"x":0,"type":"static","presetID":63,"gravityScale":0,"runtime":"Laya.RigidBody"},"compId":4514}]},{"type":"Image","props":{"y":56,"x":7,"width":7,"skin":"Game/UI/MakeTailor/dotted1.png","rotation":-3,"presetID":64,"pivotY":7,"pivotX":4,"name":"V","height":14},"compId":4515,"child":[{"type":"Script","props":{"y":-4,"x":-3,"width":13,"presetID":65,"isSensor":true,"height":24,"runtime":"Laya.BoxCollider"},"compId":4516},{"type":"Script","props":{"y":1,"x":0,"type":"static","presetID":66,"gravityScale":0,"runtime":"Laya.RigidBody"},"compId":4517}]},{"type":"Image","props":{"y":75,"x":8,"width":7,"skin":"Game/UI/MakeTailor/dotted1.png","rotation":-3,"presetID":67,"pivotY":7,"pivotX":4,"name":"V","height":14},"compId":4518,"child":[{"type":"Script","props":{"y":-4,"x":-3,"width":13,"presetID":68,"isSensor":true,"height":24,"runtime":"Laya.BoxCollider"},"compId":4519},{"type":"Script","props":{"y":1,"x":0,"type":"static","presetID":69,"gravityScale":0,"runtime":"Laya.RigidBody"},"compId":4520}]},{"type":"Image","props":{"y":96,"x":9,"width":7,"skin":"Game/UI/MakeTailor/dotted1.png","rotation":-3,"presetID":70,"pivotY":7,"pivotX":4,"name":"V","height":14},"compId":4521,"child":[{"type":"Script","props":{"y":-4,"x":-3,"width":13,"presetID":71,"isSensor":true,"height":24,"runtime":"Laya.BoxCollider"},"compId":4522},{"type":"Script","props":{"y":1,"x":0,"type":"static","presetID":72,"gravityScale":0,"runtime":"Laya.RigidBody"},"compId":4523}]},{"type":"Image","props":{"y":116,"x":10,"width":7,"skin":"Game/UI/MakeTailor/dotted1.png","rotation":-3,"presetID":73,"pivotY":7,"pivotX":4,"name":"V","height":14},"compId":4524,"child":[{"type":"Script","props":{"y":-4,"x":-3,"width":13,"presetID":74,"isSensor":true,"height":24,"runtime":"Laya.BoxCollider"},"compId":4525},{"type":"Script","props":{"y":1,"x":0,"type":"static","presetID":75,"gravityScale":0,"runtime":"Laya.RigidBody"},"compId":4526}]},{"type":"Image","props":{"y":136,"x":11,"width":7,"skin":"Game/UI/MakeTailor/dotted1.png","rotation":-3,"presetID":76,"pivotY":7,"pivotX":4,"name":"V","height":14},"compId":4527,"child":[{"type":"Script","props":{"y":-4,"x":-3,"width":13,"presetID":77,"isSensor":true,"height":24,"runtime":"Laya.BoxCollider"},"compId":4528},{"type":"Script","props":{"y":1,"x":0,"type":"static","presetID":78,"gravityScale":0,"runtime":"Laya.RigidBody"},"compId":4529}]},{"type":"Image","props":{"y":156,"x":12,"width":7,"skin":"Game/UI/MakeTailor/dotted1.png","rotation":-3,"presetID":79,"pivotY":7,"pivotX":4,"name":"V","height":14},"compId":4530,"child":[{"type":"Script","props":{"y":-4,"x":-3,"width":13,"presetID":80,"isSensor":true,"height":24,"runtime":"Laya.BoxCollider"},"compId":4531},{"type":"Script","props":{"y":1,"x":0,"type":"static","presetID":81,"gravityScale":0,"runtime":"Laya.RigidBody"},"compId":4532}]},{"type":"Image","props":{"y":175,"x":13,"width":7,"skin":"Game/UI/MakeTailor/dotted1.png","rotation":-3,"presetID":82,"pivotY":7,"pivotX":4,"name":"V","height":14},"compId":4533,"child":[{"type":"Script","props":{"y":-4,"x":-3,"width":13,"presetID":83,"isSensor":true,"height":24,"runtime":"Laya.BoxCollider"},"compId":4534},{"type":"Script","props":{"y":1,"x":0,"type":"static","presetID":84,"gravityScale":0,"runtime":"Laya.RigidBody"},"compId":4535}]},{"type":"Image","props":{"y":196,"x":14,"width":7,"skin":"Game/UI/MakeTailor/dotted1.png","rotation":-3,"presetID":85,"pivotY":7,"pivotX":4,"name":"V","height":14},"compId":4536,"child":[{"type":"Script","props":{"y":-4,"x":-3,"width":13,"presetID":86,"isSensor":true,"height":24,"runtime":"Laya.BoxCollider"},"compId":4537},{"type":"Script","props":{"y":1,"x":0,"type":"static","presetID":87,"gravityScale":0,"runtime":"Laya.RigidBody"},"compId":4538}]},{"type":"Image","props":{"y":215,"x":15,"width":7,"skin":"Game/UI/MakeTailor/dotted1.png","rotation":-3,"presetID":88,"pivotY":7,"pivotX":4,"name":"V","height":14},"compId":4539,"child":[{"type":"Script","props":{"y":-4,"x":-3,"width":13,"presetID":89,"isSensor":true,"height":24,"runtime":"Laya.BoxCollider"},"compId":4540},{"type":"Script","props":{"y":1,"x":0,"type":"static","presetID":90,"gravityScale":0,"runtime":"Laya.RigidBody"},"compId":4541}]},{"type":"Image","props":{"y":233,"x":16,"width":7,"skin":"Game/UI/MakeTailor/dotted1.png","rotation":-3,"presetID":91,"pivotY":7,"pivotX":4,"name":"V","height":14},"compId":4542,"child":[{"type":"Script","props":{"y":-4,"x":-3,"width":13,"presetID":92,"isSensor":true,"height":24,"runtime":"Laya.BoxCollider"},"compId":4543},{"type":"Script","props":{"y":1,"x":0,"type":"static","presetID":93,"gravityScale":0,"runtime":"Laya.RigidBody"},"compId":4544}]},{"type":"Image","props":{"y":255,"x":25,"width":7,"skin":"Game/UI/MakeTailor/dotted1.png","rotation":117,"presetID":94,"pivotY":7,"pivotX":4,"name":"A","height":14},"compId":4545,"child":[{"type":"Script","props":{"y":-4,"x":-3,"width":13,"presetID":95,"isSensor":true,"height":24,"runtime":"Laya.BoxCollider"},"compId":4546},{"type":"Script","props":{"y":1,"x":0,"type":"static","presetID":96,"gravityScale":0,"runtime":"Laya.RigidBody"},"compId":4547}]},{"type":"Image","props":{"y":263,"x":45,"width":7,"skin":"Game/UI/MakeTailor/dotted1.png","rotation":105,"presetID":97,"pivotY":7,"pivotX":4,"name":"A","height":14},"compId":4548,"child":[{"type":"Script","props":{"y":-4,"x":-3,"width":13,"presetID":98,"isSensor":true,"height":24,"runtime":"Laya.BoxCollider"},"compId":4549},{"type":"Script","props":{"y":1,"x":0,"type":"static","presetID":99,"gravityScale":0,"runtime":"Laya.RigidBody"},"compId":4550}]},{"type":"Image","props":{"y":268,"x":66,"width":7,"skin":"Game/UI/MakeTailor/dotted1.png","rotation":100,"presetID":100,"pivotY":7,"pivotX":4,"name":"A","height":14},"compId":4551,"child":[{"type":"Script","props":{"y":-4,"x":-3,"width":13,"presetID":101,"isSensor":true,"height":24,"runtime":"Laya.BoxCollider"},"compId":4552},{"type":"Script","props":{"y":1,"x":0,"type":"static","presetID":102,"gravityScale":0,"runtime":"Laya.RigidBody"},"compId":4553}]},{"type":"Image","props":{"y":271,"x":87,"width":7,"skin":"Game/UI/MakeTailor/dotted1.png","rotation":96,"presetID":103,"pivotY":7,"pivotX":4,"name":"A","height":14},"compId":4554,"child":[{"type":"Script","props":{"y":-4,"x":-3,"width":13,"presetID":104,"isSensor":true,"height":24,"runtime":"Laya.BoxCollider"},"compId":4555},{"type":"Script","props":{"y":1,"x":0,"type":"static","presetID":105,"gravityScale":0,"runtime":"Laya.RigidBody"},"compId":4556}]},{"type":"Image","props":{"y":273,"x":108,"width":7,"skin":"Game/UI/MakeTailor/dotted1.png","rotation":92,"presetID":106,"pivotY":7,"pivotX":4,"name":"A","height":14},"compId":4557,"child":[{"type":"Script","props":{"y":-4,"x":-3,"width":13,"presetID":107,"isSensor":true,"height":24,"runtime":"Laya.BoxCollider"},"compId":4558},{"type":"Script","props":{"y":1,"x":0,"type":"static","presetID":108,"gravityScale":0,"runtime":"Laya.RigidBody"},"compId":4559}]},{"type":"Image","props":{"y":274,"x":129,"width":7,"skin":"Game/UI/MakeTailor/dotted1.png","rotation":92,"presetID":109,"pivotY":7,"pivotX":4,"name":"A","height":14},"compId":4560,"child":[{"type":"Script","props":{"y":-4,"x":-3,"width":13,"presetID":110,"isSensor":true,"height":24,"runtime":"Laya.BoxCollider"},"compId":4561},{"type":"Script","props":{"y":1,"x":0,"type":"static","presetID":111,"gravityScale":0,"runtime":"Laya.RigidBody"},"compId":4562}]},{"type":"Image","props":{"y":275,"x":150,"width":7,"skin":"Game/UI/MakeTailor/dotted1.png","rotation":92,"presetID":112,"pivotY":7,"pivotX":4,"name":"A","height":14},"compId":4563,"child":[{"type":"Script","props":{"y":-4,"x":-3,"width":13,"presetID":113,"isSensor":true,"height":24,"runtime":"Laya.BoxCollider"},"compId":4564},{"type":"Script","props":{"y":1,"x":0,"type":"static","presetID":114,"gravityScale":0,"runtime":"Laya.RigidBody"},"compId":4565}]},{"type":"Image","props":{"y":275,"x":171,"width":7,"skin":"Game/UI/MakeTailor/dotted1.png","rotation":91,"presetID":115,"pivotY":7,"pivotX":4,"name":"A","height":14},"compId":4566,"child":[{"type":"Script","props":{"y":-4,"x":-3,"width":13,"presetID":116,"isSensor":true,"height":24,"runtime":"Laya.BoxCollider"},"compId":4567},{"type":"Script","props":{"y":1,"x":0,"type":"static","presetID":117,"gravityScale":0,"runtime":"Laya.RigidBody"},"compId":4568}]},{"type":"Image","props":{"y":275,"x":191,"width":7,"skin":"Game/UI/MakeTailor/dotted1.png","rotation":90,"presetID":118,"pivotY":7,"pivotX":4,"name":"A","height":14},"compId":4569,"child":[{"type":"Script","props":{"y":-4,"x":-3,"width":13,"presetID":119,"isSensor":true,"height":24,"runtime":"Laya.BoxCollider"},"compId":4570},{"type":"Script","props":{"y":1,"x":0,"type":"static","presetID":120,"gravityScale":0,"runtime":"Laya.RigidBody"},"compId":4571}]},{"type":"Image","props":{"y":275,"x":212,"width":7,"skin":"Game/UI/MakeTailor/dotted1.png","rotation":90,"presetID":121,"pivotY":7,"pivotX":4,"name":"A","height":14},"compId":4572,"child":[{"type":"Script","props":{"y":-4,"x":-3,"width":13,"presetID":122,"isSensor":true,"height":24,"runtime":"Laya.BoxCollider"},"compId":4573},{"type":"Script","props":{"y":1,"x":0,"type":"static","presetID":123,"gravityScale":0,"runtime":"Laya.RigidBody"},"compId":4574}]},{"type":"Image","props":{"y":275,"x":233,"width":7,"skin":"Game/UI/MakeTailor/dotted1.png","rotation":89,"presetID":124,"pivotY":7,"pivotX":4,"name":"A","height":14},"compId":4575,"child":[{"type":"Script","props":{"y":-4,"x":-3,"width":13,"presetID":125,"isSensor":true,"height":24,"runtime":"Laya.BoxCollider"},"compId":4576},{"type":"Script","props":{"y":1,"x":0,"type":"static","presetID":126,"gravityScale":0,"runtime":"Laya.RigidBody"},"compId":4577}]},{"type":"Image","props":{"y":275,"x":254,"width":7,"skin":"Game/UI/MakeTailor/dotted1.png","rotation":87,"presetID":127,"pivotY":7,"pivotX":4,"name":"A","height":14},"compId":4578,"child":[{"type":"Script","props":{"y":-4,"x":-3,"width":13,"presetID":128,"isSensor":true,"height":24,"runtime":"Laya.BoxCollider"},"compId":4579},{"type":"Script","props":{"y":1,"x":0,"type":"static","presetID":129,"gravityScale":0,"runtime":"Laya.RigidBody"},"compId":4580}]},{"type":"Image","props":{"y":273,"x":275,"width":7,"skin":"Game/UI/MakeTailor/dotted1.png","rotation":84,"presetID":130,"pivotY":7,"pivotX":4,"name":"A","height":14},"compId":4581,"child":[{"type":"Script","props":{"y":-4,"x":-3,"width":13,"presetID":131,"isSensor":true,"height":24,"runtime":"Laya.BoxCollider"},"compId":4582},{"type":"Script","props":{"y":1,"x":0,"type":"static","presetID":132,"gravityScale":0,"runtime":"Laya.RigidBody"},"compId":4583}]},{"type":"Image","props":{"y":270,"x":296,"width":7,"skin":"Game/UI/MakeTailor/dotted1.png","rotation":79,"presetID":133,"pivotY":7,"pivotX":4,"name":"A","height":14},"compId":4584,"child":[{"type":"Script","props":{"y":-4,"x":-3,"width":13,"presetID":134,"isSensor":true,"height":24,"runtime":"Laya.BoxCollider"},"compId":4585},{"type":"Script","props":{"y":1,"x":0,"type":"static","presetID":135,"gravityScale":0,"runtime":"Laya.RigidBody"},"compId":4586}]},{"type":"Image","props":{"y":265,"x":317,"width":7,"skin":"Game/UI/MakeTailor/dotted1.png","rotation":77,"presetID":136,"pivotY":7,"pivotX":4,"name":"A","height":14},"compId":4587,"child":[{"type":"Script","props":{"y":-4,"x":-3,"width":13,"presetID":137,"isSensor":true,"height":24,"runtime":"Laya.BoxCollider"},"compId":4588},{"type":"Script","props":{"y":1,"x":0,"type":"static","presetID":138,"gravityScale":0,"runtime":"Laya.RigidBody"},"compId":4589}]},{"type":"Image","props":{"y":260,"x":337,"width":7,"skin":"Game/UI/MakeTailor/dotted1.png","rotation":77,"presetID":139,"pivotY":7,"pivotX":4,"name":"A","height":14},"compId":4590,"child":[{"type":"Script","props":{"y":-4,"x":-3,"width":13,"presetID":140,"isSensor":true,"height":24,"runtime":"Laya.BoxCollider"},"compId":4591},{"type":"Script","props":{"y":1,"x":0,"type":"static","presetID":141,"gravityScale":0,"runtime":"Laya.RigidBody"},"compId":4592}]},{"type":"Image","props":{"y":246,"x":347,"width":7,"skin":"Game/UI/MakeTailor/dotted1.png","rotation":10,"presetID":142,"pivotY":7,"pivotX":4,"name":"V","height":14},"compId":4593,"child":[{"type":"Script","props":{"y":-4,"x":-3,"width":13,"presetID":143,"isSensor":true,"height":24,"runtime":"Laya.BoxCollider"},"compId":4594},{"type":"Script","props":{"y":1,"x":0,"type":"static","presetID":144,"gravityScale":0,"runtime":"Laya.RigidBody"},"compId":4595}]},{"type":"Image","props":{"y":225,"x":350,"width":7,"skin":"Game/UI/MakeTailor/dotted1.png","rotation":6,"presetID":145,"pivotY":7,"pivotX":4,"name":"V","height":14},"compId":4596,"child":[{"type":"Script","props":{"y":-4,"x":-3,"width":13,"presetID":146,"isSensor":true,"height":24,"runtime":"Laya.BoxCollider"},"compId":4597},{"type":"Script","props":{"y":1,"x":0,"type":"static","presetID":147,"gravityScale":0,"runtime":"Laya.RigidBody"},"compId":4598}]},{"type":"Image","props":{"y":204,"x":352,"width":7,"skin":"Game/UI/MakeTailor/dotted1.png","rotation":4,"presetID":148,"pivotY":7,"pivotX":4,"name":"V","height":14},"compId":4599,"child":[{"type":"Script","props":{"y":-4,"x":-3,"width":13,"presetID":149,"isSensor":true,"height":24,"runtime":"Laya.BoxCollider"},"compId":4600},{"type":"Script","props":{"y":1,"x":0,"type":"static","presetID":150,"gravityScale":0,"runtime":"Laya.RigidBody"},"compId":4601}]},{"type":"Image","props":{"y":183,"x":353,"width":7,"skin":"Game/UI/MakeTailor/dotted1.png","rotation":4,"presetID":151,"pivotY":7,"pivotX":4,"name":"V","height":14},"compId":4602,"child":[{"type":"Script","props":{"y":-4,"x":-3,"width":13,"presetID":152,"isSensor":true,"height":24,"runtime":"Laya.BoxCollider"},"compId":4603},{"type":"Script","props":{"y":1,"x":0,"type":"static","presetID":153,"gravityScale":0,"runtime":"Laya.RigidBody"},"compId":4604}]},{"type":"Image","props":{"y":162,"x":354,"width":7,"skin":"Game/UI/MakeTailor/dotted1.png","rotation":4,"presetID":154,"pivotY":7,"pivotX":4,"name":"V","height":14},"compId":4605,"child":[{"type":"Script","props":{"y":-4,"x":-3,"width":13,"presetID":155,"isSensor":true,"height":24,"runtime":"Laya.BoxCollider"},"compId":4606},{"type":"Script","props":{"y":1,"x":0,"type":"static","presetID":156,"gravityScale":0,"runtime":"Laya.RigidBody"},"compId":4607}]},{"type":"Image","props":{"y":141,"x":355,"width":7,"skin":"Game/UI/MakeTailor/dotted1.png","rotation":4,"presetID":157,"pivotY":7,"pivotX":4,"name":"V","height":14},"compId":4608,"child":[{"type":"Script","props":{"y":-4,"x":-3,"width":13,"presetID":158,"isSensor":true,"height":24,"runtime":"Laya.BoxCollider"},"compId":4609},{"type":"Script","props":{"y":1,"x":0,"type":"static","presetID":159,"gravityScale":0,"runtime":"Laya.RigidBody"},"compId":4610}]},{"type":"Image","props":{"y":120,"x":356,"width":7,"skin":"Game/UI/MakeTailor/dotted1.png","rotation":4,"presetID":160,"pivotY":7,"pivotX":4,"name":"V","height":14},"compId":4611,"child":[{"type":"Script","props":{"y":-4,"x":-3,"width":13,"presetID":161,"isSensor":true,"height":24,"runtime":"Laya.BoxCollider"},"compId":4612},{"type":"Script","props":{"y":1,"x":0,"type":"static","presetID":162,"gravityScale":0,"runtime":"Laya.RigidBody"},"compId":4613}]},{"type":"Image","props":{"y":99,"x":357,"width":7,"skin":"Game/UI/MakeTailor/dotted1.png","rotation":4,"presetID":163,"pivotY":7,"pivotX":4,"name":"V","height":14},"compId":4614,"child":[{"type":"Script","props":{"y":-4,"x":-3,"width":13,"presetID":164,"isSensor":true,"height":24,"runtime":"Laya.BoxCollider"},"compId":4615},{"type":"Script","props":{"y":1,"x":0,"type":"static","presetID":165,"gravityScale":0,"runtime":"Laya.RigidBody"},"compId":4616}]},{"type":"Image","props":{"y":78,"x":358,"width":7,"skin":"Game/UI/MakeTailor/dotted1.png","rotation":4,"presetID":166,"pivotY":7,"pivotX":4,"name":"V","height":14},"compId":4617,"child":[{"type":"Script","props":{"y":-4,"x":-3,"width":13,"presetID":167,"isSensor":true,"height":24,"runtime":"Laya.BoxCollider"},"compId":4618},{"type":"Script","props":{"y":1,"x":0,"type":"static","presetID":168,"gravityScale":0,"runtime":"Laya.RigidBody"},"compId":4619}]},{"type":"Image","props":{"y":56,"x":360,"width":7,"skin":"Game/UI/MakeTailor/dotted1.png","rotation":4,"presetID":169,"pivotY":7,"pivotX":4,"name":"V","height":14},"compId":4620,"child":[{"type":"Script","props":{"y":-4,"x":-3,"width":13,"presetID":170,"isSensor":true,"height":24,"runtime":"Laya.BoxCollider"},"compId":4621},{"type":"Script","props":{"y":1,"x":0,"type":"static","presetID":171,"gravityScale":0,"runtime":"Laya.RigidBody"},"compId":4622}]},{"type":"Image","props":{"y":35,"x":361,"width":7,"skin":"Game/UI/MakeTailor/dotted1.png","rotation":4,"presetID":172,"pivotY":7,"pivotX":4,"name":"V","height":14},"compId":4623,"child":[{"type":"Script","props":{"y":-4,"x":-3,"width":13,"presetID":173,"isSensor":true,"height":24,"runtime":"Laya.BoxCollider"},"compId":4624},{"type":"Script","props":{"y":1,"x":0,"type":"static","presetID":174,"gravityScale":0,"runtime":"Laya.RigidBody"},"compId":4625}]},{"type":"Image","props":{"y":16,"x":362,"width":7,"skin":"Game/UI/MakeTailor/dotted1.png","rotation":4,"presetID":175,"pivotY":7,"pivotX":4,"name":"V","height":14},"compId":4626,"child":[{"type":"Script","props":{"y":-4,"x":-3,"width":13,"presetID":176,"isSensor":true,"height":24,"runtime":"Laya.BoxCollider"},"compId":4627},{"type":"Script","props":{"y":1,"x":0,"type":"static","presetID":177,"gravityScale":0,"runtime":"Laya.RigidBody"},"compId":4628}]},{"type":"Image","props":{"y":4,"x":17,"width":7,"skin":"Game/UI/MakeTailor/dotted1.png","rotation":85,"presetID":178,"pivotY":7,"pivotX":4,"name":"A","height":14},"compId":4677,"child":[{"type":"Script","props":{"y":-4,"x":-3,"width":13,"presetID":179,"isSensor":true,"height":24,"runtime":"Laya.BoxCollider"},"compId":4678},{"type":"Script","props":{"y":1,"x":0,"type":"static","presetID":180,"gravityScale":0,"runtime":"Laya.RigidBody"},"compId":4679}]},{"type":"Image","props":{"y":2,"x":38,"width":7,"skin":"Game/UI/MakeTailor/dotted1.png","rotation":84,"presetID":181,"pivotY":7,"pivotX":4,"name":"A","height":14},"compId":4683,"child":[{"type":"Script","props":{"y":-4,"x":-3,"width":13,"presetID":182,"isSensor":true,"height":24,"runtime":"Laya.BoxCollider"},"compId":4684},{"type":"Script","props":{"y":1,"x":0,"type":"static","presetID":183,"gravityScale":0,"runtime":"Laya.RigidBody"},"compId":4685}]},{"type":"Image","props":{"y":0,"x":59,"width":7,"skin":"Game/UI/MakeTailor/dotted1.png","rotation":85,"presetID":184,"pivotY":7,"pivotX":4,"name":"A","height":14},"compId":4686,"child":[{"type":"Script","props":{"y":-4,"x":-3,"width":13,"presetID":185,"isSensor":true,"height":24,"runtime":"Laya.BoxCollider"},"compId":4687},{"type":"Script","props":{"y":1,"x":0,"type":"static","presetID":186,"gravityScale":0,"runtime":"Laya.RigidBody"},"compId":4688}]},{"type":"Image","props":{"y":-1,"x":81,"width":7,"skin":"Game/UI/MakeTailor/dotted1.png","rotation":90,"presetID":187,"pivotY":7,"pivotX":4,"name":"A","height":14},"compId":4689,"child":[{"type":"Script","props":{"y":-4,"x":-3,"width":13,"presetID":188,"isSensor":true,"height":24,"runtime":"Laya.BoxCollider"},"compId":4690},{"type":"Script","props":{"y":1,"x":0,"type":"static","presetID":189,"gravityScale":0,"runtime":"Laya.RigidBody"},"compId":4691}]},{"type":"Image","props":{"y":-1,"x":103,"width":7,"skin":"Game/UI/MakeTailor/dotted1.png","rotation":90,"presetID":190,"pivotY":7,"pivotX":4,"name":"A","height":14},"compId":4692,"child":[{"type":"Script","props":{"y":-4,"x":-3,"width":13,"presetID":191,"isSensor":true,"height":24,"runtime":"Laya.BoxCollider"},"compId":4693},{"type":"Script","props":{"y":1,"x":0,"type":"static","presetID":192,"gravityScale":0,"runtime":"Laya.RigidBody"},"compId":4694}]},{"type":"Image","props":{"y":-1,"x":125,"width":7,"skin":"Game/UI/MakeTailor/dotted1.png","rotation":90,"presetID":193,"pivotY":7,"pivotX":4,"name":"A","height":14},"compId":4695,"child":[{"type":"Script","props":{"y":-4,"x":-3,"width":13,"presetID":194,"isSensor":true,"height":24,"runtime":"Laya.BoxCollider"},"compId":4696},{"type":"Script","props":{"y":1,"x":0,"type":"static","presetID":195,"gravityScale":0,"runtime":"Laya.RigidBody"},"compId":4697}]},{"type":"Image","props":{"y":-1,"x":146,"width":7,"skin":"Game/UI/MakeTailor/dotted1.png","rotation":90,"presetID":196,"pivotY":7,"pivotX":4,"name":"A","height":14},"compId":4698,"child":[{"type":"Script","props":{"y":-4,"x":-3,"width":13,"presetID":197,"isSensor":true,"height":24,"runtime":"Laya.BoxCollider"},"compId":4699},{"type":"Script","props":{"y":1,"x":0,"type":"static","presetID":198,"gravityScale":0,"runtime":"Laya.RigidBody"},"compId":4700}]},{"type":"Image","props":{"y":-1,"x":167,"width":7,"skin":"Game/UI/MakeTailor/dotted1.png","rotation":90,"presetID":199,"pivotY":7,"pivotX":4,"name":"A","height":14},"compId":4701,"child":[{"type":"Script","props":{"y":-4,"x":-3,"width":13,"presetID":200,"isSensor":true,"height":24,"runtime":"Laya.BoxCollider"},"compId":4702},{"type":"Script","props":{"y":1,"x":0,"type":"static","presetID":201,"gravityScale":0,"runtime":"Laya.RigidBody"},"compId":4703}]},{"type":"Image","props":{"y":-1,"x":188,"width":7,"skin":"Game/UI/MakeTailor/dotted1.png","rotation":90,"presetID":202,"pivotY":7,"pivotX":4,"name":"A","height":14},"compId":4704,"child":[{"type":"Script","props":{"y":-4,"x":-3,"width":13,"presetID":203,"isSensor":true,"height":24,"runtime":"Laya.BoxCollider"},"compId":4705},{"type":"Script","props":{"y":1,"x":0,"type":"static","presetID":204,"gravityScale":0,"runtime":"Laya.RigidBody"},"compId":4706}]},{"type":"Image","props":{"y":-1,"x":209,"width":7,"skin":"Game/UI/MakeTailor/dotted1.png","rotation":90,"presetID":205,"pivotY":7,"pivotX":4,"name":"A","height":14},"compId":4707,"child":[{"type":"Script","props":{"y":-4,"x":-3,"width":13,"presetID":206,"isSensor":true,"height":24,"runtime":"Laya.BoxCollider"},"compId":4708},{"type":"Script","props":{"y":1,"x":0,"type":"static","presetID":207,"gravityScale":0,"runtime":"Laya.RigidBody"},"compId":4709}]},{"type":"Image","props":{"y":-1,"x":230,"width":7,"skin":"Game/UI/MakeTailor/dotted1.png","rotation":90,"presetID":208,"pivotY":7,"pivotX":4,"name":"A","height":14},"compId":4710,"child":[{"type":"Script","props":{"y":-4,"x":-3,"width":13,"presetID":209,"isSensor":true,"height":24,"runtime":"Laya.BoxCollider"},"compId":4711},{"type":"Script","props":{"y":1,"x":0,"type":"static","presetID":210,"gravityScale":0,"runtime":"Laya.RigidBody"},"compId":4712}]},{"type":"Image","props":{"y":-1,"x":251,"width":7,"skin":"Game/UI/MakeTailor/dotted1.png","rotation":90,"presetID":211,"pivotY":7,"pivotX":4,"name":"A","height":14},"compId":4713,"child":[{"type":"Script","props":{"y":-4,"x":-3,"width":13,"presetID":212,"isSensor":true,"height":24,"runtime":"Laya.BoxCollider"},"compId":4714},{"type":"Script","props":{"y":1,"x":0,"type":"static","presetID":213,"gravityScale":0,"runtime":"Laya.RigidBody"},"compId":4715}]},{"type":"Image","props":{"y":-1,"x":272,"width":7,"skin":"Game/UI/MakeTailor/dotted1.png","rotation":90,"presetID":214,"pivotY":7,"pivotX":4,"name":"A","height":14},"compId":4716,"child":[{"type":"Script","props":{"y":-4,"x":-3,"width":13,"presetID":215,"isSensor":true,"height":24,"runtime":"Laya.BoxCollider"},"compId":4717},{"type":"Script","props":{"y":1,"x":0,"type":"static","presetID":216,"gravityScale":0,"runtime":"Laya.RigidBody"},"compId":4718}]},{"type":"Image","props":{"y":-1,"x":293,"width":7,"skin":"Game/UI/MakeTailor/dotted1.png","rotation":90,"presetID":217,"pivotY":7,"pivotX":4,"name":"A","height":14},"compId":4719,"child":[{"type":"Script","props":{"y":-4,"x":-3,"width":13,"presetID":218,"isSensor":true,"height":24,"runtime":"Laya.BoxCollider"},"compId":4720},{"type":"Script","props":{"y":1,"x":0,"type":"static","presetID":219,"gravityScale":0,"runtime":"Laya.RigidBody"},"compId":4721}]},{"type":"Image","props":{"y":0,"x":314,"width":7,"skin":"Game/UI/MakeTailor/dotted1.png","rotation":93,"presetID":220,"pivotY":7,"pivotX":4,"name":"A","height":14},"compId":4722,"child":[{"type":"Script","props":{"y":-4,"x":-3,"width":13,"presetID":221,"isSensor":true,"height":24,"runtime":"Laya.BoxCollider"},"compId":4723},{"type":"Script","props":{"y":1,"x":0,"type":"static","presetID":222,"gravityScale":0,"runtime":"Laya.RigidBody"},"compId":4724}]},{"type":"Image","props":{"y":2,"x":335,"width":7,"skin":"Game/UI/MakeTailor/dotted1.png","rotation":94,"presetID":223,"pivotY":7,"pivotX":4,"name":"A","height":14},"compId":4725,"child":[{"type":"Script","props":{"y":-4,"x":-3,"width":13,"presetID":224,"isSensor":true,"height":24,"runtime":"Laya.BoxCollider"},"compId":4726},{"type":"Script","props":{"y":1,"x":0,"type":"static","presetID":225,"gravityScale":0,"runtime":"Laya.RigidBody"},"compId":4727}]},{"type":"Image","props":{"y":4,"x":356,"width":7,"skin":"Game/UI/MakeTailor/dotted1.png","rotation":96,"presetID":226,"pivotY":7,"pivotX":4,"name":"A","height":14},"compId":4728,"child":[{"type":"Script","props":{"y":-4,"x":-3,"width":13,"presetID":227,"isSensor":true,"height":24,"runtime":"Laya.BoxCollider"},"compId":4729},{"type":"Script","props":{"y":1,"x":0,"type":"static","presetID":228,"gravityScale":0,"runtime":"Laya.RigidBody"},"compId":4730}]}]}]}],"loadList":["Game/UI/MakeTailor/diy_bottom_004_final/s3.png","Game/UI/MakeTailor/diy_bottom_004_final/s2.png","Game/UI/MakeTailor/diy_bottom_004_final/s1.png","Game/UI/MakeTailor/diy_bottom_004_final/q1.png","Game/UI/MakeTailor/diy_bottom_004_final/x1.png","Game/UI/MakeTailor/dotted1.png","Game/UI/MakeTailor/diy_bottom_004_final/x3.png","Game/UI/MakeTailor/diy_bottom_004_final/x2.png"],"loadList3D":[]}