{"type":"Box","props":{"y":0,"x":0,"width":720,"scaleY":1,"scaleX":1,"presetID":1,"name":"diy_dress_007_final","isPresetRoot":true,"height":720,"centerY":0,"centerX":0},"compId":5575,"child":[{"type":"Sprite","props":{"y":117,"x":313,"texture":"Game/UI/MakeTailor/diy_dress_007_final/s5.png","presetID":2,"name":"Cloth01_U"},"compId":2986},{"type":"Sprite","props":{"y":138,"x":-12,"texture":"Game/UI/MakeTailor/diy_dress_007_final/s3.png","presetID":3,"name":"Cloth02_L"},"compId":2758},{"type":"Sprite","props":{"y":136,"x":460,"texture":"Game/UI/MakeTailor/diy_dress_007_final/s4.png","presetID":4,"name":"Cloth03_R"},"compId":2751},{"type":"Sprite","props":{"y":261,"x":456,"texture":"Game/UI/MakeTailor/diy_dress_007_final/s1.png","presetID":5,"name":"Cloth04_R"},"compId":2752},{"type":"Sprite","props":{"y":267,"x":234,"texture":"Game/UI/MakeTailor/diy_dress_007_final/s2.png","presetID":6,"name":"Cloth05_L"},"compId":2756},{"type":"Sprite","props":{"y":85.5,"x":218,"texture":"Game/UI/MakeTailor/diy_dress_007_final/q1.png","presetID":7,"name":"Ultimately"},"compId":2577},{"type":"Image","props":{"y":-2,"x":0,"width":512,"presetID":8,"name":"LineParent","height":725,"centerX":0},"compId":2578,"child":[{"type":"Sprite","props":{"y":134,"x":205.41536192252119,"width":129,"texture":"Game/UI/MakeTailor/diy_dress_007_final/x5 .png","presetID":9,"name":"Line01","height":104},"compId":2579,"child":[{"type":"Image","props":{"y":11,"x":4,"width":7,"skin":"Game/UI/MakeTailor/dotted1.png","rotation":-7,"presetID":10,"pivotY":7,"pivotX":4,"name":"V","height":14},"compId":2598,"child":[{"type":"Script","props":{"y":-5,"x":-3,"width":13,"presetID":11,"isSensor":true,"height":24,"runtime":"Laya.BoxCollider"},"compId":2599},{"type":"Script","props":{"type":"static","presetID":12,"gravityScale":0,"runtime":"Laya.RigidBody"},"compId":2600}]},{"type":"Image","props":{"y":31,"x":7,"width":7,"skin":"Game/UI/MakeTailor/dotted1.png","rotation":-8,"presetID":13,"pivotY":7,"pivotX":4,"name":"V","height":14},"compId":5579,"child":[{"type":"Script","props":{"y":-5,"x":-3,"width":13,"presetID":14,"isSensor":true,"height":24,"runtime":"Laya.BoxCollider"},"compId":5580},{"type":"Script","props":{"type":"static","presetID":15,"gravityScale":0,"runtime":"Laya.RigidBody"},"compId":5581}]},{"type":"Image","props":{"y":51,"x":10,"width":7,"skin":"Game/UI/MakeTailor/dotted1.png","rotation":-8,"presetID":16,"pivotY":7,"pivotX":4,"name":"V","height":14},"compId":5582,"child":[{"type":"Script","props":{"y":-5,"x":-3,"width":13,"presetID":17,"isSensor":true,"height":24,"runtime":"Laya.BoxCollider"},"compId":5583},{"type":"Script","props":{"type":"static","presetID":18,"gravityScale":0,"runtime":"Laya.RigidBody"},"compId":5584}]},{"type":"Image","props":{"y":72,"x":13,"width":7,"skin":"Game/UI/MakeTailor/dotted1.png","rotation":-8,"presetID":19,"pivotY":7,"pivotX":4,"name":"V","height":14},"compId":5585,"child":[{"type":"Script","props":{"y":-5,"x":-3,"width":13,"presetID":20,"isSensor":true,"height":24,"runtime":"Laya.BoxCollider"},"compId":5586},{"type":"Script","props":{"type":"static","presetID":21,"gravityScale":0,"runtime":"Laya.RigidBody"},"compId":5587}]},{"type":"Image","props":{"y":92,"x":16,"width":7,"skin":"Game/UI/MakeTailor/dotted1.png","rotation":-7,"presetID":22,"pivotY":7,"pivotX":4,"name":"V","height":14},"compId":5588,"child":[{"type":"Script","props":{"y":-5,"x":-3,"width":13,"presetID":23,"isSensor":true,"height":24,"runtime":"Laya.BoxCollider"},"compId":5589},{"type":"Script","props":{"type":"static","presetID":24,"gravityScale":0,"runtime":"Laya.RigidBody"},"compId":5590}]},{"type":"Image","props":{"y":101,"x":28,"width":7,"skin":"Game/UI/MakeTailor/dotted1.png","rotation":90,"presetID":25,"pivotY":7,"pivotX":4,"name":"A","height":14},"compId":5591,"child":[{"type":"Script","props":{"y":-5,"x":-3,"width":13,"presetID":26,"isSensor":true,"height":24,"runtime":"Laya.BoxCollider"},"compId":5592},{"type":"Script","props":{"type":"static","presetID":27,"gravityScale":0,"runtime":"Laya.RigidBody"},"compId":5593}]},{"type":"Image","props":{"y":101,"x":48,"width":7,"skin":"Game/UI/MakeTailor/dotted1.png","rotation":90,"presetID":28,"pivotY":7,"pivotX":4,"name":"A","height":14},"compId":5594,"child":[{"type":"Script","props":{"y":-5,"x":-3,"width":13,"presetID":29,"isSensor":true,"height":24,"runtime":"Laya.BoxCollider"},"compId":5595},{"type":"Script","props":{"type":"static","presetID":30,"gravityScale":0,"runtime":"Laya.RigidBody"},"compId":5596}]},{"type":"Image","props":{"y":101,"x":69,"width":7,"skin":"Game/UI/MakeTailor/dotted1.png","rotation":90,"presetID":31,"pivotY":7,"pivotX":4,"name":"A","height":14},"compId":5597,"child":[{"type":"Script","props":{"y":-5,"x":-3,"width":13,"presetID":32,"isSensor":true,"height":24,"runtime":"Laya.BoxCollider"},"compId":5598},{"type":"Script","props":{"type":"static","presetID":33,"gravityScale":0,"runtime":"Laya.RigidBody"},"compId":5599}]},{"type":"Image","props":{"y":101,"x":89,"width":7,"skin":"Game/UI/MakeTailor/dotted1.png","rotation":90,"presetID":34,"pivotY":7,"pivotX":4,"name":"A","height":14},"compId":5600,"child":[{"type":"Script","props":{"y":-5,"x":-3,"width":13,"presetID":35,"isSensor":true,"height":24,"runtime":"Laya.BoxCollider"},"compId":5601},{"type":"Script","props":{"type":"static","presetID":36,"gravityScale":0,"runtime":"Laya.RigidBody"},"compId":5602}]},{"type":"Image","props":{"y":101,"x":108,"width":7,"skin":"Game/UI/MakeTailor/dotted1.png","rotation":90,"presetID":37,"pivotY":7,"pivotX":4,"name":"A","height":14},"compId":5603,"child":[{"type":"Script","props":{"y":-5,"x":-3,"width":13,"presetID":38,"isSensor":true,"height":24,"runtime":"Laya.BoxCollider"},"compId":5604},{"type":"Script","props":{"type":"static","presetID":39,"gravityScale":0,"runtime":"Laya.RigidBody"},"compId":5605}]},{"type":"Image","props":{"y":85,"x":119,"width":7,"skin":"Game/UI/MakeTailor/dotted1.png","rotation":4,"presetID":40,"pivotY":7,"pivotX":4,"name":"V","height":14},"compId":5606,"child":[{"type":"Script","props":{"y":-5,"x":-3,"width":13,"presetID":41,"isSensor":true,"height":24,"runtime":"Laya.BoxCollider"},"compId":5607},{"type":"Script","props":{"type":"static","presetID":42,"gravityScale":0,"runtime":"Laya.RigidBody"},"compId":5608}]},{"type":"Image","props":{"y":64,"x":121,"width":7,"skin":"Game/UI/MakeTailor/dotted1.png","rotation":4,"presetID":43,"pivotY":7,"pivotX":4,"name":"V","height":14},"compId":5621,"child":[{"type":"Script","props":{"y":-5,"x":-3,"width":13,"presetID":44,"isSensor":true,"height":24,"runtime":"Laya.BoxCollider"},"compId":5622},{"type":"Script","props":{"type":"static","presetID":45,"gravityScale":0,"runtime":"Laya.RigidBody"},"compId":5623}]},{"type":"Image","props":{"y":43,"x":123,"width":7,"skin":"Game/UI/MakeTailor/dotted1.png","rotation":4,"presetID":46,"pivotY":7,"pivotX":4,"name":"V","height":14},"compId":5624,"child":[{"type":"Script","props":{"y":-5,"x":-3,"width":13,"presetID":47,"isSensor":true,"height":24,"runtime":"Laya.BoxCollider"},"compId":5625},{"type":"Script","props":{"type":"static","presetID":48,"gravityScale":0,"runtime":"Laya.RigidBody"},"compId":5626}]},{"type":"Image","props":{"y":24,"x":124,"width":7,"skin":"Game/UI/MakeTailor/dotted1.png","rotation":4,"presetID":49,"pivotY":7,"pivotX":4,"name":"V","height":14},"compId":5627,"child":[{"type":"Script","props":{"y":-5,"x":-3,"width":13,"presetID":50,"isSensor":true,"height":24,"runtime":"Laya.BoxCollider"},"compId":5628},{"type":"Script","props":{"type":"static","presetID":51,"gravityScale":0,"runtime":"Laya.RigidBody"},"compId":5629}]},{"type":"Image","props":{"y":9,"x":125,"width":7,"skin":"Game/UI/MakeTailor/dotted1.png","rotation":4,"presetID":52,"pivotY":7,"pivotX":4,"name":"V","height":10},"compId":5630,"child":[{"type":"Script","props":{"y":-5,"x":-3,"width":13,"presetID":53,"isSensor":true,"height":16,"runtime":"Laya.BoxCollider"},"compId":5631},{"type":"Script","props":{"type":"static","presetID":54,"gravityScale":0,"runtime":"Laya.RigidBody"},"compId":5632}]}]},{"type":"Sprite","props":{"y":139,"x":165,"texture":"Game/UI/MakeTailor/diy_dress_007_final/x3 .png","presetID":55,"name":"Line02"},"compId":2601,"child":[{"type":"Image","props":{"y":7,"x":23,"width":7,"skin":"Game/UI/MakeTailor/dotted1.png","rotation":-6,"presetID":56,"pivotY":7,"pivotX":4,"name":"V","height":14},"compId":2650,"child":[{"type":"Script","props":{"y":-5,"x":-3,"width":13,"presetID":57,"isSensor":true,"height":24,"runtime":"Laya.BoxCollider"},"compId":2651},{"type":"Script","props":{"type":"static","presetID":58,"gravityScale":0,"runtime":"Laya.RigidBody"},"compId":2652}]},{"type":"Image","props":{"y":27,"x":25,"width":7,"skin":"Game/UI/MakeTailor/dotted1.png","rotation":-2,"presetID":59,"pivotY":7,"pivotX":4,"name":"V","height":14},"compId":5633,"child":[{"type":"Script","props":{"y":-5,"x":-3,"width":13,"presetID":60,"isSensor":true,"height":24,"runtime":"Laya.BoxCollider"},"compId":5634},{"type":"Script","props":{"type":"static","presetID":61,"gravityScale":0,"runtime":"Laya.RigidBody"},"compId":5635}]},{"type":"Image","props":{"y":47,"x":25,"width":7,"skin":"Game/UI/MakeTailor/dotted1.png","rotation":0,"presetID":62,"pivotY":7,"pivotX":4,"name":"V","height":14},"compId":5636,"child":[{"type":"Script","props":{"y":-5,"x":-3,"width":13,"presetID":63,"isSensor":true,"height":24,"runtime":"Laya.BoxCollider"},"compId":5637},{"type":"Script","props":{"type":"static","presetID":64,"gravityScale":0,"runtime":"Laya.RigidBody"},"compId":5638}]},{"type":"Image","props":{"y":67,"x":24,"width":7,"skin":"Game/UI/MakeTailor/dotted1.png","rotation":4,"presetID":65,"pivotY":7,"pivotX":4,"name":"V","height":14},"compId":5639,"child":[{"type":"Script","props":{"y":-5,"x":-3,"width":13,"presetID":66,"isSensor":true,"height":24,"runtime":"Laya.BoxCollider"},"compId":5640},{"type":"Script","props":{"type":"static","presetID":67,"gravityScale":0,"runtime":"Laya.RigidBody"},"compId":5641}]},{"type":"Image","props":{"y":86,"x":20,"width":7,"skin":"Game/UI/MakeTailor/dotted1.png","rotation":21,"presetID":68,"pivotY":7,"pivotX":4,"name":"V","height":14},"compId":5642,"child":[{"type":"Script","props":{"y":-5,"x":-3,"width":13,"presetID":69,"isSensor":true,"height":24,"runtime":"Laya.BoxCollider"},"compId":5643},{"type":"Script","props":{"type":"static","presetID":70,"gravityScale":0,"runtime":"Laya.RigidBody"},"compId":5644}]},{"type":"Image","props":{"y":103,"x":12,"width":7,"skin":"Game/UI/MakeTailor/dotted1.png","rotation":30,"presetID":71,"pivotY":7,"pivotX":4,"name":"V","height":14},"compId":5645,"child":[{"type":"Script","props":{"y":-5,"x":-3,"width":13,"presetID":72,"isSensor":true,"height":24,"runtime":"Laya.BoxCollider"},"compId":5646},{"type":"Script","props":{"type":"static","presetID":73,"gravityScale":0,"runtime":"Laya.RigidBody"},"compId":5647}]},{"type":"Image","props":{"y":117,"x":3,"width":7,"skin":"Game/UI/MakeTailor/dotted1.png","rotation":41,"presetID":74,"pivotY":7,"pivotX":4,"name":"V","height":10},"compId":5648,"child":[{"type":"Script","props":{"y":-5,"x":-3,"width":13,"presetID":75,"isSensor":true,"height":15,"runtime":"Laya.BoxCollider"},"compId":5649},{"type":"Script","props":{"type":"static","presetID":76,"gravityScale":0,"runtime":"Laya.RigidBody"},"compId":5650}]}]},{"type":"Sprite","props":{"y":138,"x":350.5,"texture":"Game/UI/MakeTailor/diy_dress_007_final/x4 .png","presetID":77,"name":"Line03"},"compId":2653,"child":[{"type":"Image","props":{"y":7,"x":5,"width":7,"skin":"Game/UI/MakeTailor/dotted1.png","rotation":3,"presetID":78,"pivotY":7,"pivotX":4,"name":"V","height":14},"compId":2744,"child":[{"type":"Script","props":{"y":-4,"x":-3,"width":13,"presetID":79,"isSensor":true,"height":24,"runtime":"Laya.BoxCollider"},"compId":2745},{"type":"Script","props":{"y":1,"x":0,"type":"static","presetID":80,"gravityScale":0,"runtime":"Laya.RigidBody"},"compId":2746}]},{"type":"Image","props":{"y":25,"x":4,"width":7,"skin":"Game/UI/MakeTailor/dotted1.png","rotation":0,"presetID":81,"pivotY":7,"pivotX":4,"name":"V","height":14},"compId":5651,"child":[{"type":"Script","props":{"y":-4,"x":-3,"width":13,"presetID":82,"isSensor":true,"height":24,"runtime":"Laya.BoxCollider"},"compId":5652},{"type":"Script","props":{"y":1,"x":0,"type":"static","presetID":83,"gravityScale":0,"runtime":"Laya.RigidBody"},"compId":5653}]},{"type":"Image","props":{"y":43,"x":4,"width":7,"skin":"Game/UI/MakeTailor/dotted1.png","rotation":0,"presetID":84,"pivotY":7,"pivotX":4,"name":"V","height":14},"compId":5654,"child":[{"type":"Script","props":{"y":-4,"x":-3,"width":13,"presetID":85,"isSensor":true,"height":24,"runtime":"Laya.BoxCollider"},"compId":5655},{"type":"Script","props":{"y":1,"x":0,"type":"static","presetID":86,"gravityScale":0,"runtime":"Laya.RigidBody"},"compId":5656}]},{"type":"Image","props":{"y":63,"x":5,"width":7,"skin":"Game/UI/MakeTailor/dotted1.png","rotation":-3,"presetID":87,"pivotY":7,"pivotX":4,"name":"V","height":14},"compId":5657,"child":[{"type":"Script","props":{"y":-4,"x":-3,"width":13,"presetID":88,"isSensor":true,"height":24,"runtime":"Laya.BoxCollider"},"compId":5658},{"type":"Script","props":{"y":1,"x":0,"type":"static","presetID":89,"gravityScale":0,"runtime":"Laya.RigidBody"},"compId":5659}]},{"type":"Image","props":{"y":80,"x":7,"width":7,"skin":"Game/UI/MakeTailor/dotted1.png","rotation":-19,"presetID":90,"pivotY":7,"pivotX":4,"name":"V","height":14},"compId":5660,"child":[{"type":"Script","props":{"y":-4,"x":-3,"width":13,"presetID":91,"isSensor":true,"height":24,"runtime":"Laya.BoxCollider"},"compId":5661},{"type":"Script","props":{"y":1,"x":0,"type":"static","presetID":92,"gravityScale":0,"runtime":"Laya.RigidBody"},"compId":5662}]},{"type":"Image","props":{"y":97,"x":14,"width":7,"skin":"Game/UI/MakeTailor/dotted1.png","rotation":-30,"presetID":93,"pivotY":7,"pivotX":4,"name":"V","height":14},"compId":5663,"child":[{"type":"Script","props":{"y":-4,"x":-3,"width":13,"presetID":94,"isSensor":true,"height":24,"runtime":"Laya.BoxCollider"},"compId":5664},{"type":"Script","props":{"y":1,"x":0,"type":"static","presetID":95,"gravityScale":0,"runtime":"Laya.RigidBody"},"compId":5665}]},{"type":"Image","props":{"y":113,"x":24,"width":7,"skin":"Game/UI/MakeTailor/dotted1.png","rotation":-30,"presetID":96,"pivotY":7,"pivotX":4,"name":"V","height":10},"compId":5666,"child":[{"type":"Script","props":{"y":-4,"x":-3,"width":13,"presetID":97,"isSensor":true,"height":12,"runtime":"Laya.BoxCollider"},"compId":5667},{"type":"Script","props":{"y":1,"x":0,"type":"static","presetID":98,"gravityScale":0,"runtime":"Laya.RigidBody"},"compId":5668}]}]},{"type":"Sprite","props":{"y":255,"x":347,"texture":"Game/UI/MakeTailor/diy_dress_007_final/x1.png","presetID":99,"name":"Line04"},"compId":2754,"child":[{"type":"Image","props":{"y":8,"x":21,"width":7,"skin":"Game/UI/MakeTailor/dotted1.png","rotation":11,"presetID":100,"pivotY":7,"pivotX":4,"name":"V","height":14},"compId":2844,"child":[{"type":"Script","props":{"y":-4,"x":-3,"width":13,"presetID":101,"isSensor":true,"height":24,"runtime":"Laya.BoxCollider"},"compId":2845},{"type":"Script","props":{"y":1,"x":0,"type":"static","presetID":102,"gravityScale":0,"runtime":"Laya.RigidBody"},"compId":2846}]},{"type":"Image","props":{"y":27,"x":17,"width":7,"skin":"Game/UI/MakeTailor/dotted1.png","rotation":10,"presetID":103,"pivotY":7,"pivotX":4,"name":"V","height":14},"compId":2847,"child":[{"type":"Script","props":{"y":-4,"x":-3,"width":13,"presetID":104,"isSensor":true,"height":24,"runtime":"Laya.BoxCollider"},"compId":2848},{"type":"Script","props":{"y":1,"x":0,"type":"static","presetID":105,"gravityScale":0,"runtime":"Laya.RigidBody"},"compId":2849}]},{"type":"Image","props":{"y":49,"x":13,"width":7,"skin":"Game/UI/MakeTailor/dotted1.png","rotation":10,"presetID":106,"pivotY":7,"pivotX":4,"name":"V","height":14},"compId":2850,"child":[{"type":"Script","props":{"y":-4,"x":-3,"width":13,"presetID":107,"isSensor":true,"height":24,"runtime":"Laya.BoxCollider"},"compId":2851},{"type":"Script","props":{"y":1,"x":0,"type":"static","presetID":108,"gravityScale":0,"runtime":"Laya.RigidBody"},"compId":2852}]},{"type":"Image","props":{"y":70,"x":9,"width":7,"skin":"Game/UI/MakeTailor/dotted1.png","rotation":9,"presetID":109,"pivotY":7,"pivotX":4,"name":"V","height":14},"compId":2853,"child":[{"type":"Script","props":{"y":-4,"x":-3,"width":13,"presetID":110,"isSensor":true,"height":24,"runtime":"Laya.BoxCollider"},"compId":2854},{"type":"Script","props":{"y":1,"x":0,"type":"static","presetID":111,"gravityScale":0,"runtime":"Laya.RigidBody"},"compId":2855}]},{"type":"Image","props":{"y":89,"x":6,"width":7,"skin":"Game/UI/MakeTailor/dotted1.png","rotation":9,"presetID":112,"pivotY":7,"pivotX":4,"name":"V","height":14},"compId":5669,"child":[{"type":"Script","props":{"y":-4,"x":-3,"width":13,"presetID":113,"isSensor":true,"height":24,"runtime":"Laya.BoxCollider"},"compId":5670},{"type":"Script","props":{"y":1,"x":0,"type":"static","presetID":114,"gravityScale":0,"runtime":"Laya.RigidBody"},"compId":5671}]},{"type":"Image","props":{"y":108,"x":4,"width":7,"skin":"Game/UI/MakeTailor/dotted1.png","rotation":-2,"presetID":115,"pivotY":7,"pivotX":4,"name":"V","height":14},"compId":5672,"child":[{"type":"Script","props":{"y":-4,"x":-3,"width":13,"presetID":116,"isSensor":true,"height":24,"runtime":"Laya.BoxCollider"},"compId":5673},{"type":"Script","props":{"y":1,"x":0,"type":"static","presetID":117,"gravityScale":0,"runtime":"Laya.RigidBody"},"compId":5674}]},{"type":"Image","props":{"y":128,"x":6,"width":7,"skin":"Game/UI/MakeTailor/dotted1.png","rotation":-7,"presetID":118,"pivotY":7,"pivotX":4,"name":"V","height":14},"compId":5675,"child":[{"type":"Script","props":{"y":-4,"x":-3,"width":13,"presetID":119,"isSensor":true,"height":24,"runtime":"Laya.BoxCollider"},"compId":5676},{"type":"Script","props":{"y":1,"x":0,"type":"static","presetID":120,"gravityScale":0,"runtime":"Laya.RigidBody"},"compId":5677}]},{"type":"Image","props":{"y":147,"x":9,"width":7,"skin":"Game/UI/MakeTailor/dotted1.png","rotation":-11,"presetID":121,"pivotY":7,"pivotX":4,"name":"V","height":14},"compId":5678,"child":[{"type":"Script","props":{"y":-4,"x":-3,"width":13,"presetID":122,"isSensor":true,"height":24,"runtime":"Laya.BoxCollider"},"compId":5679},{"type":"Script","props":{"y":1,"x":0,"type":"static","presetID":123,"gravityScale":0,"runtime":"Laya.RigidBody"},"compId":5680}]},{"type":"Image","props":{"y":165,"x":13,"width":7,"skin":"Game/UI/MakeTailor/dotted1.png","rotation":-11,"presetID":124,"pivotY":7,"pivotX":4,"name":"V","height":14},"compId":5681,"child":[{"type":"Script","props":{"y":-4,"x":-3,"width":13,"presetID":125,"isSensor":true,"height":24,"runtime":"Laya.BoxCollider"},"compId":5682},{"type":"Script","props":{"y":1,"x":0,"type":"static","presetID":126,"gravityScale":0,"runtime":"Laya.RigidBody"},"compId":5683}]},{"type":"Image","props":{"y":184,"x":18,"width":7,"skin":"Game/UI/MakeTailor/dotted1.png","rotation":-11,"presetID":127,"pivotY":7,"pivotX":4,"name":"V","height":14},"compId":5684,"child":[{"type":"Script","props":{"y":-4,"x":-3,"width":13,"presetID":128,"isSensor":true,"height":24,"runtime":"Laya.BoxCollider"},"compId":5685},{"type":"Script","props":{"y":1,"x":0,"type":"static","presetID":129,"gravityScale":0,"runtime":"Laya.RigidBody"},"compId":5686}]},{"type":"Image","props":{"y":202,"x":22,"width":7,"skin":"Game/UI/MakeTailor/dotted1.png","rotation":-11,"presetID":130,"pivotY":7,"pivotX":4,"name":"V","height":14},"compId":5687,"child":[{"type":"Script","props":{"y":-4,"x":-3,"width":13,"presetID":131,"isSensor":true,"height":24,"runtime":"Laya.BoxCollider"},"compId":5688},{"type":"Script","props":{"y":1,"x":0,"type":"static","presetID":132,"gravityScale":0,"runtime":"Laya.RigidBody"},"compId":5689}]},{"type":"Image","props":{"y":222,"x":26,"width":7,"skin":"Game/UI/MakeTailor/dotted1.png","rotation":-11,"presetID":133,"pivotY":7,"pivotX":4,"name":"V","height":14},"compId":5690,"child":[{"type":"Script","props":{"y":-4,"x":-3,"width":13,"presetID":134,"isSensor":true,"height":24,"runtime":"Laya.BoxCollider"},"compId":5691},{"type":"Script","props":{"y":1,"x":0,"type":"static","presetID":135,"gravityScale":0,"runtime":"Laya.RigidBody"},"compId":5692}]},{"type":"Image","props":{"y":242,"x":30,"width":7,"skin":"Game/UI/MakeTailor/dotted1.png","rotation":-9,"presetID":136,"pivotY":7,"pivotX":4,"name":"V","height":14},"compId":5693,"child":[{"type":"Script","props":{"y":-4,"x":-3,"width":13,"presetID":137,"isSensor":true,"height":24,"runtime":"Laya.BoxCollider"},"compId":5694},{"type":"Script","props":{"y":1,"x":0,"type":"static","presetID":138,"gravityScale":0,"runtime":"Laya.RigidBody"},"compId":5695}]},{"type":"Image","props":{"y":263,"x":34,"width":7,"skin":"Game/UI/MakeTailor/dotted1.png","rotation":-10,"presetID":139,"pivotY":7,"pivotX":4,"name":"V","height":14},"compId":5696,"child":[{"type":"Script","props":{"y":-4,"x":-3,"width":13,"presetID":140,"isSensor":true,"height":24,"runtime":"Laya.BoxCollider"},"compId":5697},{"type":"Script","props":{"y":1,"x":0,"type":"static","presetID":141,"gravityScale":0,"runtime":"Laya.RigidBody"},"compId":5698}]},{"type":"Image","props":{"y":283,"x":38,"width":7,"skin":"Game/UI/MakeTailor/dotted1.png","rotation":-9,"presetID":142,"pivotY":7,"pivotX":4,"name":"V","height":14},"compId":5699,"child":[{"type":"Script","props":{"y":-4,"x":-3,"width":13,"presetID":143,"isSensor":true,"height":24,"runtime":"Laya.BoxCollider"},"compId":5700},{"type":"Script","props":{"y":1,"x":0,"type":"static","presetID":144,"gravityScale":0,"runtime":"Laya.RigidBody"},"compId":5701}]},{"type":"Image","props":{"y":303,"x":42,"width":7,"skin":"Game/UI/MakeTailor/dotted1.png","rotation":-9,"presetID":145,"pivotY":7,"pivotX":4,"name":"V","height":14},"compId":5702,"child":[{"type":"Script","props":{"y":-4,"x":-3,"width":13,"presetID":146,"isSensor":true,"height":24,"runtime":"Laya.BoxCollider"},"compId":5703},{"type":"Script","props":{"y":1,"x":0,"type":"static","presetID":147,"gravityScale":0,"runtime":"Laya.RigidBody"},"compId":5704}]},{"type":"Image","props":{"y":322,"x":45,"width":7,"skin":"Game/UI/MakeTailor/dotted1.png","rotation":-9,"presetID":148,"pivotY":7,"pivotX":4,"name":"V","height":14},"compId":5705,"child":[{"type":"Script","props":{"y":-4,"x":-3,"width":13,"presetID":149,"isSensor":true,"height":24,"runtime":"Laya.BoxCollider"},"compId":5706},{"type":"Script","props":{"y":1,"x":0,"type":"static","presetID":150,"gravityScale":0,"runtime":"Laya.RigidBody"},"compId":5707}]},{"type":"Image","props":{"y":341,"x":48,"width":7,"skin":"Game/UI/MakeTailor/dotted1.png","rotation":-9,"presetID":151,"pivotY":7,"pivotX":4,"name":"V","height":14},"compId":5708,"child":[{"type":"Script","props":{"y":-4,"x":-3,"width":13,"presetID":152,"isSensor":true,"height":24,"runtime":"Laya.BoxCollider"},"compId":5709},{"type":"Script","props":{"y":1,"x":0,"type":"static","presetID":153,"gravityScale":0,"runtime":"Laya.RigidBody"},"compId":5710}]},{"type":"Image","props":{"y":360,"x":51,"width":7,"skin":"Game/UI/MakeTailor/dotted1.png","rotation":-9,"presetID":154,"pivotY":7,"pivotX":4,"name":"V","height":14},"compId":5711,"child":[{"type":"Script","props":{"y":-4,"x":-3,"width":13,"presetID":155,"isSensor":true,"height":24,"runtime":"Laya.BoxCollider"},"compId":5712},{"type":"Script","props":{"y":1,"x":0,"type":"static","presetID":156,"gravityScale":0,"runtime":"Laya.RigidBody"},"compId":5713}]},{"type":"Image","props":{"y":378,"x":54,"width":7,"skin":"Game/UI/MakeTailor/dotted1.png","rotation":-9,"presetID":157,"pivotY":7,"pivotX":4,"name":"V","height":14},"compId":5714,"child":[{"type":"Script","props":{"y":-4,"x":-3,"width":13,"presetID":158,"isSensor":true,"height":24,"runtime":"Laya.BoxCollider"},"compId":5715},{"type":"Script","props":{"y":1,"x":0,"type":"static","presetID":159,"gravityScale":0,"runtime":"Laya.RigidBody"},"compId":5716}]},{"type":"Image","props":{"y":394,"x":57,"width":7,"skin":"Game/UI/MakeTailor/dotted1.png","rotation":-9,"presetID":160,"pivotY":7,"pivotX":4,"name":"V","height":10},"compId":5717,"child":[{"type":"Script","props":{"y":-4,"x":-3,"width":13,"presetID":161,"isSensor":true,"height":15,"runtime":"Laya.BoxCollider"},"compId":5718},{"type":"Script","props":{"y":1,"x":0,"type":"static","presetID":162,"gravityScale":0,"runtime":"Laya.RigidBody"},"compId":5719}]}]},{"type":"Sprite","props":{"y":261,"x":142.41536192252119,"texture":"Game/UI/MakeTailor/diy_dress_007_final/x2.png","presetID":163,"name":"Line05"},"compId":2900,"child":[{"type":"Image","props":{"y":14,"x":30,"width":7,"skin":"Game/UI/MakeTailor/dotted1.png","rotation":-21,"presetID":164,"pivotY":7,"pivotX":4,"name":"V","height":14},"compId":2901,"child":[{"type":"Script","props":{"y":-5,"x":-3,"width":13,"presetID":165,"isSensor":true,"height":24,"runtime":"Laya.BoxCollider"},"compId":2902},{"type":"Script","props":{"y":2,"x":0,"type":"static","presetID":166,"gravityScale":0,"runtime":"Laya.RigidBody"},"compId":2903}]},{"type":"Image","props":{"y":34,"x":37,"width":7,"skin":"Game/UI/MakeTailor/dotted1.png","rotation":-15,"presetID":167,"pivotY":7,"pivotX":4,"name":"V","height":14},"compId":5720,"child":[{"type":"Script","props":{"y":-5,"x":-3,"width":13,"presetID":168,"isSensor":true,"height":24,"runtime":"Laya.BoxCollider"},"compId":5721},{"type":"Script","props":{"y":2,"x":0,"type":"static","presetID":169,"gravityScale":0,"runtime":"Laya.RigidBody"},"compId":5722}]},{"type":"Image","props":{"y":54,"x":43,"width":7,"skin":"Game/UI/MakeTailor/dotted1.png","rotation":-15,"presetID":170,"pivotY":7,"pivotX":4,"name":"V","height":14},"compId":5723,"child":[{"type":"Script","props":{"y":-5,"x":-3,"width":13,"presetID":171,"isSensor":true,"height":24,"runtime":"Laya.BoxCollider"},"compId":5724},{"type":"Script","props":{"y":2,"x":0,"type":"static","presetID":172,"gravityScale":0,"runtime":"Laya.RigidBody"},"compId":5725}]},{"type":"Image","props":{"y":74,"x":48,"width":7,"skin":"Game/UI/MakeTailor/dotted1.png","rotation":-10,"presetID":173,"pivotY":7,"pivotX":4,"name":"V","height":14},"compId":5726,"child":[{"type":"Script","props":{"y":-5,"x":-3,"width":13,"presetID":174,"isSensor":true,"height":24,"runtime":"Laya.BoxCollider"},"compId":5727},{"type":"Script","props":{"y":2,"x":0,"type":"static","presetID":175,"gravityScale":0,"runtime":"Laya.RigidBody"},"compId":5728}]},{"type":"Image","props":{"y":94,"x":51,"width":7,"skin":"Game/UI/MakeTailor/dotted1.png","rotation":-4,"presetID":176,"pivotY":7,"pivotX":4,"name":"V","height":14},"compId":5729,"child":[{"type":"Script","props":{"y":-5,"x":-3,"width":13,"presetID":177,"isSensor":true,"height":24,"runtime":"Laya.BoxCollider"},"compId":5730},{"type":"Script","props":{"y":2,"x":0,"type":"static","presetID":178,"gravityScale":0,"runtime":"Laya.RigidBody"},"compId":5731}]},{"type":"Image","props":{"y":116,"x":51,"width":7,"skin":"Game/UI/MakeTailor/dotted1.png","rotation":8,"presetID":179,"pivotY":7,"pivotX":4,"name":"V","height":14},"compId":5732,"child":[{"type":"Script","props":{"y":-5,"x":-3,"width":13,"presetID":180,"isSensor":true,"height":24,"runtime":"Laya.BoxCollider"},"compId":5733},{"type":"Script","props":{"y":2,"x":0,"type":"static","presetID":181,"gravityScale":0,"runtime":"Laya.RigidBody"},"compId":5734}]},{"type":"Image","props":{"y":136,"x":47,"width":7,"skin":"Game/UI/MakeTailor/dotted1.png","rotation":16,"presetID":182,"pivotY":7,"pivotX":4,"name":"V","height":14},"compId":5735,"child":[{"type":"Script","props":{"y":-5,"x":-3,"width":13,"presetID":183,"isSensor":true,"height":24,"runtime":"Laya.BoxCollider"},"compId":5736},{"type":"Script","props":{"y":2,"x":0,"type":"static","presetID":184,"gravityScale":0,"runtime":"Laya.RigidBody"},"compId":5737}]},{"type":"Image","props":{"y":156,"x":42,"width":7,"skin":"Game/UI/MakeTailor/dotted1.png","rotation":13,"presetID":185,"pivotY":7,"pivotX":4,"name":"V","height":14},"compId":5738,"child":[{"type":"Script","props":{"y":-5,"x":-3,"width":13,"presetID":186,"isSensor":true,"height":24,"runtime":"Laya.BoxCollider"},"compId":5739},{"type":"Script","props":{"y":2,"x":0,"type":"static","presetID":187,"gravityScale":0,"runtime":"Laya.RigidBody"},"compId":5740}]},{"type":"Image","props":{"y":176,"x":37,"width":7,"skin":"Game/UI/MakeTailor/dotted1.png","rotation":13,"presetID":188,"pivotY":7,"pivotX":4,"name":"V","height":14},"compId":5741,"child":[{"type":"Script","props":{"y":-5,"x":-3,"width":13,"presetID":189,"isSensor":true,"height":24,"runtime":"Laya.BoxCollider"},"compId":5742},{"type":"Script","props":{"y":2,"x":0,"type":"static","presetID":190,"gravityScale":0,"runtime":"Laya.RigidBody"},"compId":5743}]},{"type":"Image","props":{"y":196,"x":33,"width":7,"skin":"Game/UI/MakeTailor/dotted1.png","rotation":12,"presetID":191,"pivotY":7,"pivotX":4,"name":"V","height":14},"compId":5744,"child":[{"type":"Script","props":{"y":-5,"x":-3,"width":13,"presetID":192,"isSensor":true,"height":24,"runtime":"Laya.BoxCollider"},"compId":5745},{"type":"Script","props":{"y":2,"x":0,"type":"static","presetID":193,"gravityScale":0,"runtime":"Laya.RigidBody"},"compId":5746}]},{"type":"Image","props":{"y":216,"x":28,"width":7,"skin":"Game/UI/MakeTailor/dotted1.png","rotation":12,"presetID":194,"pivotY":7,"pivotX":4,"name":"V","height":14},"compId":5747,"child":[{"type":"Script","props":{"y":-5,"x":-3,"width":13,"presetID":195,"isSensor":true,"height":24,"runtime":"Laya.BoxCollider"},"compId":5748},{"type":"Script","props":{"y":2,"x":0,"type":"static","presetID":196,"gravityScale":0,"runtime":"Laya.RigidBody"},"compId":5749}]},{"type":"Image","props":{"y":236,"x":24,"width":7,"skin":"Game/UI/MakeTailor/dotted1.png","rotation":12,"presetID":197,"pivotY":7,"pivotX":4,"name":"V","height":14},"compId":5750,"child":[{"type":"Script","props":{"y":-5,"x":-3,"width":13,"presetID":198,"isSensor":true,"height":24,"runtime":"Laya.BoxCollider"},"compId":5751},{"type":"Script","props":{"y":2,"x":0,"type":"static","presetID":199,"gravityScale":0,"runtime":"Laya.RigidBody"},"compId":5752}]},{"type":"Image","props":{"y":257,"x":20,"width":7,"skin":"Game/UI/MakeTailor/dotted1.png","rotation":11,"presetID":200,"pivotY":7,"pivotX":4,"name":"V","height":14},"compId":5753,"child":[{"type":"Script","props":{"y":-5,"x":-3,"width":13,"presetID":201,"isSensor":true,"height":24,"runtime":"Laya.BoxCollider"},"compId":5754},{"type":"Script","props":{"y":2,"x":0,"type":"static","presetID":202,"gravityScale":0,"runtime":"Laya.RigidBody"},"compId":5755}]},{"type":"Image","props":{"y":277,"x":16,"width":7,"skin":"Game/UI/MakeTailor/dotted1.png","rotation":11,"presetID":203,"pivotY":7,"pivotX":4,"name":"V","height":14},"compId":5756,"child":[{"type":"Script","props":{"y":-5,"x":-3,"width":13,"presetID":204,"isSensor":true,"height":24,"runtime":"Laya.BoxCollider"},"compId":5757},{"type":"Script","props":{"y":2,"x":0,"type":"static","presetID":205,"gravityScale":0,"runtime":"Laya.RigidBody"},"compId":5758}]},{"type":"Image","props":{"y":297,"x":13,"width":7,"skin":"Game/UI/MakeTailor/dotted1.png","rotation":10,"presetID":206,"pivotY":7,"pivotX":4,"name":"V","height":14},"compId":5759,"child":[{"type":"Script","props":{"y":-5,"x":-3,"width":13,"presetID":207,"isSensor":true,"height":24,"runtime":"Laya.BoxCollider"},"compId":5760},{"type":"Script","props":{"y":2,"x":0,"type":"static","presetID":208,"gravityScale":0,"runtime":"Laya.RigidBody"},"compId":5761}]},{"type":"Image","props":{"y":317,"x":10,"width":7,"skin":"Game/UI/MakeTailor/dotted1.png","rotation":9,"presetID":209,"pivotY":7,"pivotX":4,"name":"V","height":14},"compId":5762,"child":[{"type":"Script","props":{"y":-5,"x":-3,"width":13,"presetID":210,"isSensor":true,"height":24,"runtime":"Laya.BoxCollider"},"compId":5763},{"type":"Script","props":{"y":2,"x":0,"type":"static","presetID":211,"gravityScale":0,"runtime":"Laya.RigidBody"},"compId":5764}]},{"type":"Image","props":{"y":338,"x":7,"width":7,"skin":"Game/UI/MakeTailor/dotted1.png","rotation":8,"presetID":212,"pivotY":7,"pivotX":4,"name":"V","height":14},"compId":5765,"child":[{"type":"Script","props":{"y":-5,"x":-3,"width":13,"presetID":213,"isSensor":true,"height":24,"runtime":"Laya.BoxCollider"},"compId":5766},{"type":"Script","props":{"y":2,"x":0,"type":"static","presetID":214,"gravityScale":0,"runtime":"Laya.RigidBody"},"compId":5767}]},{"type":"Image","props":{"y":359,"x":4,"width":7,"skin":"Game/UI/MakeTailor/dotted1.png","rotation":7,"presetID":215,"pivotY":7,"pivotX":4,"name":"V","height":14},"compId":5768,"child":[{"type":"Script","props":{"y":-5,"x":-3,"width":13,"presetID":216,"isSensor":true,"height":24,"runtime":"Laya.BoxCollider"},"compId":5769},{"type":"Script","props":{"y":2,"x":0,"type":"static","presetID":217,"gravityScale":0,"runtime":"Laya.RigidBody"},"compId":5770}]},{"type":"Image","props":{"y":379,"x":1,"width":7,"skin":"Game/UI/MakeTailor/dotted1.png","rotation":7,"presetID":218,"pivotY":7,"pivotX":4,"name":"V","height":14},"compId":5771,"child":[{"type":"Script","props":{"y":-5,"x":-3,"width":13,"presetID":219,"isSensor":true,"height":24,"runtime":"Laya.BoxCollider"},"compId":5772},{"type":"Script","props":{"y":2,"x":0,"type":"static","presetID":220,"gravityScale":0,"runtime":"Laya.RigidBody"},"compId":5773}]}]}]}],"loadList":["Game/UI/MakeTailor/diy_dress_007_final/s5.png","Game/UI/MakeTailor/diy_dress_007_final/s3.png","Game/UI/MakeTailor/diy_dress_007_final/s4.png","Game/UI/MakeTailor/diy_dress_007_final/s1.png","Game/UI/MakeTailor/diy_dress_007_final/s2.png","Game/UI/MakeTailor/diy_dress_007_final/q1.png","Game/UI/MakeTailor/diy_dress_007_final/x5 .png","Game/UI/MakeTailor/dotted1.png","Game/UI/MakeTailor/diy_dress_007_final/x3 .png","Game/UI/MakeTailor/diy_dress_007_final/x4 .png","Game/UI/MakeTailor/diy_dress_007_final/x1.png","Game/UI/MakeTailor/diy_dress_007_final/x2.png"],"loadList3D":[]}