{"type":"Box","props":{"y":0,"x":0,"width":720,"scaleY":1,"scaleX":1,"presetID":1,"name":"diy_top_003_final","isPresetRoot":true,"height":720,"centerY":0,"centerX":0},"compId":5774,"child":[{"type":"Sprite","props":{"y":75,"x":135,"width":477,"texture":"Game/UI/MakeTailor/diy_top_003_final/q1.png","presetID":2,"name":"Ultimately","height":464},"compId":2577},{"type":"Sprite","props":{"y":525,"x":179.5,"texture":"Game/UI/MakeTailor/diy_top_003_final/s8.png","presetID":3,"name":"Cloth08_D"},"compId":5776},{"type":"Sprite","props":{"y":236,"x":195,"texture":"Game/UI/MakeTailor/diy_top_003_final/s7.png","presetID":4,"name":"Cloth07_L"},"compId":2753},{"type":"Sprite","props":{"y":241,"x":510,"texture":"Game/UI/MakeTailor/diy_top_003_final/s6.png","presetID":5,"name":"Cloth06_R"},"compId":2757},{"type":"Sprite","props":{"y":90,"x":43,"width":93,"texture":"Game/UI/MakeTailor/diy_top_003_final/s4.png","presetID":6,"name":"Cloth05_L","height":115},"compId":2758},{"type":"Sprite","props":{"y":93,"x":609,"texture":"Game/UI/MakeTailor/diy_top_003_final/s5.png","presetID":7,"name":"Cloth04_R"},"compId":2751},{"type":"Sprite","props":{"y":219,"x":343,"texture":"Game/UI/MakeTailor/diy_top_003_final/s2.png","presetID":8,"name":"Cloth03_RU"},"compId":2752},{"type":"Sprite","props":{"y":177,"x":311.5,"texture":"Game/UI/MakeTailor/diy_top_003_final/s3.png","presetID":9,"name":"Cloth02_LU"},"compId":2756},{"type":"Sprite","props":{"y":117.5,"x":302,"width":143,"texture":"Game/UI/MakeTailor/diy_top_003_final/s1.png","presetID":10,"name":"Cloth01_RU","height":52},"compId":2986},{"type":"Image","props":{"y":-38,"width":512,"presetID":11,"name":"LineParent","height":725,"centerX":0},"compId":2578,"child":[{"type":"Sprite","props":{"y":559,"x":90.05776638804167,"texture":"Game/UI/MakeTailor/diy_top_003_final/x8.png","presetID":12,"name":"Line08"},"compId":5777,"child":[{"type":"Image","props":{"y":8,"x":10,"width":7,"skin":"Game/UI/MakeTailor/dotted1.png","rotation":112,"presetID":13,"pivotY":7,"pivotX":4,"name":"A","height":14},"compId":5778,"child":[{"type":"Script","props":{"y":-5,"x":-3,"width":13,"presetID":14,"isSensor":true,"height":24,"runtime":"Laya.BoxCollider"},"compId":5779},{"type":"Script","props":{"y":2,"x":0,"type":"static","presetID":15,"gravityScale":0,"runtime":"Laya.RigidBody"},"compId":5780}]},{"type":"Image","props":{"y":14,"x":29,"width":7,"skin":"Game/UI/MakeTailor/dotted1.png","rotation":104,"presetID":16,"pivotY":7,"pivotX":4,"name":"A","height":14},"compId":6067,"child":[{"type":"Script","props":{"y":-5,"x":-3,"width":13,"presetID":17,"isSensor":true,"height":24,"runtime":"Laya.BoxCollider"},"compId":6068},{"type":"Script","props":{"y":2,"x":0,"type":"static","presetID":18,"gravityScale":0,"runtime":"Laya.RigidBody"},"compId":6069}]},{"type":"Image","props":{"y":17,"x":49,"width":7,"skin":"Game/UI/MakeTailor/dotted1.png","rotation":94,"presetID":19,"pivotY":7,"pivotX":4,"name":"A","height":14},"compId":6070,"child":[{"type":"Script","props":{"y":-5,"x":-3,"width":13,"presetID":20,"isSensor":true,"height":24,"runtime":"Laya.BoxCollider"},"compId":6071},{"type":"Script","props":{"y":2,"x":0,"type":"static","presetID":21,"gravityScale":0,"runtime":"Laya.RigidBody"},"compId":6072}]},{"type":"Image","props":{"y":18,"x":70,"width":7,"skin":"Game/UI/MakeTailor/dotted1.png","rotation":91,"presetID":22,"pivotY":7,"pivotX":4,"name":"A","height":14},"compId":6073,"child":[{"type":"Script","props":{"y":-5,"x":-3,"width":13,"presetID":23,"isSensor":true,"height":24,"runtime":"Laya.BoxCollider"},"compId":6074},{"type":"Script","props":{"y":2,"x":0,"type":"static","presetID":24,"gravityScale":0,"runtime":"Laya.RigidBody"},"compId":6075}]},{"type":"Image","props":{"y":18,"x":91,"width":7,"skin":"Game/UI/MakeTailor/dotted1.png","rotation":91,"presetID":25,"pivotY":7,"pivotX":4,"name":"A","height":14},"compId":6076,"child":[{"type":"Script","props":{"y":-5,"x":-3,"width":13,"presetID":26,"isSensor":true,"height":24,"runtime":"Laya.BoxCollider"},"compId":6077},{"type":"Script","props":{"y":2,"x":0,"type":"static","presetID":27,"gravityScale":0,"runtime":"Laya.RigidBody"},"compId":6078}]},{"type":"Image","props":{"y":19,"x":112,"width":7,"skin":"Game/UI/MakeTailor/dotted1.png","rotation":91,"presetID":28,"pivotY":7,"pivotX":4,"name":"A","height":14},"compId":6079,"child":[{"type":"Script","props":{"y":-5,"x":-3,"width":13,"presetID":29,"isSensor":true,"height":24,"runtime":"Laya.BoxCollider"},"compId":6080},{"type":"Script","props":{"y":2,"x":0,"type":"static","presetID":30,"gravityScale":0,"runtime":"Laya.RigidBody"},"compId":6081}]},{"type":"Image","props":{"y":19,"x":133,"width":7,"skin":"Game/UI/MakeTailor/dotted1.png","rotation":91,"presetID":31,"pivotY":7,"pivotX":4,"name":"A","height":14},"compId":6082,"child":[{"type":"Script","props":{"y":-5,"x":-3,"width":13,"presetID":32,"isSensor":true,"height":24,"runtime":"Laya.BoxCollider"},"compId":6083},{"type":"Script","props":{"y":2,"x":0,"type":"static","presetID":33,"gravityScale":0,"runtime":"Laya.RigidBody"},"compId":6084}]},{"type":"Image","props":{"y":19,"x":154,"width":7,"skin":"Game/UI/MakeTailor/dotted1.png","rotation":91,"presetID":34,"pivotY":7,"pivotX":4,"name":"A","height":14},"compId":6085,"child":[{"type":"Script","props":{"y":-5,"x":-3,"width":13,"presetID":35,"isSensor":true,"height":24,"runtime":"Laya.BoxCollider"},"compId":6086},{"type":"Script","props":{"y":2,"x":0,"type":"static","presetID":36,"gravityScale":0,"runtime":"Laya.RigidBody"},"compId":6087}]},{"type":"Image","props":{"y":19,"x":175,"width":7,"skin":"Game/UI/MakeTailor/dotted1.png","rotation":91,"presetID":37,"pivotY":7,"pivotX":4,"name":"A","height":14},"compId":6088,"child":[{"type":"Script","props":{"y":-5,"x":-3,"width":13,"presetID":38,"isSensor":true,"height":24,"runtime":"Laya.BoxCollider"},"compId":6089},{"type":"Script","props":{"y":2,"x":0,"type":"static","presetID":39,"gravityScale":0,"runtime":"Laya.RigidBody"},"compId":6090}]},{"type":"Image","props":{"y":19,"x":195,"width":7,"skin":"Game/UI/MakeTailor/dotted1.png","rotation":91,"presetID":40,"pivotY":7,"pivotX":4,"name":"A","height":14},"compId":6091,"child":[{"type":"Script","props":{"y":-5,"x":-3,"width":13,"presetID":41,"isSensor":true,"height":24,"runtime":"Laya.BoxCollider"},"compId":6092},{"type":"Script","props":{"y":2,"x":0,"type":"static","presetID":42,"gravityScale":0,"runtime":"Laya.RigidBody"},"compId":6093}]},{"type":"Image","props":{"y":19,"x":216,"width":7,"skin":"Game/UI/MakeTailor/dotted1.png","rotation":91,"presetID":43,"pivotY":7,"pivotX":4,"name":"A","height":14},"compId":6094,"child":[{"type":"Script","props":{"y":-5,"x":-3,"width":13,"presetID":44,"isSensor":true,"height":24,"runtime":"Laya.BoxCollider"},"compId":6095},{"type":"Script","props":{"y":2,"x":0,"type":"static","presetID":45,"gravityScale":0,"runtime":"Laya.RigidBody"},"compId":6096}]},{"type":"Image","props":{"y":19,"x":236,"width":7,"skin":"Game/UI/MakeTailor/dotted1.png","rotation":91,"presetID":46,"pivotY":7,"pivotX":4,"name":"A","height":14},"compId":6097,"child":[{"type":"Script","props":{"y":-5,"x":-3,"width":13,"presetID":47,"isSensor":true,"height":24,"runtime":"Laya.BoxCollider"},"compId":6098},{"type":"Script","props":{"y":2,"x":0,"type":"static","presetID":48,"gravityScale":0,"runtime":"Laya.RigidBody"},"compId":6099}]},{"type":"Image","props":{"y":19,"x":255,"width":7,"skin":"Game/UI/MakeTailor/dotted1.png","rotation":91,"presetID":49,"pivotY":7,"pivotX":4,"name":"A","height":14},"compId":6100,"child":[{"type":"Script","props":{"y":-5,"x":-3,"width":13,"presetID":50,"isSensor":true,"height":24,"runtime":"Laya.BoxCollider"},"compId":6101},{"type":"Script","props":{"y":2,"x":0,"type":"static","presetID":51,"gravityScale":0,"runtime":"Laya.RigidBody"},"compId":6102}]},{"type":"Image","props":{"y":19,"x":276,"width":7,"skin":"Game/UI/MakeTailor/dotted1.png","rotation":91,"presetID":52,"pivotY":7,"pivotX":4,"name":"A","height":14},"compId":6103,"child":[{"type":"Script","props":{"y":-5,"x":-3,"width":13,"presetID":53,"isSensor":true,"height":24,"runtime":"Laya.BoxCollider"},"compId":6104},{"type":"Script","props":{"y":2,"x":0,"type":"static","presetID":54,"gravityScale":0,"runtime":"Laya.RigidBody"},"compId":6105}]},{"type":"Image","props":{"y":19,"x":297,"width":7,"skin":"Game/UI/MakeTailor/dotted1.png","rotation":88,"presetID":55,"pivotY":7,"pivotX":4,"name":"A","height":14},"compId":6106,"child":[{"type":"Script","props":{"y":-5,"x":-3,"width":13,"presetID":56,"isSensor":true,"height":24,"runtime":"Laya.BoxCollider"},"compId":6107},{"type":"Script","props":{"y":2,"x":0,"type":"static","presetID":57,"gravityScale":0,"runtime":"Laya.RigidBody"},"compId":6108}]},{"type":"Image","props":{"y":18,"x":317,"width":7,"skin":"Game/UI/MakeTailor/dotted1.png","rotation":85,"presetID":58,"pivotY":7,"pivotX":4,"name":"A","height":14},"compId":6109,"child":[{"type":"Script","props":{"y":-5,"x":-3,"width":13,"presetID":59,"isSensor":true,"height":24,"runtime":"Laya.BoxCollider"},"compId":6110},{"type":"Script","props":{"y":2,"x":0,"type":"static","presetID":60,"gravityScale":0,"runtime":"Laya.RigidBody"},"compId":6111}]},{"type":"Image","props":{"y":15,"x":332,"width":7,"skin":"Game/UI/MakeTailor/dotted1.png","rotation":77,"presetID":61,"pivotY":7,"pivotX":4,"name":"A","height":14},"compId":6112,"child":[{"type":"Script","props":{"y":-5,"x":-3,"width":13,"presetID":62,"isSensor":true,"height":24,"runtime":"Laya.BoxCollider"},"compId":6113},{"type":"Script","props":{"y":2,"x":0,"type":"static","presetID":63,"gravityScale":0,"runtime":"Laya.RigidBody"},"compId":6114}]},{"type":"Image","props":{"y":8,"x":350,"width":7,"skin":"Game/UI/MakeTailor/dotted1.png","rotation":62,"presetID":64,"pivotY":7,"pivotX":4,"name":"A","height":14},"compId":6115,"child":[{"type":"Script","props":{"y":-5,"x":-3,"width":13,"presetID":65,"isSensor":true,"height":24,"runtime":"Laya.BoxCollider"},"compId":6116},{"type":"Script","props":{"y":2,"x":0,"type":"static","presetID":66,"gravityScale":0,"runtime":"Laya.RigidBody"},"compId":6117}]}]},{"type":"Sprite","props":{"y":263.5000000937821,"x":90,"texture":"Game/UI/MakeTailor/diy_top_003_final/x7.png","presetID":67,"name":"Line07"},"compId":2919,"child":[{"type":"Image","props":{"y":14,"x":38,"width":7,"skin":"Game/UI/MakeTailor/dotted1.png","rotation":-11,"presetID":68,"pivotY":7,"pivotX":4,"name":"V","height":14},"compId":2920,"child":[{"type":"Script","props":{"y":-5,"x":-3,"width":13,"presetID":69,"isSensor":true,"height":24,"runtime":"Laya.BoxCollider"},"compId":2921},{"type":"Script","props":{"y":2,"x":0,"type":"static","presetID":70,"gravityScale":0,"runtime":"Laya.RigidBody"},"compId":2922}]},{"type":"Image","props":{"y":34,"x":42,"width":7,"skin":"Game/UI/MakeTailor/dotted1.png","rotation":-11,"presetID":71,"pivotY":7,"pivotX":4,"name":"V","height":14},"compId":6025,"child":[{"type":"Script","props":{"y":-5,"x":-3,"width":13,"presetID":72,"isSensor":true,"height":24,"runtime":"Laya.BoxCollider"},"compId":6026},{"type":"Script","props":{"y":2,"x":0,"type":"static","presetID":73,"gravityScale":0,"runtime":"Laya.RigidBody"},"compId":6027}]},{"type":"Image","props":{"y":55,"x":45,"width":7,"skin":"Game/UI/MakeTailor/dotted1.png","rotation":-5,"presetID":74,"pivotY":7,"pivotX":4,"name":"V","height":14},"compId":6028,"child":[{"type":"Script","props":{"y":-5,"x":-3,"width":13,"presetID":75,"isSensor":true,"height":24,"runtime":"Laya.BoxCollider"},"compId":6029},{"type":"Script","props":{"y":2,"x":0,"type":"static","presetID":76,"gravityScale":0,"runtime":"Laya.RigidBody"},"compId":6030}]},{"type":"Image","props":{"y":76,"x":47,"width":7,"skin":"Game/UI/MakeTailor/dotted1.png","rotation":-2,"presetID":77,"pivotY":7,"pivotX":4,"name":"V","height":14},"compId":6031,"child":[{"type":"Script","props":{"y":-5,"x":-3,"width":13,"presetID":78,"isSensor":true,"height":24,"runtime":"Laya.BoxCollider"},"compId":6032},{"type":"Script","props":{"y":2,"x":0,"type":"static","presetID":79,"gravityScale":0,"runtime":"Laya.RigidBody"},"compId":6033}]},{"type":"Image","props":{"y":96,"x":47,"width":7,"skin":"Game/UI/MakeTailor/dotted1.png","rotation":-1,"presetID":80,"pivotY":7,"pivotX":4,"name":"V","height":14},"compId":6034,"child":[{"type":"Script","props":{"y":-5,"x":-3,"width":13,"presetID":81,"isSensor":true,"height":24,"runtime":"Laya.BoxCollider"},"compId":6035},{"type":"Script","props":{"y":2,"x":0,"type":"static","presetID":82,"gravityScale":0,"runtime":"Laya.RigidBody"},"compId":6036}]},{"type":"Image","props":{"y":117,"x":47,"width":7,"skin":"Game/UI/MakeTailor/dotted1.png","rotation":1,"presetID":83,"pivotY":7,"pivotX":4,"name":"V","height":14},"compId":6037,"child":[{"type":"Script","props":{"y":-5,"x":-3,"width":13,"presetID":84,"isSensor":true,"height":24,"runtime":"Laya.BoxCollider"},"compId":6038},{"type":"Script","props":{"y":2,"x":0,"type":"static","presetID":85,"gravityScale":0,"runtime":"Laya.RigidBody"},"compId":6039}]},{"type":"Image","props":{"y":138,"x":46,"width":7,"skin":"Game/UI/MakeTailor/dotted1.png","rotation":3,"presetID":86,"pivotY":7,"pivotX":4,"name":"V","height":14},"compId":6040,"child":[{"type":"Script","props":{"y":-5,"x":-3,"width":13,"presetID":87,"isSensor":true,"height":24,"runtime":"Laya.BoxCollider"},"compId":6041},{"type":"Script","props":{"y":2,"x":0,"type":"static","presetID":88,"gravityScale":0,"runtime":"Laya.RigidBody"},"compId":6042}]},{"type":"Image","props":{"y":159,"x":45,"width":7,"skin":"Game/UI/MakeTailor/dotted1.png","rotation":3,"presetID":89,"pivotY":7,"pivotX":4,"name":"V","height":14},"compId":6043,"child":[{"type":"Script","props":{"y":-5,"x":-3,"width":13,"presetID":90,"isSensor":true,"height":24,"runtime":"Laya.BoxCollider"},"compId":6044},{"type":"Script","props":{"y":2,"x":0,"type":"static","presetID":91,"gravityScale":0,"runtime":"Laya.RigidBody"},"compId":6045}]},{"type":"Image","props":{"y":180,"x":43,"width":7,"skin":"Game/UI/MakeTailor/dotted1.png","rotation":6,"presetID":92,"pivotY":7,"pivotX":4,"name":"V","height":14},"compId":6046,"child":[{"type":"Script","props":{"y":-5,"x":-3,"width":13,"presetID":93,"isSensor":true,"height":24,"runtime":"Laya.BoxCollider"},"compId":6047},{"type":"Script","props":{"y":2,"x":0,"type":"static","presetID":94,"gravityScale":0,"runtime":"Laya.RigidBody"},"compId":6048}]},{"type":"Image","props":{"y":201,"x":41,"width":7,"skin":"Game/UI/MakeTailor/dotted1.png","rotation":7,"presetID":95,"pivotY":7,"pivotX":4,"name":"V","height":14},"compId":6049,"child":[{"type":"Script","props":{"y":-5,"x":-3,"width":13,"presetID":96,"isSensor":true,"height":24,"runtime":"Laya.BoxCollider"},"compId":6050},{"type":"Script","props":{"y":2,"x":0,"type":"static","presetID":97,"gravityScale":0,"runtime":"Laya.RigidBody"},"compId":6051}]},{"type":"Image","props":{"y":221,"x":38,"width":7,"skin":"Game/UI/MakeTailor/dotted1.png","rotation":11,"presetID":98,"pivotY":7,"pivotX":4,"name":"V","height":14},"compId":6052,"child":[{"type":"Script","props":{"y":-5,"x":-3,"width":13,"presetID":99,"isSensor":true,"height":24,"runtime":"Laya.BoxCollider"},"compId":6053},{"type":"Script","props":{"y":2,"x":0,"type":"static","presetID":100,"gravityScale":0,"runtime":"Laya.RigidBody"},"compId":6054}]},{"type":"Image","props":{"y":241,"x":34,"width":7,"skin":"Game/UI/MakeTailor/dotted1.png","rotation":12,"presetID":101,"pivotY":7,"pivotX":4,"name":"V","height":14},"compId":6055,"child":[{"type":"Script","props":{"y":-5,"x":-3,"width":13,"presetID":102,"isSensor":true,"height":24,"runtime":"Laya.BoxCollider"},"compId":6056},{"type":"Script","props":{"y":2,"x":0,"type":"static","presetID":103,"gravityScale":0,"runtime":"Laya.RigidBody"},"compId":6057}]},{"type":"Image","props":{"y":260,"x":29,"width":7,"skin":"Game/UI/MakeTailor/dotted1.png","rotation":18,"presetID":104,"pivotY":7,"pivotX":4,"name":"V","height":14},"compId":6058,"child":[{"type":"Script","props":{"y":-5,"x":-3,"width":13,"presetID":105,"isSensor":true,"height":24,"runtime":"Laya.BoxCollider"},"compId":6059},{"type":"Script","props":{"y":2,"x":0,"type":"static","presetID":106,"gravityScale":0,"runtime":"Laya.RigidBody"},"compId":6060}]},{"type":"Image","props":{"y":277,"x":19,"width":7,"skin":"Game/UI/MakeTailor/dotted1.png","rotation":39,"presetID":107,"pivotY":7,"pivotX":4,"name":"V","height":14},"compId":6061,"child":[{"type":"Script","props":{"y":-5,"x":-3,"width":13,"presetID":108,"isSensor":true,"height":24,"runtime":"Laya.BoxCollider"},"compId":6062},{"type":"Script","props":{"y":2,"x":0,"type":"static","presetID":109,"gravityScale":0,"runtime":"Laya.RigidBody"},"compId":6063}]},{"type":"Image","props":{"y":292,"x":6,"width":7,"skin":"Game/UI/MakeTailor/dotted1.png","rotation":42,"presetID":110,"pivotY":7,"pivotX":4,"name":"V","height":14},"compId":6064,"child":[{"type":"Script","props":{"y":-5,"x":-3,"width":13,"presetID":111,"isSensor":true,"height":24,"runtime":"Laya.BoxCollider"},"compId":6065},{"type":"Script","props":{"y":2,"x":0,"type":"static","presetID":112,"gravityScale":0,"runtime":"Laya.RigidBody"},"compId":6066}]}]},{"type":"Sprite","props":{"y":257.5,"x":400.05776638804167,"texture":"Game/UI/MakeTailor/diy_top_003_final/x6.png","presetID":113,"name":"Line06"},"compId":2872,"child":[{"type":"Image","props":{"y":13,"x":15,"width":7,"skin":"Game/UI/MakeTailor/dotted1.png","rotation":14,"presetID":114,"pivotY":7,"pivotX":4,"name":"V","height":14},"compId":2873,"child":[{"type":"Script","props":{"y":-5,"x":-3,"width":13,"presetID":115,"isSensor":true,"height":24,"runtime":"Laya.BoxCollider"},"compId":2874},{"type":"Script","props":{"y":2,"x":0,"type":"static","presetID":116,"gravityScale":0,"runtime":"Laya.RigidBody"},"compId":2875}]},{"type":"Image","props":{"y":33,"x":11,"width":7,"skin":"Game/UI/MakeTailor/dotted1.png","rotation":13,"presetID":117,"pivotY":7,"pivotX":4,"name":"V","height":14},"compId":5983,"child":[{"type":"Script","props":{"y":-5,"x":-3,"width":13,"presetID":118,"isSensor":true,"height":24,"runtime":"Laya.BoxCollider"},"compId":5984},{"type":"Script","props":{"y":2,"x":0,"type":"static","presetID":119,"gravityScale":0,"runtime":"Laya.RigidBody"},"compId":5985}]},{"type":"Image","props":{"y":53,"x":7,"width":7,"skin":"Game/UI/MakeTailor/dotted1.png","rotation":11,"presetID":120,"pivotY":7,"pivotX":4,"name":"V","height":14},"compId":5986,"child":[{"type":"Script","props":{"y":-5,"x":-3,"width":13,"presetID":121,"isSensor":true,"height":24,"runtime":"Laya.BoxCollider"},"compId":5987},{"type":"Script","props":{"y":2,"x":0,"type":"static","presetID":122,"gravityScale":0,"runtime":"Laya.RigidBody"},"compId":5988}]},{"type":"Image","props":{"y":74,"x":4,"width":7,"skin":"Game/UI/MakeTailor/dotted1.png","rotation":4,"presetID":123,"pivotY":7,"pivotX":4,"name":"V","height":14},"compId":5989,"child":[{"type":"Script","props":{"y":-5,"x":-3,"width":13,"presetID":124,"isSensor":true,"height":24,"runtime":"Laya.BoxCollider"},"compId":5990},{"type":"Script","props":{"y":2,"x":0,"type":"static","presetID":125,"gravityScale":0,"runtime":"Laya.RigidBody"},"compId":5991}]},{"type":"Image","props":{"y":95,"x":3,"width":7,"skin":"Game/UI/MakeTailor/dotted1.png","rotation":3,"presetID":126,"pivotY":7,"pivotX":4,"name":"V","height":14},"compId":5992,"child":[{"type":"Script","props":{"y":-5,"x":-3,"width":13,"presetID":127,"isSensor":true,"height":24,"runtime":"Laya.BoxCollider"},"compId":5993},{"type":"Script","props":{"y":2,"x":0,"type":"static","presetID":128,"gravityScale":0,"runtime":"Laya.RigidBody"},"compId":5994}]},{"type":"Image","props":{"y":116,"x":3,"width":7,"skin":"Game/UI/MakeTailor/dotted1.png","rotation":-1,"presetID":129,"pivotY":7,"pivotX":4,"name":"V","height":14},"compId":5995,"child":[{"type":"Script","props":{"y":-5,"x":-3,"width":13,"presetID":130,"isSensor":true,"height":24,"runtime":"Laya.BoxCollider"},"compId":5996},{"type":"Script","props":{"y":2,"x":0,"type":"static","presetID":131,"gravityScale":0,"runtime":"Laya.RigidBody"},"compId":5997}]},{"type":"Image","props":{"y":136,"x":4,"width":7,"skin":"Game/UI/MakeTailor/dotted1.png","rotation":-1,"presetID":132,"pivotY":7,"pivotX":4,"name":"V","height":14},"compId":5998,"child":[{"type":"Script","props":{"y":-5,"x":-3,"width":13,"presetID":133,"isSensor":true,"height":24,"runtime":"Laya.BoxCollider"},"compId":5999},{"type":"Script","props":{"y":2,"x":0,"type":"static","presetID":134,"gravityScale":0,"runtime":"Laya.RigidBody"},"compId":6000}]},{"type":"Image","props":{"y":157,"x":5,"width":7,"skin":"Game/UI/MakeTailor/dotted1.png","rotation":-1,"presetID":135,"pivotY":7,"pivotX":4,"name":"V","height":14},"compId":6001,"child":[{"type":"Script","props":{"y":-5,"x":-3,"width":13,"presetID":136,"isSensor":true,"height":24,"runtime":"Laya.BoxCollider"},"compId":6002},{"type":"Script","props":{"y":2,"x":0,"type":"static","presetID":137,"gravityScale":0,"runtime":"Laya.RigidBody"},"compId":6003}]},{"type":"Image","props":{"y":178,"x":6,"width":7,"skin":"Game/UI/MakeTailor/dotted1.png","rotation":-6,"presetID":138,"pivotY":7,"pivotX":4,"name":"V","height":14},"compId":6004,"child":[{"type":"Script","props":{"y":-5,"x":-3,"width":13,"presetID":139,"isSensor":true,"height":24,"runtime":"Laya.BoxCollider"},"compId":6005},{"type":"Script","props":{"y":2,"x":0,"type":"static","presetID":140,"gravityScale":0,"runtime":"Laya.RigidBody"},"compId":6006}]},{"type":"Image","props":{"y":199,"x":9,"width":7,"skin":"Game/UI/MakeTailor/dotted1.png","rotation":-6,"presetID":141,"pivotY":7,"pivotX":4,"name":"V","height":14},"compId":6007,"child":[{"type":"Script","props":{"y":-5,"x":-3,"width":13,"presetID":142,"isSensor":true,"height":24,"runtime":"Laya.BoxCollider"},"compId":6008},{"type":"Script","props":{"y":2,"x":0,"type":"static","presetID":143,"gravityScale":0,"runtime":"Laya.RigidBody"},"compId":6009}]},{"type":"Image","props":{"y":220,"x":12,"width":7,"skin":"Game/UI/MakeTailor/dotted1.png","rotation":-8,"presetID":144,"pivotY":7,"pivotX":4,"name":"V","height":14},"compId":6010,"child":[{"type":"Script","props":{"y":-5,"x":-3,"width":13,"presetID":145,"isSensor":true,"height":24,"runtime":"Laya.BoxCollider"},"compId":6011},{"type":"Script","props":{"y":2,"x":0,"type":"static","presetID":146,"gravityScale":0,"runtime":"Laya.RigidBody"},"compId":6012}]},{"type":"Image","props":{"y":241,"x":15,"width":7,"skin":"Game/UI/MakeTailor/dotted1.png","rotation":-8,"presetID":147,"pivotY":7,"pivotX":4,"name":"V","height":14},"compId":6013,"child":[{"type":"Script","props":{"y":-5,"x":-3,"width":13,"presetID":148,"isSensor":true,"height":24,"runtime":"Laya.BoxCollider"},"compId":6014},{"type":"Script","props":{"y":2,"x":0,"type":"static","presetID":149,"gravityScale":0,"runtime":"Laya.RigidBody"},"compId":6015}]},{"type":"Image","props":{"y":262,"x":19,"width":7,"skin":"Game/UI/MakeTailor/dotted1.png","rotation":-15,"presetID":150,"pivotY":7,"pivotX":4,"name":"V","height":14},"compId":6016,"child":[{"type":"Script","props":{"y":-5,"x":-3,"width":13,"presetID":151,"isSensor":true,"height":24,"runtime":"Laya.BoxCollider"},"compId":6017},{"type":"Script","props":{"y":2,"x":0,"type":"static","presetID":152,"gravityScale":0,"runtime":"Laya.RigidBody"},"compId":6018}]},{"type":"Image","props":{"y":278,"x":28,"width":7,"skin":"Game/UI/MakeTailor/dotted1.png","rotation":-39,"presetID":153,"pivotY":7,"pivotX":4,"name":"V","height":14},"compId":6019,"child":[{"type":"Script","props":{"y":-5,"x":-3,"width":13,"presetID":154,"isSensor":true,"height":24,"runtime":"Laya.BoxCollider"},"compId":6020},{"type":"Script","props":{"y":2,"x":0,"type":"static","presetID":155,"gravityScale":0,"runtime":"Laya.RigidBody"},"compId":6021}]},{"type":"Image","props":{"y":293,"x":41,"width":7,"skin":"Game/UI/MakeTailor/dotted1.png","rotation":-45,"presetID":156,"pivotY":7,"pivotX":4,"name":"V","height":14},"compId":6022,"child":[{"type":"Script","props":{"y":-5,"x":-3,"width":13,"presetID":157,"isSensor":true,"height":24,"runtime":"Laya.BoxCollider"},"compId":6023},{"type":"Script","props":{"y":2,"x":0,"type":"static","presetID":158,"gravityScale":0,"runtime":"Laya.RigidBody"},"compId":6024}]}]},{"type":"Sprite","props":{"y":129.5,"x":26,"texture":"Game/UI/MakeTailor/diy_top_003_final/x4.png","presetID":159,"name":"Line05"},"compId":2900,"child":[{"type":"Image","props":{"y":7,"x":4,"width":7,"skin":"Game/UI/MakeTailor/dotted1.png","rotation":7,"presetID":160,"pivotY":7,"pivotX":4,"name":"V","height":14},"compId":5964,"child":[{"type":"Script","props":{"y":-5,"x":-3,"width":13,"presetID":161,"isSensor":true,"height":24,"runtime":"Laya.BoxCollider"},"compId":5970},{"type":"Script","props":{"y":1,"x":0,"type":"static","presetID":162,"gravityScale":0,"runtime":"Laya.RigidBody"},"compId":5971}]},{"type":"Image","props":{"y":28,"x":3,"width":7,"skin":"Game/UI/MakeTailor/dotted1.png","rotation":0,"presetID":163,"pivotY":7,"pivotX":4,"name":"V","height":14},"compId":5965,"child":[{"type":"Script","props":{"y":-5,"x":-3,"width":13,"presetID":164,"isSensor":true,"height":24,"runtime":"Laya.BoxCollider"},"compId":5972},{"type":"Script","props":{"y":1,"x":0,"type":"static","presetID":165,"gravityScale":0,"runtime":"Laya.RigidBody"},"compId":5973}]},{"type":"Image","props":{"y":48,"x":3,"width":7,"skin":"Game/UI/MakeTailor/dotted1.png","rotation":0,"presetID":166,"pivotY":7,"pivotX":4,"name":"V","height":14},"compId":5966,"child":[{"type":"Script","props":{"y":-5,"x":-3,"width":13,"presetID":167,"isSensor":true,"height":24,"runtime":"Laya.BoxCollider"},"compId":5974},{"type":"Script","props":{"y":1,"x":0,"type":"static","presetID":168,"gravityScale":0,"runtime":"Laya.RigidBody"},"compId":5975}]},{"type":"Image","props":{"y":68,"x":4,"width":7,"skin":"Game/UI/MakeTailor/dotted1.png","rotation":-5,"presetID":169,"pivotY":7,"pivotX":4,"name":"V","height":14},"compId":5967,"child":[{"type":"Script","props":{"y":-5,"x":-3,"width":13,"presetID":170,"isSensor":true,"height":24,"runtime":"Laya.BoxCollider"},"compId":5976},{"type":"Script","props":{"y":1,"x":0,"type":"static","presetID":171,"gravityScale":0,"runtime":"Laya.RigidBody"},"compId":5977}]},{"type":"Image","props":{"y":88,"x":6,"width":7,"skin":"Game/UI/MakeTailor/dotted1.png","rotation":-5,"presetID":172,"pivotY":7,"pivotX":4,"name":"V","height":14},"compId":5968,"child":[{"type":"Script","props":{"y":-5,"x":-3,"width":13,"presetID":173,"isSensor":true,"height":24,"runtime":"Laya.BoxCollider"},"compId":5978},{"type":"Script","props":{"y":1,"x":0,"type":"static","presetID":174,"gravityScale":0,"runtime":"Laya.RigidBody"},"compId":5979}]},{"type":"Image","props":{"y":108,"x":9,"width":7,"skin":"Game/UI/MakeTailor/dotted1.png","rotation":-8,"presetID":175,"pivotY":7,"pivotX":4,"name":"V","height":8},"compId":5969,"child":[{"type":"Script","props":{"y":-5,"x":-3,"width":13,"presetID":176,"isSensor":true,"height":24,"runtime":"Laya.BoxCollider"},"compId":5980},{"type":"Script","props":{"y":1,"x":0,"type":"static","presetID":177,"gravityScale":0,"runtime":"Laya.RigidBody"},"compId":5981}]}]},{"type":"Sprite","props":{"y":129.5,"x":500.637759708139,"texture":"Game/UI/MakeTailor/diy_top_003_final/x5.png","presetID":178,"name":"Line04"},"compId":2754,"child":[{"type":"Image","props":{"y":8,"x":10,"width":7,"skin":"Game/UI/MakeTailor/dotted1.png","rotation":-3,"presetID":179,"pivotY":7,"pivotX":4,"name":"V","height":14},"compId":2844,"child":[{"type":"Script","props":{"y":-5,"x":-3,"width":13,"presetID":180,"isSensor":true,"height":24,"runtime":"Laya.BoxCollider"},"compId":2845},{"type":"Script","props":{"y":1,"x":0,"type":"static","presetID":181,"gravityScale":0,"runtime":"Laya.RigidBody"},"compId":2846}]},{"type":"Image","props":{"y":27,"x":11,"width":7,"skin":"Game/UI/MakeTailor/dotted1.png","rotation":-1,"presetID":182,"pivotY":7,"pivotX":4,"name":"V","height":14},"compId":2847,"child":[{"type":"Script","props":{"y":-5,"x":-3,"width":13,"presetID":183,"isSensor":true,"height":24,"runtime":"Laya.BoxCollider"},"compId":2848},{"type":"Script","props":{"y":1,"x":0,"type":"static","presetID":184,"gravityScale":0,"runtime":"Laya.RigidBody"},"compId":2849}]},{"type":"Image","props":{"y":49,"x":11,"width":7,"skin":"Game/UI/MakeTailor/dotted1.png","rotation":3,"presetID":185,"pivotY":7,"pivotX":4,"name":"V","height":14},"compId":2850,"child":[{"type":"Script","props":{"y":-5,"x":-3,"width":13,"presetID":186,"isSensor":true,"height":24,"runtime":"Laya.BoxCollider"},"compId":2851},{"type":"Script","props":{"y":1,"x":0,"type":"static","presetID":187,"gravityScale":0,"runtime":"Laya.RigidBody"},"compId":2852}]},{"type":"Image","props":{"y":70,"x":9,"width":7,"skin":"Game/UI/MakeTailor/dotted1.png","rotation":6,"presetID":188,"pivotY":7,"pivotX":4,"name":"V","height":14},"compId":2853,"child":[{"type":"Script","props":{"y":-5,"x":-3,"width":13,"presetID":189,"isSensor":true,"height":24,"runtime":"Laya.BoxCollider"},"compId":2854},{"type":"Script","props":{"y":1,"x":0,"type":"static","presetID":190,"gravityScale":0,"runtime":"Laya.RigidBody"},"compId":2855}]},{"type":"Image","props":{"y":89,"x":7,"width":7,"skin":"Game/UI/MakeTailor/dotted1.png","rotation":7,"presetID":191,"pivotY":7,"pivotX":4,"name":"V","height":14},"compId":5958,"child":[{"type":"Script","props":{"y":-5,"x":-3,"width":13,"presetID":192,"isSensor":true,"height":24,"runtime":"Laya.BoxCollider"},"compId":5959},{"type":"Script","props":{"y":1,"x":0,"type":"static","presetID":193,"gravityScale":0,"runtime":"Laya.RigidBody"},"compId":5960}]},{"type":"Image","props":{"y":109,"x":4,"width":7,"skin":"Game/UI/MakeTailor/dotted1.png","rotation":10,"presetID":194,"pivotY":7,"pivotX":4,"name":"V","height":8},"compId":5961,"child":[{"type":"Script","props":{"y":-5,"x":-3,"width":13,"presetID":195,"isSensor":true,"height":24,"runtime":"Laya.BoxCollider"},"compId":5962},{"type":"Script","props":{"y":1,"x":0,"type":"static","presetID":196,"gravityScale":0,"runtime":"Laya.RigidBody"},"compId":5963}]}]},{"type":"Sprite","props":{"y":253,"x":233.61553277608334,"width":73,"texture":"Game/UI/MakeTailor/diy_top_003_final/x2.png","presetID":197,"name":"Line03","height":41},"compId":2653,"child":[{"type":"Image","props":{"y":7,"x":5,"width":7,"skin":"Game/UI/MakeTailor/dotted1.png","rotation":-43,"presetID":198,"pivotY":7,"pivotX":4,"name":"V","height":14},"compId":2744,"child":[{"type":"Script","props":{"y":-5,"x":-3,"width":13,"presetID":199,"isSensor":true,"height":24,"runtime":"Laya.BoxCollider"},"compId":2745},{"type":"Script","props":{"y":1,"x":0,"type":"static","presetID":200,"gravityScale":0,"runtime":"Laya.RigidBody"},"compId":2746}]},{"type":"Image","props":{"y":20,"x":18,"width":7,"skin":"Game/UI/MakeTailor/dotted1.png","rotation":-47,"presetID":201,"pivotY":7,"pivotX":4,"name":"V","height":14},"compId":5931,"child":[{"type":"Script","props":{"y":-5,"x":-3,"width":13,"presetID":202,"isSensor":true,"height":24,"runtime":"Laya.BoxCollider"},"compId":5932},{"type":"Script","props":{"y":1,"x":0,"type":"static","presetID":203,"gravityScale":0,"runtime":"Laya.RigidBody"},"compId":5933}]},{"type":"Image","props":{"y":34,"x":33,"width":7,"skin":"Game/UI/MakeTailor/dotted1.png","rotation":-48,"presetID":204,"pivotY":7,"pivotX":4,"name":"V","height":10},"compId":5934,"child":[{"type":"Script","props":{"y":-5,"x":-3,"width":13,"presetID":205,"isSensor":true,"height":18,"runtime":"Laya.BoxCollider"},"compId":5935},{"type":"Script","props":{"y":1,"x":0,"type":"static","presetID":206,"gravityScale":0,"runtime":"Laya.RigidBody"},"compId":5936}]},{"type":"Image","props":{"y":35,"x":40,"width":7,"skin":"Game/UI/MakeTailor/dotted1.png","rotation":45,"presetID":207,"pivotY":7,"pivotX":4,"name":"V","height":10},"compId":5940,"child":[{"type":"Script","props":{"y":-5,"x":-3,"width":13,"presetID":208,"isSensor":true,"height":18,"runtime":"Laya.BoxCollider"},"compId":5941},{"type":"Script","props":{"y":1,"x":0,"type":"static","presetID":209,"gravityScale":0,"runtime":"Laya.RigidBody"},"compId":5942}]},{"type":"Image","props":{"y":21,"x":54,"width":7,"skin":"Game/UI/MakeTailor/dotted1.png","rotation":44,"presetID":210,"pivotY":7,"pivotX":4,"name":"V","height":14},"compId":5943,"child":[{"type":"Script","props":{"y":-5,"x":-3,"width":13,"presetID":211,"isSensor":true,"height":24,"runtime":"Laya.BoxCollider"},"compId":5944},{"type":"Script","props":{"y":1,"x":0,"type":"static","presetID":212,"gravityScale":0,"runtime":"Laya.RigidBody"},"compId":5945}]},{"type":"Image","props":{"y":7,"x":68,"width":7,"skin":"Game/UI/MakeTailor/dotted1.png","rotation":44,"presetID":213,"pivotY":7,"pivotX":4,"name":"V","height":14},"compId":5946,"child":[{"type":"Script","props":{"y":-5,"x":-3,"width":13,"presetID":214,"isSensor":true,"height":24,"runtime":"Laya.BoxCollider"},"compId":5947},{"type":"Script","props":{"y":1,"x":0,"type":"static","presetID":215,"gravityScale":0,"runtime":"Laya.RigidBody"},"compId":5948}]},{"type":"Image","props":{"y":3,"x":54,"width":7,"skin":"Game/UI/MakeTailor/dotted1.png","rotation":90,"presetID":216,"pivotY":7,"pivotX":4,"name":"A","height":14},"compId":5949,"child":[{"type":"Script","props":{"y":-5,"x":-3,"width":13,"presetID":217,"isSensor":true,"height":24,"runtime":"Laya.BoxCollider"},"compId":5950},{"type":"Script","props":{"y":1,"x":0,"type":"static","presetID":218,"gravityScale":0,"runtime":"Laya.RigidBody"},"compId":5951}]},{"type":"Image","props":{"y":3,"x":34,"width":7,"skin":"Game/UI/MakeTailor/dotted1.png","rotation":90,"presetID":219,"pivotY":7,"pivotX":4,"name":"A","height":14},"compId":5952,"child":[{"type":"Script","props":{"y":-5,"x":-3,"width":13,"presetID":220,"isSensor":true,"height":24,"runtime":"Laya.BoxCollider"},"compId":5953},{"type":"Script","props":{"y":1,"x":0,"type":"static","presetID":221,"gravityScale":0,"runtime":"Laya.RigidBody"},"compId":5954}]},{"type":"Image","props":{"y":3,"x":14,"width":7,"skin":"Game/UI/MakeTailor/dotted1.png","rotation":90,"presetID":222,"pivotY":7,"pivotX":4,"name":"A","height":14},"compId":5955,"child":[{"type":"Script","props":{"y":-5,"x":-3,"width":13,"presetID":223,"isSensor":true,"height":24,"runtime":"Laya.BoxCollider"},"compId":5956},{"type":"Script","props":{"y":1,"x":0,"type":"static","presetID":224,"gravityScale":0,"runtime":"Laya.RigidBody"},"compId":5957}]}]},{"type":"Sprite","props":{"y":209.5,"x":202.05776638804167,"texture":"Game/UI/MakeTailor/diy_top_003_final/x3.png","presetID":225,"name":"Line02"},"compId":2601,"child":[{"type":"Image","props":{"y":10,"x":6,"width":7,"skin":"Game/UI/MakeTailor/dotted1.png","rotation":-27,"presetID":226,"pivotY":7,"pivotX":4,"name":"V","height":14},"compId":2650,"child":[{"type":"Script","props":{"y":-5,"x":-3,"width":13,"presetID":227,"isSensor":true,"height":24,"runtime":"Laya.BoxCollider"},"compId":2651},{"type":"Script","props":{"type":"static","presetID":228,"gravityScale":0,"runtime":"Laya.RigidBody"},"compId":2652}]},{"type":"Image","props":{"y":26,"x":15,"width":7,"skin":"Game/UI/MakeTailor/dotted1.png","rotation":-30,"presetID":229,"pivotY":7,"pivotX":4,"name":"V","height":14},"compId":5889,"child":[{"type":"Script","props":{"y":-5,"x":-3,"width":13,"presetID":230,"isSensor":true,"height":24,"runtime":"Laya.BoxCollider"},"compId":5890},{"type":"Script","props":{"type":"static","presetID":231,"gravityScale":0,"runtime":"Laya.RigidBody"},"compId":5891}]},{"type":"Image","props":{"y":38,"x":26,"width":7,"skin":"Game/UI/MakeTailor/dotted1.png","rotation":90,"presetID":232,"pivotY":7,"pivotX":4,"name":"A","height":14},"compId":5892,"child":[{"type":"Script","props":{"y":-5,"x":-3,"width":13,"presetID":233,"isSensor":true,"height":24,"runtime":"Laya.BoxCollider"},"compId":5893},{"type":"Script","props":{"type":"static","presetID":234,"gravityScale":0,"runtime":"Laya.RigidBody"},"compId":5894}]},{"type":"Image","props":{"y":38,"x":46,"width":7,"skin":"Game/UI/MakeTailor/dotted1.png","rotation":90,"presetID":235,"pivotY":7,"pivotX":4,"name":"A","height":14},"compId":5895,"child":[{"type":"Script","props":{"y":-5,"x":-3,"width":13,"presetID":236,"isSensor":true,"height":24,"runtime":"Laya.BoxCollider"},"compId":5896},{"type":"Script","props":{"type":"static","presetID":237,"gravityScale":0,"runtime":"Laya.RigidBody"},"compId":5897}]},{"type":"Image","props":{"y":38,"x":66,"width":7,"skin":"Game/UI/MakeTailor/dotted1.png","rotation":90,"presetID":238,"pivotY":7,"pivotX":4,"name":"A","height":14},"compId":5898,"child":[{"type":"Script","props":{"y":-5,"x":-3,"width":13,"presetID":239,"isSensor":true,"height":24,"runtime":"Laya.BoxCollider"},"compId":5899},{"type":"Script","props":{"type":"static","presetID":240,"gravityScale":0,"runtime":"Laya.RigidBody"},"compId":5900}]},{"type":"Image","props":{"y":38,"x":84,"width":7,"skin":"Game/UI/MakeTailor/dotted1.png","rotation":90,"presetID":241,"pivotY":7,"pivotX":4,"name":"A","height":14},"compId":5901,"child":[{"type":"Script","props":{"y":-5,"x":-3,"width":13,"presetID":242,"isSensor":true,"height":24,"runtime":"Laya.BoxCollider"},"compId":5902},{"type":"Script","props":{"type":"static","presetID":243,"gravityScale":0,"runtime":"Laya.RigidBody"},"compId":5903}]},{"type":"Image","props":{"y":38,"x":104,"width":7,"skin":"Game/UI/MakeTailor/dotted1.png","rotation":90,"presetID":244,"pivotY":7,"pivotX":4,"name":"A","height":14},"compId":5904,"child":[{"type":"Script","props":{"y":-5,"x":-3,"width":13,"presetID":245,"isSensor":true,"height":24,"runtime":"Laya.BoxCollider"},"compId":5905},{"type":"Script","props":{"type":"static","presetID":246,"gravityScale":0,"runtime":"Laya.RigidBody"},"compId":5906}]},{"type":"Image","props":{"y":27,"x":118,"width":7,"skin":"Game/UI/MakeTailor/dotted1.png","rotation":33,"presetID":247,"pivotY":7,"pivotX":4,"name":"V","height":14},"compId":5907,"child":[{"type":"Script","props":{"y":-5,"x":-3,"width":13,"presetID":248,"isSensor":true,"height":24,"runtime":"Laya.BoxCollider"},"compId":5908},{"type":"Script","props":{"type":"static","presetID":249,"gravityScale":0,"runtime":"Laya.RigidBody"},"compId":5909}]},{"type":"Image","props":{"y":9,"x":129,"width":7,"skin":"Game/UI/MakeTailor/dotted1.png","rotation":30,"presetID":250,"pivotY":7,"pivotX":4,"name":"V","height":14},"compId":5910,"child":[{"type":"Script","props":{"y":-5,"x":-3,"width":13,"presetID":251,"isSensor":true,"height":24,"runtime":"Laya.BoxCollider"},"compId":5911},{"type":"Script","props":{"type":"static","presetID":252,"gravityScale":0,"runtime":"Laya.RigidBody"},"compId":5912}]},{"type":"Image","props":{"y":4,"x":119,"width":7,"skin":"Game/UI/MakeTailor/dotted1.png","rotation":72,"presetID":253,"pivotY":7,"pivotX":4,"name":"A","height":14},"compId":5913,"child":[{"type":"Script","props":{"y":-5,"x":-3,"width":13,"presetID":254,"isSensor":true,"height":24,"runtime":"Laya.BoxCollider"},"compId":5914},{"type":"Script","props":{"type":"static","presetID":255,"gravityScale":0,"runtime":"Laya.RigidBody"},"compId":5915}]},{"type":"Image","props":{"y":8,"x":99,"width":7,"skin":"Game/UI/MakeTailor/dotted1.png","rotation":84,"presetID":256,"pivotY":7,"pivotX":4,"name":"A","height":14},"compId":5916,"child":[{"type":"Script","props":{"y":-5,"x":-3,"width":13,"presetID":257,"isSensor":true,"height":24,"runtime":"Laya.BoxCollider"},"compId":5917},{"type":"Script","props":{"type":"static","presetID":258,"gravityScale":0,"runtime":"Laya.RigidBody"},"compId":5918}]},{"type":"Image","props":{"y":9,"x":78,"width":7,"skin":"Game/UI/MakeTailor/dotted1.png","rotation":90,"presetID":259,"pivotY":7,"pivotX":4,"name":"A","height":14},"compId":5919,"child":[{"type":"Script","props":{"y":-5,"x":-3,"width":13,"presetID":260,"isSensor":true,"height":24,"runtime":"Laya.BoxCollider"},"compId":5920},{"type":"Script","props":{"type":"static","presetID":261,"gravityScale":0,"runtime":"Laya.RigidBody"},"compId":5921}]},{"type":"Image","props":{"y":9,"x":57,"width":7,"skin":"Game/UI/MakeTailor/dotted1.png","rotation":90,"presetID":262,"pivotY":7,"pivotX":4,"name":"A","height":14},"compId":5922,"child":[{"type":"Script","props":{"y":-5,"x":-3,"width":13,"presetID":263,"isSensor":true,"height":24,"runtime":"Laya.BoxCollider"},"compId":5923},{"type":"Script","props":{"type":"static","presetID":264,"gravityScale":0,"runtime":"Laya.RigidBody"},"compId":5924}]},{"type":"Image","props":{"y":8,"x":36,"width":7,"skin":"Game/UI/MakeTailor/dotted1.png","rotation":95,"presetID":265,"pivotY":7,"pivotX":4,"name":"A","height":14},"compId":5925,"child":[{"type":"Script","props":{"y":-5,"x":-3,"width":13,"presetID":266,"isSensor":true,"height":24,"runtime":"Laya.BoxCollider"},"compId":5926},{"type":"Script","props":{"type":"static","presetID":267,"gravityScale":0,"runtime":"Laya.RigidBody"},"compId":5927}]},{"type":"Image","props":{"y":5,"x":16,"width":7,"skin":"Game/UI/MakeTailor/dotted1.png","rotation":100,"presetID":268,"pivotY":7,"pivotX":4,"name":"A","height":14},"compId":5928,"child":[{"type":"Script","props":{"y":-5,"x":-3,"width":13,"presetID":269,"isSensor":true,"height":24,"runtime":"Laya.BoxCollider"},"compId":5929},{"type":"Script","props":{"type":"static","presetID":270,"gravityScale":0,"runtime":"Laya.RigidBody"},"compId":5930}]}]},{"type":"Sprite","props":{"y":147.5,"x":193.11553277608337,"texture":"Game/UI/MakeTailor/diy_top_003_final/x1.png","presetID":271,"name":"Line01"},"compId":2579,"child":[{"type":"Image","props":{"y":6,"x":7,"width":7,"skin":"Game/UI/MakeTailor/dotted1.png","rotation":120,"presetID":272,"pivotY":7,"pivotX":4,"name":"A","height":14},"compId":2598,"child":[{"type":"Script","props":{"y":-5,"x":-3,"width":13,"presetID":273,"isSensor":true,"height":24,"runtime":"Laya.BoxCollider"},"compId":2599},{"type":"Script","props":{"type":"static","presetID":274,"gravityScale":0,"runtime":"Laya.RigidBody"},"compId":2600}]},{"type":"Image","props":{"y":15,"x":23,"width":7,"skin":"Game/UI/MakeTailor/dotted1.png","rotation":120,"presetID":275,"pivotY":7,"pivotX":4,"name":"A","height":14},"compId":5829,"child":[{"type":"Script","props":{"y":-5,"x":-3,"width":13,"presetID":276,"isSensor":true,"height":24,"runtime":"Laya.BoxCollider"},"compId":5830},{"type":"Script","props":{"type":"static","presetID":277,"gravityScale":0,"runtime":"Laya.RigidBody"},"compId":5831}]},{"type":"Image","props":{"y":25,"x":40,"width":7,"skin":"Game/UI/MakeTailor/dotted1.png","rotation":119,"presetID":278,"pivotY":7,"pivotX":4,"name":"A","height":14},"compId":5832,"child":[{"type":"Script","props":{"y":-5,"x":-3,"width":13,"presetID":279,"isSensor":true,"height":24,"runtime":"Laya.BoxCollider"},"compId":5833},{"type":"Script","props":{"type":"static","presetID":280,"gravityScale":0,"runtime":"Laya.RigidBody"},"compId":5834}]},{"type":"Image","props":{"y":30,"x":56,"width":7,"skin":"Game/UI/MakeTailor/dotted1.png","rotation":90,"presetID":281,"pivotY":7,"pivotX":4,"name":"A","height":14},"compId":5835,"child":[{"type":"Script","props":{"y":-5,"x":-3,"width":13,"presetID":282,"isSensor":true,"height":24,"runtime":"Laya.BoxCollider"},"compId":5836},{"type":"Script","props":{"type":"static","presetID":283,"gravityScale":0,"runtime":"Laya.RigidBody"},"compId":5837}]},{"type":"Image","props":{"y":30,"x":76,"width":7,"skin":"Game/UI/MakeTailor/dotted1.png","rotation":90,"presetID":284,"pivotY":7,"pivotX":4,"name":"A","height":14},"compId":5838,"child":[{"type":"Script","props":{"y":-5,"x":-3,"width":13,"presetID":285,"isSensor":true,"height":24,"runtime":"Laya.BoxCollider"},"compId":5839},{"type":"Script","props":{"type":"static","presetID":286,"gravityScale":0,"runtime":"Laya.RigidBody"},"compId":5840}]},{"type":"Image","props":{"y":30,"x":95,"width":7,"skin":"Game/UI/MakeTailor/dotted1.png","rotation":90,"presetID":287,"pivotY":7,"pivotX":4,"name":"A","height":14},"compId":5841,"child":[{"type":"Script","props":{"y":-5,"x":-3,"width":13,"presetID":288,"isSensor":true,"height":24,"runtime":"Laya.BoxCollider"},"compId":5842},{"type":"Script","props":{"type":"static","presetID":289,"gravityScale":0,"runtime":"Laya.RigidBody"},"compId":5843}]},{"type":"Image","props":{"y":25,"x":112,"width":7,"skin":"Game/UI/MakeTailor/dotted1.png","rotation":61,"presetID":290,"pivotY":7,"pivotX":4,"name":"A","height":14},"compId":5844,"child":[{"type":"Script","props":{"y":-5,"x":-3,"width":13,"presetID":291,"isSensor":true,"height":24,"runtime":"Laya.BoxCollider"},"compId":5845},{"type":"Script","props":{"type":"static","presetID":292,"gravityScale":0,"runtime":"Laya.RigidBody"},"compId":5846}]},{"type":"Image","props":{"y":16,"x":129,"width":7,"skin":"Game/UI/MakeTailor/dotted1.png","rotation":61,"presetID":293,"pivotY":7,"pivotX":4,"name":"A","height":14},"compId":5847,"child":[{"type":"Script","props":{"y":-5,"x":-3,"width":13,"presetID":294,"isSensor":true,"height":24,"runtime":"Laya.BoxCollider"},"compId":5848},{"type":"Script","props":{"type":"static","presetID":295,"gravityScale":0,"runtime":"Laya.RigidBody"},"compId":5849}]},{"type":"Image","props":{"y":6,"x":146,"width":7,"skin":"Game/UI/MakeTailor/dotted1.png","rotation":61,"presetID":296,"pivotY":7,"pivotX":4,"name":"A","height":14},"compId":5850,"child":[{"type":"Script","props":{"y":-5,"x":-3,"width":13,"presetID":297,"isSensor":true,"height":24,"runtime":"Laya.BoxCollider"},"compId":5851},{"type":"Script","props":{"type":"static","presetID":298,"gravityScale":0,"runtime":"Laya.RigidBody"},"compId":5852}]},{"type":"Image","props":{"y":16,"x":152,"width":7,"skin":"Game/UI/MakeTailor/dotted1.png","rotation":6,"presetID":299,"pivotY":7,"pivotX":4,"name":"V","height":14},"compId":5853,"child":[{"type":"Script","props":{"y":-5,"x":-3,"width":13,"presetID":300,"isSensor":true,"height":24,"runtime":"Laya.BoxCollider"},"compId":5854},{"type":"Script","props":{"type":"static","presetID":301,"gravityScale":0,"runtime":"Laya.RigidBody"},"compId":5855}]},{"type":"Image","props":{"y":35,"x":150,"width":7,"skin":"Game/UI/MakeTailor/dotted1.png","rotation":9,"presetID":302,"pivotY":7,"pivotX":4,"name":"V","height":14},"compId":5856,"child":[{"type":"Script","props":{"y":-5,"x":-3,"width":13,"presetID":303,"isSensor":true,"height":24,"runtime":"Laya.BoxCollider"},"compId":5857},{"type":"Script","props":{"type":"static","presetID":304,"gravityScale":0,"runtime":"Laya.RigidBody"},"compId":5858}]},{"type":"Image","props":{"y":51,"x":142,"width":7,"skin":"Game/UI/MakeTailor/dotted1.png","rotation":47,"presetID":305,"pivotY":7,"pivotX":4,"name":"V","height":14},"compId":5859,"child":[{"type":"Script","props":{"y":-5,"x":-3,"width":13,"presetID":306,"isSensor":true,"height":24,"runtime":"Laya.BoxCollider"},"compId":5860},{"type":"Script","props":{"type":"static","presetID":307,"gravityScale":0,"runtime":"Laya.RigidBody"},"compId":5861}]},{"type":"Image","props":{"y":59,"x":126,"width":7,"skin":"Game/UI/MakeTailor/dotted1.png","rotation":84,"presetID":308,"pivotY":7,"pivotX":4,"name":"A","height":14},"compId":5862,"child":[{"type":"Script","props":{"y":-5,"x":-3,"width":13,"presetID":309,"isSensor":true,"height":24,"runtime":"Laya.BoxCollider"},"compId":5863},{"type":"Script","props":{"type":"static","presetID":310,"gravityScale":0,"runtime":"Laya.RigidBody"},"compId":5864}]},{"type":"Image","props":{"y":61,"x":106,"width":7,"skin":"Game/UI/MakeTailor/dotted1.png","rotation":86,"presetID":311,"pivotY":7,"pivotX":4,"name":"A","height":14},"compId":5865,"child":[{"type":"Script","props":{"y":-5,"x":-3,"width":13,"presetID":312,"isSensor":true,"height":24,"runtime":"Laya.BoxCollider"},"compId":5866},{"type":"Script","props":{"type":"static","presetID":313,"gravityScale":0,"runtime":"Laya.RigidBody"},"compId":5867}]},{"type":"Image","props":{"y":62,"x":86,"width":7,"skin":"Game/UI/MakeTailor/dotted1.png","rotation":90,"presetID":314,"pivotY":7,"pivotX":4,"name":"A","height":14},"compId":5868,"child":[{"type":"Script","props":{"y":-5,"x":-3,"width":13,"presetID":315,"isSensor":true,"height":24,"runtime":"Laya.BoxCollider"},"compId":5869},{"type":"Script","props":{"type":"static","presetID":316,"gravityScale":0,"runtime":"Laya.RigidBody"},"compId":5870}]},{"type":"Image","props":{"y":62,"x":66,"width":7,"skin":"Game/UI/MakeTailor/dotted1.png","rotation":91,"presetID":317,"pivotY":7,"pivotX":4,"name":"A","height":14},"compId":5871,"child":[{"type":"Script","props":{"y":-5,"x":-3,"width":13,"presetID":318,"isSensor":true,"height":24,"runtime":"Laya.BoxCollider"},"compId":5872},{"type":"Script","props":{"type":"static","presetID":319,"gravityScale":0,"runtime":"Laya.RigidBody"},"compId":5873}]},{"type":"Image","props":{"y":60,"x":45,"width":7,"skin":"Game/UI/MakeTailor/dotted1.png","rotation":95,"presetID":320,"pivotY":7,"pivotX":4,"name":"A","height":14},"compId":5874,"child":[{"type":"Script","props":{"y":-5,"x":-3,"width":13,"presetID":321,"isSensor":true,"height":24,"runtime":"Laya.BoxCollider"},"compId":5875},{"type":"Script","props":{"type":"static","presetID":322,"gravityScale":0,"runtime":"Laya.RigidBody"},"compId":5876}]},{"type":"Image","props":{"y":58,"x":25,"width":7,"skin":"Game/UI/MakeTailor/dotted1.png","rotation":96,"presetID":323,"pivotY":7,"pivotX":4,"name":"A","height":14},"compId":5877,"child":[{"type":"Script","props":{"y":-5,"x":-3,"width":13,"presetID":324,"isSensor":true,"height":24,"runtime":"Laya.BoxCollider"},"compId":5878},{"type":"Script","props":{"type":"static","presetID":325,"gravityScale":0,"runtime":"Laya.RigidBody"},"compId":5879}]},{"type":"Image","props":{"y":49,"x":11,"width":7,"skin":"Game/UI/MakeTailor/dotted1.png","rotation":-36,"presetID":326,"pivotY":7,"pivotX":4,"name":"V","height":14},"compId":5880,"child":[{"type":"Script","props":{"y":-5,"x":-3,"width":13,"presetID":327,"isSensor":true,"height":24,"runtime":"Laya.BoxCollider"},"compId":5881},{"type":"Script","props":{"type":"static","presetID":328,"gravityScale":0,"runtime":"Laya.RigidBody"},"compId":5882}]},{"type":"Image","props":{"y":35,"x":5,"width":7,"skin":"Game/UI/MakeTailor/dotted1.png","rotation":-10,"presetID":329,"pivotY":7,"pivotX":4,"name":"V","height":14},"compId":5883,"child":[{"type":"Script","props":{"y":-5,"x":-3,"width":13,"presetID":330,"isSensor":true,"height":24,"runtime":"Laya.BoxCollider"},"compId":5884},{"type":"Script","props":{"type":"static","presetID":331,"gravityScale":0,"runtime":"Laya.RigidBody"},"compId":5885}]},{"type":"Image","props":{"y":18,"x":3,"width":7,"skin":"Game/UI/MakeTailor/dotted1.png","rotation":-2,"presetID":332,"pivotY":7,"pivotX":4,"name":"V","height":14},"compId":5886,"child":[{"type":"Script","props":{"y":-5,"x":-3,"width":13,"presetID":333,"isSensor":true,"height":24,"runtime":"Laya.BoxCollider"},"compId":5887},{"type":"Script","props":{"type":"static","presetID":334,"gravityScale":0,"runtime":"Laya.RigidBody"},"compId":5888}]}]}]}],"loadList":["Game/UI/MakeTailor/diy_top_003_final/q1.png","Game/UI/MakeTailor/diy_top_003_final/s8.png","Game/UI/MakeTailor/diy_top_003_final/s7.png","Game/UI/MakeTailor/diy_top_003_final/s6.png","Game/UI/MakeTailor/diy_top_003_final/s4.png","Game/UI/MakeTailor/diy_top_003_final/s5.png","Game/UI/MakeTailor/diy_top_003_final/s2.png","Game/UI/MakeTailor/diy_top_003_final/s3.png","Game/UI/MakeTailor/diy_top_003_final/s1.png","Game/UI/MakeTailor/diy_top_003_final/x8.png","Game/UI/MakeTailor/dotted1.png","Game/UI/MakeTailor/diy_top_003_final/x7.png","Game/UI/MakeTailor/diy_top_003_final/x6.png","Game/UI/MakeTailor/diy_top_003_final/x4.png","Game/UI/MakeTailor/diy_top_003_final/x5.png","Game/UI/MakeTailor/diy_top_003_final/x2.png","Game/UI/MakeTailor/diy_top_003_final/x3.png","Game/UI/MakeTailor/diy_top_003_final/x1.png"],"loadList3D":[]}