{"type":"Box","props":{"y":0,"x":0,"width":720,"scaleY":1,"scaleX":1,"presetID":1,"isPresetRoot":true,"height":720,"centerY":0,"centerX":0},"compId":6379,"child":[{"type":"Sprite","props":{"y":225,"x":192,"texture":"Game/UI/MakeTailor/diy_bottom_002_final/q1.png","presetID":2,"name":"Ultimately"},"compId":2577},{"type":"Sprite","props":{"y":141,"x":-102,"width":891,"texture":"Game/UI/MakeTailor/diy_bottom_002_final/s1.png","presetID":3,"name":"Cloth01_RU","height":499},"compId":2986},{"type":"Image","props":{"y":-38,"width":512,"presetID":4,"name":"LineParent","height":725,"centerX":0},"compId":2578,"child":[{"type":"Sprite","props":{"y":258,"x":88,"width":303,"texture":"Game/UI/MakeTailor/diy_bottom_002_final/x1.png","presetID":5,"name":"Line01","height":311},"compId":2579,"child":[{"type":"Image","props":{"y":15,"x":69,"width":7,"skin":"Game/UI/MakeTailor/dotted1.png","rotation":20,"presetID":6,"pivotY":7,"pivotX":4,"name":"V","height":14},"compId":5886,"child":[{"type":"Script","props":{"y":-5,"x":-3,"width":13,"presetID":7,"isSensor":true,"height":24,"runtime":"Laya.BoxCollider"},"compId":5887},{"type":"Script","props":{"type":"static","presetID":8,"gravityScale":0,"runtime":"Laya.RigidBody"},"compId":5888}]},{"type":"Image","props":{"y":35,"x":62,"width":7,"skin":"Game/UI/MakeTailor/dotted1.png","rotation":21,"presetID":9,"pivotY":7,"pivotX":4,"name":"V","height":14},"compId":6385,"child":[{"type":"Script","props":{"y":-5,"x":-3,"width":13,"presetID":10,"isSensor":true,"height":24,"runtime":"Laya.BoxCollider"},"compId":6386},{"type":"Script","props":{"type":"static","presetID":11,"gravityScale":0,"runtime":"Laya.RigidBody"},"compId":6387}]},{"type":"Image","props":{"y":55,"x":55,"width":7,"skin":"Game/UI/MakeTailor/dotted1.png","rotation":19,"presetID":12,"pivotY":7,"pivotX":4,"name":"V","height":14},"compId":6388,"child":[{"type":"Script","props":{"y":-5,"x":-3,"width":13,"presetID":13,"isSensor":true,"height":24,"runtime":"Laya.BoxCollider"},"compId":6389},{"type":"Script","props":{"type":"static","presetID":14,"gravityScale":0,"runtime":"Laya.RigidBody"},"compId":6390}]},{"type":"Image","props":{"y":75,"x":48,"width":7,"skin":"Game/UI/MakeTailor/dotted1.png","rotation":18,"presetID":15,"pivotY":7,"pivotX":4,"name":"V","height":14},"compId":6391,"child":[{"type":"Script","props":{"y":-5,"x":-3,"width":13,"presetID":16,"isSensor":true,"height":24,"runtime":"Laya.BoxCollider"},"compId":6392},{"type":"Script","props":{"type":"static","presetID":17,"gravityScale":0,"runtime":"Laya.RigidBody"},"compId":6393}]},{"type":"Image","props":{"y":96,"x":41,"width":7,"skin":"Game/UI/MakeTailor/dotted1.png","rotation":18,"presetID":18,"pivotY":7,"pivotX":4,"name":"V","height":14},"compId":6394,"child":[{"type":"Script","props":{"y":-5,"x":-3,"width":13,"presetID":19,"isSensor":true,"height":24,"runtime":"Laya.BoxCollider"},"compId":6395},{"type":"Script","props":{"type":"static","presetID":20,"gravityScale":0,"runtime":"Laya.RigidBody"},"compId":6396}]},{"type":"Image","props":{"y":117,"x":35,"width":7,"skin":"Game/UI/MakeTailor/dotted1.png","rotation":17,"presetID":21,"pivotY":7,"pivotX":4,"name":"V","height":14},"compId":6397,"child":[{"type":"Script","props":{"y":-5,"x":-3,"width":13,"presetID":22,"isSensor":true,"height":24,"runtime":"Laya.BoxCollider"},"compId":6398},{"type":"Script","props":{"type":"static","presetID":23,"gravityScale":0,"runtime":"Laya.RigidBody"},"compId":6399}]},{"type":"Image","props":{"y":138,"x":30,"width":7,"skin":"Game/UI/MakeTailor/dotted1.png","rotation":14,"presetID":24,"pivotY":7,"pivotX":4,"name":"V","height":14},"compId":6400,"child":[{"type":"Script","props":{"y":-5,"x":-3,"width":13,"presetID":25,"isSensor":true,"height":24,"runtime":"Laya.BoxCollider"},"compId":6401},{"type":"Script","props":{"type":"static","presetID":26,"gravityScale":0,"runtime":"Laya.RigidBody"},"compId":6402}]},{"type":"Image","props":{"y":159,"x":25,"width":7,"skin":"Game/UI/MakeTailor/dotted1.png","rotation":14,"presetID":27,"pivotY":7,"pivotX":4,"name":"V","height":14},"compId":6403,"child":[{"type":"Script","props":{"y":-5,"x":-3,"width":13,"presetID":28,"isSensor":true,"height":24,"runtime":"Laya.BoxCollider"},"compId":6404},{"type":"Script","props":{"type":"static","presetID":29,"gravityScale":0,"runtime":"Laya.RigidBody"},"compId":6405}]},{"type":"Image","props":{"y":179,"x":21,"width":7,"skin":"Game/UI/MakeTailor/dotted1.png","rotation":11,"presetID":30,"pivotY":7,"pivotX":4,"name":"V","height":14},"compId":6406,"child":[{"type":"Script","props":{"y":-5,"x":-3,"width":13,"presetID":31,"isSensor":true,"height":24,"runtime":"Laya.BoxCollider"},"compId":6407},{"type":"Script","props":{"type":"static","presetID":32,"gravityScale":0,"runtime":"Laya.RigidBody"},"compId":6408}]},{"type":"Image","props":{"y":200,"x":17,"width":7,"skin":"Game/UI/MakeTailor/dotted1.png","rotation":10,"presetID":33,"pivotY":7,"pivotX":4,"name":"V","height":14},"compId":6409,"child":[{"type":"Script","props":{"y":-5,"x":-3,"width":13,"presetID":34,"isSensor":true,"height":24,"runtime":"Laya.BoxCollider"},"compId":6410},{"type":"Script","props":{"type":"static","presetID":35,"gravityScale":0,"runtime":"Laya.RigidBody"},"compId":6411}]},{"type":"Image","props":{"y":221,"x":14,"width":7,"skin":"Game/UI/MakeTailor/dotted1.png","rotation":9,"presetID":36,"pivotY":7,"pivotX":4,"name":"V","height":14},"compId":6412,"child":[{"type":"Script","props":{"y":-5,"x":-3,"width":13,"presetID":37,"isSensor":true,"height":24,"runtime":"Laya.BoxCollider"},"compId":6413},{"type":"Script","props":{"type":"static","presetID":38,"gravityScale":0,"runtime":"Laya.RigidBody"},"compId":6414}]},{"type":"Image","props":{"y":242,"x":11,"width":7,"skin":"Game/UI/MakeTailor/dotted1.png","rotation":9,"presetID":39,"pivotY":7,"pivotX":4,"name":"V","height":14},"compId":6415,"child":[{"type":"Script","props":{"y":-5,"x":-3,"width":13,"presetID":40,"isSensor":true,"height":24,"runtime":"Laya.BoxCollider"},"compId":6416},{"type":"Script","props":{"type":"static","presetID":41,"gravityScale":0,"runtime":"Laya.RigidBody"},"compId":6417}]},{"type":"Image","props":{"y":262,"x":8,"width":7,"skin":"Game/UI/MakeTailor/dotted1.png","rotation":9,"presetID":42,"pivotY":7,"pivotX":4,"name":"V","height":14},"compId":6418,"child":[{"type":"Script","props":{"y":-5,"x":-3,"width":13,"presetID":43,"isSensor":true,"height":24,"runtime":"Laya.BoxCollider"},"compId":6419},{"type":"Script","props":{"type":"static","presetID":44,"gravityScale":0,"runtime":"Laya.RigidBody"},"compId":6420}]},{"type":"Image","props":{"y":283,"x":5,"width":7,"skin":"Game/UI/MakeTailor/dotted1.png","rotation":9,"presetID":45,"pivotY":7,"pivotX":4,"name":"V","height":14},"compId":6421,"child":[{"type":"Script","props":{"y":-5,"x":-3,"width":13,"presetID":46,"isSensor":true,"height":24,"runtime":"Laya.BoxCollider"},"compId":6422},{"type":"Script","props":{"type":"static","presetID":47,"gravityScale":0,"runtime":"Laya.RigidBody"},"compId":6423}]},{"type":"Image","props":{"y":295,"x":15,"width":7,"skin":"Game/UI/MakeTailor/dotted1.png","rotation":104,"presetID":48,"pivotY":7,"pivotX":4,"name":"A","height":14},"compId":6424,"child":[{"type":"Script","props":{"y":-5,"x":-3,"width":13,"presetID":49,"isSensor":true,"height":24,"runtime":"Laya.BoxCollider"},"compId":6425},{"type":"Script","props":{"type":"static","presetID":50,"gravityScale":0,"runtime":"Laya.RigidBody"},"compId":6426}]},{"type":"Image","props":{"y":300,"x":35,"width":7,"skin":"Game/UI/MakeTailor/dotted1.png","rotation":101,"presetID":51,"pivotY":7,"pivotX":4,"name":"A","height":14},"compId":6427,"child":[{"type":"Script","props":{"y":-5,"x":-3,"width":13,"presetID":52,"isSensor":true,"height":24,"runtime":"Laya.BoxCollider"},"compId":6428},{"type":"Script","props":{"type":"static","presetID":53,"gravityScale":0,"runtime":"Laya.RigidBody"},"compId":6429}]},{"type":"Image","props":{"y":304,"x":55,"width":7,"skin":"Game/UI/MakeTailor/dotted1.png","rotation":99,"presetID":54,"pivotY":7,"pivotX":4,"name":"A","height":14},"compId":6430,"child":[{"type":"Script","props":{"y":-5,"x":-3,"width":13,"presetID":55,"isSensor":true,"height":24,"runtime":"Laya.BoxCollider"},"compId":6431},{"type":"Script","props":{"type":"static","presetID":56,"gravityScale":0,"runtime":"Laya.RigidBody"},"compId":6432}]},{"type":"Image","props":{"y":307,"x":76,"width":7,"skin":"Game/UI/MakeTailor/dotted1.png","rotation":94,"presetID":57,"pivotY":7,"pivotX":4,"name":"A","height":14},"compId":6436,"child":[{"type":"Script","props":{"y":-5,"x":-3,"width":13,"presetID":58,"isSensor":true,"height":24,"runtime":"Laya.BoxCollider"},"compId":6437},{"type":"Script","props":{"type":"static","presetID":59,"gravityScale":0,"runtime":"Laya.RigidBody"},"compId":6438}]},{"type":"Image","props":{"y":308,"x":97,"width":7,"skin":"Game/UI/MakeTailor/dotted1.png","rotation":94,"presetID":60,"pivotY":7,"pivotX":4,"name":"A","height":14},"compId":6439,"child":[{"type":"Script","props":{"y":-5,"x":-3,"width":13,"presetID":61,"isSensor":true,"height":24,"runtime":"Laya.BoxCollider"},"compId":6440},{"type":"Script","props":{"type":"static","presetID":62,"gravityScale":0,"runtime":"Laya.RigidBody"},"compId":6441}]},{"type":"Image","props":{"y":309,"x":118,"width":7,"skin":"Game/UI/MakeTailor/dotted1.png","rotation":93,"presetID":63,"pivotY":7,"pivotX":4,"name":"A","height":14},"compId":6442,"child":[{"type":"Script","props":{"y":-5,"x":-3,"width":13,"presetID":64,"isSensor":true,"height":24,"runtime":"Laya.BoxCollider"},"compId":6443},{"type":"Script","props":{"type":"static","presetID":65,"gravityScale":0,"runtime":"Laya.RigidBody"},"compId":6444}]},{"type":"Image","props":{"y":310,"x":139,"width":7,"skin":"Game/UI/MakeTailor/dotted1.png","rotation":92,"presetID":66,"pivotY":7,"pivotX":4,"name":"A","height":14},"compId":6445,"child":[{"type":"Script","props":{"y":-5,"x":-3,"width":13,"presetID":67,"isSensor":true,"height":24,"runtime":"Laya.BoxCollider"},"compId":6446},{"type":"Script","props":{"type":"static","presetID":68,"gravityScale":0,"runtime":"Laya.RigidBody"},"compId":6447}]},{"type":"Image","props":{"y":310,"x":159,"width":7,"skin":"Game/UI/MakeTailor/dotted1.png","rotation":90,"presetID":69,"pivotY":7,"pivotX":4,"name":"A","height":14},"compId":6448,"child":[{"type":"Script","props":{"y":-5,"x":-3,"width":13,"presetID":70,"isSensor":true,"height":24,"runtime":"Laya.BoxCollider"},"compId":6449},{"type":"Script","props":{"type":"static","presetID":71,"gravityScale":0,"runtime":"Laya.RigidBody"},"compId":6450}]},{"type":"Image","props":{"y":310,"x":179,"width":7,"skin":"Game/UI/MakeTailor/dotted1.png","rotation":88,"presetID":72,"pivotY":7,"pivotX":4,"name":"A","height":14},"compId":6451,"child":[{"type":"Script","props":{"y":-5,"x":-3,"width":13,"presetID":73,"isSensor":true,"height":24,"runtime":"Laya.BoxCollider"},"compId":6452},{"type":"Script","props":{"type":"static","presetID":74,"gravityScale":0,"runtime":"Laya.RigidBody"},"compId":6453}]},{"type":"Image","props":{"y":309,"x":199,"width":7,"skin":"Game/UI/MakeTailor/dotted1.png","rotation":88,"presetID":75,"pivotY":7,"pivotX":4,"name":"A","height":14},"compId":6454,"child":[{"type":"Script","props":{"y":-5,"x":-3,"width":13,"presetID":76,"isSensor":true,"height":24,"runtime":"Laya.BoxCollider"},"compId":6455},{"type":"Script","props":{"type":"static","presetID":77,"gravityScale":0,"runtime":"Laya.RigidBody"},"compId":6456}]},{"type":"Image","props":{"y":307,"x":220,"width":7,"skin":"Game/UI/MakeTailor/dotted1.png","rotation":85,"presetID":78,"pivotY":7,"pivotX":4,"name":"A","height":14},"compId":6457,"child":[{"type":"Script","props":{"y":-5,"x":-3,"width":13,"presetID":79,"isSensor":true,"height":24,"runtime":"Laya.BoxCollider"},"compId":6458},{"type":"Script","props":{"type":"static","presetID":80,"gravityScale":0,"runtime":"Laya.RigidBody"},"compId":6459}]},{"type":"Image","props":{"y":306,"x":240,"width":7,"skin":"Game/UI/MakeTailor/dotted1.png","rotation":85,"presetID":81,"pivotY":7,"pivotX":4,"name":"A","height":14},"compId":6460,"child":[{"type":"Script","props":{"y":-5,"x":-3,"width":13,"presetID":82,"isSensor":true,"height":24,"runtime":"Laya.BoxCollider"},"compId":6461},{"type":"Script","props":{"type":"static","presetID":83,"gravityScale":0,"runtime":"Laya.RigidBody"},"compId":6462}]},{"type":"Image","props":{"y":304,"x":261,"width":7,"skin":"Game/UI/MakeTailor/dotted1.png","rotation":82,"presetID":84,"pivotY":7,"pivotX":4,"name":"A","height":14},"compId":6463,"child":[{"type":"Script","props":{"y":-5,"x":-3,"width":13,"presetID":85,"isSensor":true,"height":24,"runtime":"Laya.BoxCollider"},"compId":6464},{"type":"Script","props":{"type":"static","presetID":86,"gravityScale":0,"runtime":"Laya.RigidBody"},"compId":6465}]},{"type":"Image","props":{"y":298,"x":280,"width":7,"skin":"Game/UI/MakeTailor/dotted1.png","rotation":76,"presetID":87,"pivotY":7,"pivotX":4,"name":"A","height":14},"compId":6466,"child":[{"type":"Script","props":{"y":-5,"x":-3,"width":13,"presetID":88,"isSensor":true,"height":24,"runtime":"Laya.BoxCollider"},"compId":6467},{"type":"Script","props":{"type":"static","presetID":89,"gravityScale":0,"runtime":"Laya.RigidBody"},"compId":6468}]},{"type":"Image","props":{"y":292,"x":298,"width":7,"skin":"Game/UI/MakeTailor/dotted1.png","rotation":67,"presetID":90,"pivotY":7,"pivotX":4,"name":"A","height":14},"compId":6469,"child":[{"type":"Script","props":{"y":-5,"x":-3,"width":13,"presetID":91,"isSensor":true,"height":24,"runtime":"Laya.BoxCollider"},"compId":6470},{"type":"Script","props":{"type":"static","presetID":92,"gravityScale":0,"runtime":"Laya.RigidBody"},"compId":6471}]},{"type":"Image","props":{"y":275,"x":298,"width":7,"skin":"Game/UI/MakeTailor/dotted1.png","rotation":-11,"presetID":93,"pivotY":7,"pivotX":4,"name":"V","height":14},"compId":6472,"child":[{"type":"Script","props":{"y":-5,"x":-3,"width":13,"presetID":94,"isSensor":true,"height":24,"runtime":"Laya.BoxCollider"},"compId":6473},{"type":"Script","props":{"type":"static","presetID":95,"gravityScale":0,"runtime":"Laya.RigidBody"},"compId":6474}]},{"type":"Image","props":{"y":255,"x":294,"width":7,"skin":"Game/UI/MakeTailor/dotted1.png","rotation":-11,"presetID":96,"pivotY":7,"pivotX":4,"name":"V","height":14},"compId":6475,"child":[{"type":"Script","props":{"y":-5,"x":-3,"width":13,"presetID":97,"isSensor":true,"height":24,"runtime":"Laya.BoxCollider"},"compId":6476},{"type":"Script","props":{"type":"static","presetID":98,"gravityScale":0,"runtime":"Laya.RigidBody"},"compId":6477}]},{"type":"Image","props":{"y":235,"x":290,"width":7,"skin":"Game/UI/MakeTailor/dotted1.png","rotation":-11,"presetID":99,"pivotY":7,"pivotX":4,"name":"V","height":14},"compId":6478,"child":[{"type":"Script","props":{"y":-5,"x":-3,"width":13,"presetID":100,"isSensor":true,"height":24,"runtime":"Laya.BoxCollider"},"compId":6479},{"type":"Script","props":{"type":"static","presetID":101,"gravityScale":0,"runtime":"Laya.RigidBody"},"compId":6480}]},{"type":"Image","props":{"y":214,"x":287,"width":7,"skin":"Game/UI/MakeTailor/dotted1.png","rotation":-9,"presetID":102,"pivotY":7,"pivotX":4,"name":"V","height":14},"compId":6481,"child":[{"type":"Script","props":{"y":-5,"x":-3,"width":13,"presetID":103,"isSensor":true,"height":24,"runtime":"Laya.BoxCollider"},"compId":6482},{"type":"Script","props":{"type":"static","presetID":104,"gravityScale":0,"runtime":"Laya.RigidBody"},"compId":6483}]},{"type":"Image","props":{"y":194,"x":284,"width":7,"skin":"Game/UI/MakeTailor/dotted1.png","rotation":-9,"presetID":105,"pivotY":7,"pivotX":4,"name":"V","height":14},"compId":6484,"child":[{"type":"Script","props":{"y":-5,"x":-3,"width":13,"presetID":106,"isSensor":true,"height":24,"runtime":"Laya.BoxCollider"},"compId":6485},{"type":"Script","props":{"type":"static","presetID":107,"gravityScale":0,"runtime":"Laya.RigidBody"},"compId":6486}]},{"type":"Image","props":{"y":174,"x":281,"width":7,"skin":"Game/UI/MakeTailor/dotted1.png","rotation":-9,"presetID":108,"pivotY":7,"pivotX":4,"name":"V","height":14},"compId":6487,"child":[{"type":"Script","props":{"y":-5,"x":-3,"width":13,"presetID":109,"isSensor":true,"height":24,"runtime":"Laya.BoxCollider"},"compId":6488},{"type":"Script","props":{"type":"static","presetID":110,"gravityScale":0,"runtime":"Laya.RigidBody"},"compId":6489}]},{"type":"Image","props":{"y":153,"x":278,"width":7,"skin":"Game/UI/MakeTailor/dotted1.png","rotation":-9,"presetID":111,"pivotY":7,"pivotX":4,"name":"V","height":14},"compId":6490,"child":[{"type":"Script","props":{"y":-5,"x":-3,"width":13,"presetID":112,"isSensor":true,"height":24,"runtime":"Laya.BoxCollider"},"compId":6491},{"type":"Script","props":{"type":"static","presetID":113,"gravityScale":0,"runtime":"Laya.RigidBody"},"compId":6492}]},{"type":"Image","props":{"y":132,"x":274,"width":7,"skin":"Game/UI/MakeTailor/dotted1.png","rotation":-14,"presetID":114,"pivotY":7,"pivotX":4,"name":"V","height":14},"compId":6493,"child":[{"type":"Script","props":{"y":-5,"x":-3,"width":13,"presetID":115,"isSensor":true,"height":24,"runtime":"Laya.BoxCollider"},"compId":6494},{"type":"Script","props":{"type":"static","presetID":116,"gravityScale":0,"runtime":"Laya.RigidBody"},"compId":6495}]},{"type":"Image","props":{"y":112,"x":269,"width":7,"skin":"Game/UI/MakeTailor/dotted1.png","rotation":-14,"presetID":117,"pivotY":7,"pivotX":4,"name":"V","height":14},"compId":6496,"child":[{"type":"Script","props":{"y":-5,"x":-3,"width":13,"presetID":118,"isSensor":true,"height":24,"runtime":"Laya.BoxCollider"},"compId":6497},{"type":"Script","props":{"type":"static","presetID":119,"gravityScale":0,"runtime":"Laya.RigidBody"},"compId":6498}]},{"type":"Image","props":{"y":92,"x":263,"width":7,"skin":"Game/UI/MakeTailor/dotted1.png","rotation":-16,"presetID":120,"pivotY":7,"pivotX":4,"name":"V","height":14},"compId":6499,"child":[{"type":"Script","props":{"y":-5,"x":-3,"width":13,"presetID":121,"isSensor":true,"height":24,"runtime":"Laya.BoxCollider"},"compId":6500},{"type":"Script","props":{"type":"static","presetID":122,"gravityScale":0,"runtime":"Laya.RigidBody"},"compId":6501}]},{"type":"Image","props":{"y":73,"x":257,"width":7,"skin":"Game/UI/MakeTailor/dotted1.png","rotation":-19,"presetID":123,"pivotY":7,"pivotX":4,"name":"V","height":14},"compId":6502,"child":[{"type":"Script","props":{"y":-5,"x":-3,"width":13,"presetID":124,"isSensor":true,"height":24,"runtime":"Laya.BoxCollider"},"compId":6503},{"type":"Script","props":{"type":"static","presetID":125,"gravityScale":0,"runtime":"Laya.RigidBody"},"compId":6504}]},{"type":"Image","props":{"y":53,"x":250,"width":7,"skin":"Game/UI/MakeTailor/dotted1.png","rotation":-19,"presetID":126,"pivotY":7,"pivotX":4,"name":"V","height":14},"compId":6505,"child":[{"type":"Script","props":{"y":-5,"x":-3,"width":13,"presetID":127,"isSensor":true,"height":24,"runtime":"Laya.BoxCollider"},"compId":6506},{"type":"Script","props":{"type":"static","presetID":128,"gravityScale":0,"runtime":"Laya.RigidBody"},"compId":6507}]},{"type":"Image","props":{"y":33,"x":243,"width":7,"skin":"Game/UI/MakeTailor/dotted1.png","rotation":-19,"presetID":129,"pivotY":7,"pivotX":4,"name":"V","height":14},"compId":6508,"child":[{"type":"Script","props":{"y":-5,"x":-3,"width":13,"presetID":130,"isSensor":true,"height":24,"runtime":"Laya.BoxCollider"},"compId":6509},{"type":"Script","props":{"type":"static","presetID":131,"gravityScale":0,"runtime":"Laya.RigidBody"},"compId":6510}]},{"type":"Image","props":{"y":14,"x":236,"width":7,"skin":"Game/UI/MakeTailor/dotted1.png","rotation":-23,"presetID":132,"pivotY":7,"pivotX":4,"name":"V","height":14},"compId":6511,"child":[{"type":"Script","props":{"y":-5,"x":-3,"width":13,"presetID":133,"isSensor":true,"height":24,"runtime":"Laya.BoxCollider"},"compId":6512},{"type":"Script","props":{"type":"static","presetID":134,"gravityScale":0,"runtime":"Laya.RigidBody"},"compId":6513}]},{"type":"Image","props":{"y":7,"x":218,"width":7,"skin":"Game/UI/MakeTailor/dotted1.png","rotation":87,"presetID":135,"pivotY":7,"pivotX":4,"name":"A","height":14},"compId":6514,"child":[{"type":"Script","props":{"y":-5,"x":-3,"width":13,"presetID":136,"isSensor":true,"height":24,"runtime":"Laya.BoxCollider"},"compId":6515},{"type":"Script","props":{"type":"static","presetID":137,"gravityScale":0,"runtime":"Laya.RigidBody"},"compId":6516}]},{"type":"Image","props":{"y":8,"x":197,"width":7,"skin":"Game/UI/MakeTailor/dotted1.png","rotation":88,"presetID":138,"pivotY":7,"pivotX":4,"name":"A","height":14},"compId":6517,"child":[{"type":"Script","props":{"y":-5,"x":-3,"width":13,"presetID":139,"isSensor":true,"height":24,"runtime":"Laya.BoxCollider"},"compId":6518},{"type":"Script","props":{"type":"static","presetID":140,"gravityScale":0,"runtime":"Laya.RigidBody"},"compId":6519}]},{"type":"Image","props":{"y":9,"x":174,"width":7,"skin":"Game/UI/MakeTailor/dotted1.png","rotation":89,"presetID":141,"pivotY":7,"pivotX":4,"name":"A","height":14},"compId":6520,"child":[{"type":"Script","props":{"y":-5,"x":-3,"width":13,"presetID":142,"isSensor":true,"height":24,"runtime":"Laya.BoxCollider"},"compId":6521},{"type":"Script","props":{"type":"static","presetID":143,"gravityScale":0,"runtime":"Laya.RigidBody"},"compId":6522}]},{"type":"Image","props":{"y":10,"x":152,"width":7,"skin":"Game/UI/MakeTailor/dotted1.png","rotation":90,"presetID":144,"pivotY":7,"pivotX":4,"name":"A","height":14},"compId":6523,"child":[{"type":"Script","props":{"y":-5,"x":-3,"width":13,"presetID":145,"isSensor":true,"height":24,"runtime":"Laya.BoxCollider"},"compId":6524},{"type":"Script","props":{"type":"static","presetID":146,"gravityScale":0,"runtime":"Laya.RigidBody"},"compId":6525}]},{"type":"Image","props":{"y":9,"x":130,"width":7,"skin":"Game/UI/MakeTailor/dotted1.png","rotation":91,"presetID":147,"pivotY":7,"pivotX":4,"name":"A","height":14},"compId":6526,"child":[{"type":"Script","props":{"y":-5,"x":-3,"width":13,"presetID":148,"isSensor":true,"height":24,"runtime":"Laya.BoxCollider"},"compId":6527},{"type":"Script","props":{"type":"static","presetID":149,"gravityScale":0,"runtime":"Laya.RigidBody"},"compId":6528}]},{"type":"Image","props":{"y":8,"x":108,"width":7,"skin":"Game/UI/MakeTailor/dotted1.png","rotation":92,"presetID":150,"pivotY":7,"pivotX":4,"name":"A","height":14},"compId":6529,"child":[{"type":"Script","props":{"y":-5,"x":-3,"width":13,"presetID":151,"isSensor":true,"height":24,"runtime":"Laya.BoxCollider"},"compId":6530},{"type":"Script","props":{"type":"static","presetID":152,"gravityScale":0,"runtime":"Laya.RigidBody"},"compId":6531}]},{"type":"Image","props":{"y":7,"x":87,"width":7,"skin":"Game/UI/MakeTailor/dotted1.png","rotation":93,"presetID":153,"pivotY":7,"pivotX":4,"name":"A","height":14},"compId":6532,"child":[{"type":"Script","props":{"y":-5,"x":-3,"width":13,"presetID":154,"isSensor":true,"height":24,"runtime":"Laya.BoxCollider"},"compId":6533},{"type":"Script","props":{"type":"static","presetID":155,"gravityScale":0,"runtime":"Laya.RigidBody"},"compId":6534}]}]}]}],"loadList":["Game/UI/MakeTailor/diy_bottom_002_final/q1.png","Game/UI/MakeTailor/diy_bottom_002_final/s1.png","Game/UI/MakeTailor/diy_bottom_002_final/x1.png","Game/UI/MakeTailor/dotted1.png"],"loadList3D":[]}