{"type":"Box","props":{"y":0,"x":0,"width":720,"presetID":1,"name":"diy_top_006_final","isPresetRoot":true,"height":720,"centerY":0,"centerX":0},"compId":4191,"child":[{"type":"Sprite","props":{"y":319,"x":96.5,"width":533,"texture":"Game/UI/MakeTailor/diy_top_006_final/s4.png","presetID":2,"name":"Cloth04_D","height":346},"compId":2751},{"type":"Sprite","props":{"y":73,"x":524,"width":320,"texture":"Game/UI/MakeTailor/diy_top_006_final/s2.png","presetID":3,"name":"Cloth03_R","height":208},"compId":2752},{"type":"Sprite","props":{"y":73,"x":-132,"width":314,"texture":"Game/UI/MakeTailor/diy_top_006_final/s3.png","presetID":4,"name":"Cloth02_L","height":207},"compId":2756},{"type":"Sprite","props":{"y":55,"x":231,"texture":"Game/UI/MakeTailor/diy_top_006_final/s1.png","presetID":5,"name":"Cloth01_U"},"compId":2986},{"type":"Sprite","props":{"y":0,"x":-272,"texture":"Game/UI/MakeTailor/diy_top_006_final/q1.png","presetID":6,"name":"Ultimately"},"compId":2577},{"type":"Image","props":{"y":-2,"x":0,"width":512,"presetID":7,"name":"LineParent","height":725,"centerX":0},"compId":2578,"child":[{"type":"Sprite","props":{"y":66,"x":125.5,"texture":"Game/UI/MakeTailor/diy_top_006_final/x1.png","presetID":8,"name":"Line01"},"compId":2579,"child":[{"type":"Image","props":{"y":13,"x":6,"width":7,"skin":"Game/UI/MakeTailor/dotted1.png","rotation":-5,"presetID":9,"pivotY":7,"pivotX":4,"name":"V","height":14},"compId":2598,"child":[{"type":"Script","props":{"y":-5,"x":-3,"width":13,"presetID":10,"isSensor":true,"height":24,"runtime":"Laya.BoxCollider"},"compId":2599},{"type":"Script","props":{"type":"static","presetID":11,"gravityScale":0,"runtime":"Laya.RigidBody"},"compId":2600}]},{"type":"Image","props":{"y":34,"x":8,"width":7,"skin":"Game/UI/MakeTailor/dotted1.png","rotation":-5,"presetID":12,"pivotY":7,"pivotX":4,"name":"V","height":14},"compId":4192,"child":[{"type":"Script","props":{"y":-5,"x":-3,"width":13,"presetID":13,"isSensor":true,"height":24,"runtime":"Laya.BoxCollider"},"compId":4193},{"type":"Script","props":{"type":"static","presetID":14,"gravityScale":0,"runtime":"Laya.RigidBody"},"compId":4194}]},{"type":"Image","props":{"y":56,"x":11,"width":7,"skin":"Game/UI/MakeTailor/dotted1.png","rotation":-6,"presetID":15,"pivotY":7,"pivotX":4,"name":"V","height":14},"compId":4195,"child":[{"type":"Script","props":{"y":-5,"x":-3,"width":13,"presetID":16,"isSensor":true,"height":24,"runtime":"Laya.BoxCollider"},"compId":4196},{"type":"Script","props":{"type":"static","presetID":17,"gravityScale":0,"runtime":"Laya.RigidBody"},"compId":4197}]},{"type":"Image","props":{"y":76,"x":14,"width":7,"skin":"Game/UI/MakeTailor/dotted1.png","rotation":-6,"presetID":18,"pivotY":7,"pivotX":4,"name":"V","height":14},"compId":4198,"child":[{"type":"Script","props":{"y":-5,"x":-3,"width":13,"presetID":19,"isSensor":true,"height":24,"runtime":"Laya.BoxCollider"},"compId":4199},{"type":"Script","props":{"type":"static","presetID":20,"gravityScale":0,"runtime":"Laya.RigidBody"},"compId":4200}]},{"type":"Image","props":{"y":96,"x":17,"width":7,"skin":"Game/UI/MakeTailor/dotted1.png","rotation":-9,"presetID":21,"pivotY":7,"pivotX":4,"name":"V","height":14},"compId":4201,"child":[{"type":"Script","props":{"y":-5,"x":-3,"width":13,"presetID":22,"isSensor":true,"height":24,"runtime":"Laya.BoxCollider"},"compId":4202},{"type":"Script","props":{"type":"static","presetID":23,"gravityScale":0,"runtime":"Laya.RigidBody"},"compId":4203}]},{"type":"Image","props":{"y":113,"x":25,"width":7,"skin":"Game/UI/MakeTailor/dotted1.png","rotation":-32,"presetID":24,"pivotY":7,"pivotX":4,"name":"V","height":14},"compId":4204,"child":[{"type":"Script","props":{"y":-5,"x":-3,"width":13,"presetID":25,"isSensor":true,"height":24,"runtime":"Laya.BoxCollider"},"compId":4205},{"type":"Script","props":{"type":"static","presetID":26,"gravityScale":0,"runtime":"Laya.RigidBody"},"compId":4206}]},{"type":"Image","props":{"y":129,"x":38,"width":7,"skin":"Game/UI/MakeTailor/dotted1.png","rotation":-42,"presetID":27,"pivotY":7,"pivotX":4,"name":"V","height":14},"compId":4207,"child":[{"type":"Script","props":{"y":-5,"x":-3,"width":13,"presetID":28,"isSensor":true,"height":24,"runtime":"Laya.BoxCollider"},"compId":4208},{"type":"Script","props":{"type":"static","presetID":29,"gravityScale":0,"runtime":"Laya.RigidBody"},"compId":4209}]},{"type":"Image","props":{"y":143,"x":53,"width":7,"skin":"Game/UI/MakeTailor/dotted1.png","rotation":-50,"presetID":30,"pivotY":7,"pivotX":4,"name":"V","height":14},"compId":4210,"child":[{"type":"Script","props":{"y":-5,"x":-3,"width":13,"presetID":31,"isSensor":true,"height":24,"runtime":"Laya.BoxCollider"},"compId":4211},{"type":"Script","props":{"type":"static","presetID":32,"gravityScale":0,"runtime":"Laya.RigidBody"},"compId":4212}]},{"type":"Image","props":{"y":156,"x":69,"width":7,"skin":"Game/UI/MakeTailor/dotted1.png","rotation":-48,"presetID":33,"pivotY":7,"pivotX":4,"name":"V","height":14},"compId":4213,"child":[{"type":"Script","props":{"y":-5,"x":-3,"width":13,"presetID":34,"isSensor":true,"height":24,"runtime":"Laya.BoxCollider"},"compId":4214},{"type":"Script","props":{"type":"static","presetID":35,"gravityScale":0,"runtime":"Laya.RigidBody"},"compId":4215}]},{"type":"Image","props":{"y":169,"x":84,"width":7,"skin":"Game/UI/MakeTailor/dotted1.png","rotation":-48,"presetID":36,"pivotY":7,"pivotX":4,"name":"V","height":14},"compId":4216,"child":[{"type":"Script","props":{"y":-5,"x":-3,"width":13,"presetID":37,"isSensor":true,"height":24,"runtime":"Laya.BoxCollider"},"compId":4217},{"type":"Script","props":{"type":"static","presetID":38,"gravityScale":0,"runtime":"Laya.RigidBody"},"compId":4218}]},{"type":"Image","props":{"y":183,"x":99,"width":7,"skin":"Game/UI/MakeTailor/dotted1.png","rotation":-48,"presetID":39,"pivotY":7,"pivotX":4,"name":"V","height":14},"compId":4219,"child":[{"type":"Script","props":{"y":-5,"x":-3,"width":13,"presetID":40,"isSensor":true,"height":24,"runtime":"Laya.BoxCollider"},"compId":4220},{"type":"Script","props":{"type":"static","presetID":41,"gravityScale":0,"runtime":"Laya.RigidBody"},"compId":4221}]},{"type":"Image","props":{"y":198,"x":114,"width":7,"skin":"Game/UI/MakeTailor/dotted1.png","rotation":-42,"presetID":42,"pivotY":7,"pivotX":4,"name":"V","height":14},"compId":4222,"child":[{"type":"Script","props":{"y":-5,"x":-3,"width":13,"presetID":43,"isSensor":true,"height":24,"runtime":"Laya.BoxCollider"},"compId":4223},{"type":"Script","props":{"type":"static","presetID":44,"gravityScale":0,"runtime":"Laya.RigidBody"},"compId":4224}]},{"type":"Image","props":{"y":212,"x":127,"width":7,"skin":"Game/UI/MakeTailor/dotted1.png","rotation":-42,"presetID":45,"pivotY":7,"pivotX":4,"name":"V","height":10},"compId":4225,"child":[{"type":"Script","props":{"y":-5,"x":-3,"width":13,"presetID":46,"isSensor":true,"height":18,"runtime":"Laya.BoxCollider"},"compId":4226},{"type":"Script","props":{"type":"static","presetID":47,"gravityScale":0,"runtime":"Laya.RigidBody"},"compId":4227}]},{"type":"Image","props":{"y":201,"x":138,"width":7,"skin":"Game/UI/MakeTailor/dotted1.png","rotation":43,"presetID":48,"pivotY":7,"pivotX":4,"name":"V","height":14},"compId":4228,"child":[{"type":"Script","props":{"y":-5,"x":-3,"width":13,"presetID":49,"isSensor":true,"height":24,"runtime":"Laya.BoxCollider"},"compId":4229},{"type":"Script","props":{"type":"static","presetID":50,"gravityScale":0,"runtime":"Laya.RigidBody"},"compId":4230}]},{"type":"Image","props":{"y":186,"x":152,"width":7,"skin":"Game/UI/MakeTailor/dotted1.png","rotation":43,"presetID":51,"pivotY":7,"pivotX":4,"name":"V","height":14},"compId":4231,"child":[{"type":"Script","props":{"y":-5,"x":-3,"width":13,"presetID":52,"isSensor":true,"height":24,"runtime":"Laya.BoxCollider"},"compId":4232},{"type":"Script","props":{"type":"static","presetID":53,"gravityScale":0,"runtime":"Laya.RigidBody"},"compId":4233}]},{"type":"Image","props":{"y":172,"x":168,"width":7,"skin":"Game/UI/MakeTailor/dotted1.png","rotation":52,"presetID":54,"pivotY":7,"pivotX":4,"name":"V","height":14},"compId":4234,"child":[{"type":"Script","props":{"y":-5,"x":-3,"width":13,"presetID":55,"isSensor":true,"height":24,"runtime":"Laya.BoxCollider"},"compId":4235},{"type":"Script","props":{"type":"static","presetID":56,"gravityScale":0,"runtime":"Laya.RigidBody"},"compId":4236}]},{"type":"Image","props":{"y":159,"x":183,"width":7,"skin":"Game/UI/MakeTailor/dotted1.png","rotation":49,"presetID":57,"pivotY":7,"pivotX":4,"name":"V","height":14},"compId":4237,"child":[{"type":"Script","props":{"y":-5,"x":-3,"width":13,"presetID":58,"isSensor":true,"height":24,"runtime":"Laya.BoxCollider"},"compId":4238},{"type":"Script","props":{"type":"static","presetID":59,"gravityScale":0,"runtime":"Laya.RigidBody"},"compId":4239}]},{"type":"Image","props":{"y":145,"x":199,"width":7,"skin":"Game/UI/MakeTailor/dotted1.png","rotation":49,"presetID":60,"pivotY":7,"pivotX":4,"name":"V","height":14},"compId":4240,"child":[{"type":"Script","props":{"y":-5,"x":-3,"width":13,"presetID":61,"isSensor":true,"height":24,"runtime":"Laya.BoxCollider"},"compId":4241},{"type":"Script","props":{"type":"static","presetID":62,"gravityScale":0,"runtime":"Laya.RigidBody"},"compId":4242}]},{"type":"Image","props":{"y":131,"x":215,"width":7,"skin":"Game/UI/MakeTailor/dotted1.png","rotation":49,"presetID":63,"pivotY":7,"pivotX":4,"name":"V","height":14},"compId":4243,"child":[{"type":"Script","props":{"y":-5,"x":-3,"width":13,"presetID":64,"isSensor":true,"height":24,"runtime":"Laya.BoxCollider"},"compId":4244},{"type":"Script","props":{"type":"static","presetID":65,"gravityScale":0,"runtime":"Laya.RigidBody"},"compId":4245}]},{"type":"Image","props":{"y":116,"x":227,"width":7,"skin":"Game/UI/MakeTailor/dotted1.png","rotation":31,"presetID":66,"pivotY":7,"pivotX":4,"name":"V","height":14},"compId":4246,"child":[{"type":"Script","props":{"y":-5,"x":-3,"width":13,"presetID":67,"isSensor":true,"height":24,"runtime":"Laya.BoxCollider"},"compId":4247},{"type":"Script","props":{"type":"static","presetID":68,"gravityScale":0,"runtime":"Laya.RigidBody"},"compId":4248}]},{"type":"Image","props":{"y":97,"x":235,"width":7,"skin":"Game/UI/MakeTailor/dotted1.png","rotation":17,"presetID":69,"pivotY":7,"pivotX":4,"name":"V","height":14},"compId":4249,"child":[{"type":"Script","props":{"y":-5,"x":-3,"width":13,"presetID":70,"isSensor":true,"height":24,"runtime":"Laya.BoxCollider"},"compId":4250},{"type":"Script","props":{"type":"static","presetID":71,"gravityScale":0,"runtime":"Laya.RigidBody"},"compId":4251}]},{"type":"Image","props":{"y":76,"x":239,"width":7,"skin":"Game/UI/MakeTailor/dotted1.png","rotation":10,"presetID":72,"pivotY":7,"pivotX":4,"name":"V","height":14},"compId":4252,"child":[{"type":"Script","props":{"y":-5,"x":-3,"width":13,"presetID":73,"isSensor":true,"height":24,"runtime":"Laya.BoxCollider"},"compId":4253},{"type":"Script","props":{"type":"static","presetID":74,"gravityScale":0,"runtime":"Laya.RigidBody"},"compId":4254}]},{"type":"Image","props":{"y":55,"x":241,"width":7,"skin":"Game/UI/MakeTailor/dotted1.png","rotation":7,"presetID":75,"pivotY":7,"pivotX":4,"name":"V","height":14},"compId":4255,"child":[{"type":"Script","props":{"y":-5,"x":-3,"width":13,"presetID":76,"isSensor":true,"height":24,"runtime":"Laya.BoxCollider"},"compId":4256},{"type":"Script","props":{"type":"static","presetID":77,"gravityScale":0,"runtime":"Laya.RigidBody"},"compId":4257}]},{"type":"Image","props":{"y":34,"x":244,"width":7,"skin":"Game/UI/MakeTailor/dotted1.png","rotation":7,"presetID":78,"pivotY":7,"pivotX":4,"name":"V","height":14},"compId":4258,"child":[{"type":"Script","props":{"y":-5,"x":-3,"width":13,"presetID":79,"isSensor":true,"height":24,"runtime":"Laya.BoxCollider"},"compId":4259},{"type":"Script","props":{"type":"static","presetID":80,"gravityScale":0,"runtime":"Laya.RigidBody"},"compId":4260}]},{"type":"Image","props":{"y":14,"x":247,"width":7,"skin":"Game/UI/MakeTailor/dotted1.png","rotation":7,"presetID":81,"pivotY":7,"pivotX":4,"name":"V","height":14},"compId":4261,"child":[{"type":"Script","props":{"y":-5,"x":-3,"width":13,"presetID":82,"isSensor":true,"height":24,"runtime":"Laya.BoxCollider"},"compId":4262},{"type":"Script","props":{"type":"static","presetID":83,"gravityScale":0,"runtime":"Laya.RigidBody"},"compId":4263}]}]},{"type":"Sprite","props":{"y":72,"x":35,"texture":"Game/UI/MakeTailor/diy_top_006_final/x3.png","presetID":84,"name":"Line02"},"compId":2601,"child":[{"type":"Image","props":{"y":11,"x":41,"width":7,"skin":"Game/UI/MakeTailor/dotted1.png","rotation":-7,"presetID":85,"pivotY":7,"pivotX":4,"name":"V","height":14},"compId":2650,"child":[{"type":"Script","props":{"y":-5,"x":-3,"width":13,"presetID":86,"isSensor":true,"height":24,"runtime":"Laya.BoxCollider"},"compId":2651},{"type":"Script","props":{"type":"static","presetID":87,"gravityScale":0,"runtime":"Laya.RigidBody"},"compId":2652}]},{"type":"Image","props":{"y":33,"x":43,"width":7,"skin":"Game/UI/MakeTailor/dotted1.png","rotation":-4,"presetID":88,"pivotY":7,"pivotX":4,"name":"V","height":14},"compId":4264,"child":[{"type":"Script","props":{"y":-5,"x":-3,"width":13,"presetID":89,"isSensor":true,"height":24,"runtime":"Laya.BoxCollider"},"compId":4265},{"type":"Script","props":{"type":"static","presetID":90,"gravityScale":0,"runtime":"Laya.RigidBody"},"compId":4266}]},{"type":"Image","props":{"y":54,"x":45,"width":7,"skin":"Game/UI/MakeTailor/dotted1.png","rotation":-1,"presetID":91,"pivotY":7,"pivotX":4,"name":"V","height":14},"compId":4267,"child":[{"type":"Script","props":{"y":-5,"x":-3,"width":13,"presetID":92,"isSensor":true,"height":24,"runtime":"Laya.BoxCollider"},"compId":4268},{"type":"Script","props":{"type":"static","presetID":93,"gravityScale":0,"runtime":"Laya.RigidBody"},"compId":4269}]},{"type":"Image","props":{"y":75,"x":44,"width":7,"skin":"Game/UI/MakeTailor/dotted1.png","rotation":7,"presetID":94,"pivotY":7,"pivotX":4,"name":"V","height":14},"compId":4270,"child":[{"type":"Script","props":{"y":-5,"x":-3,"width":13,"presetID":95,"isSensor":true,"height":24,"runtime":"Laya.BoxCollider"},"compId":4271},{"type":"Script","props":{"type":"static","presetID":96,"gravityScale":0,"runtime":"Laya.RigidBody"},"compId":4272}]},{"type":"Image","props":{"y":95,"x":41,"width":7,"skin":"Game/UI/MakeTailor/dotted1.png","rotation":12,"presetID":97,"pivotY":7,"pivotX":4,"name":"V","height":14},"compId":4273,"child":[{"type":"Script","props":{"y":-5,"x":-3,"width":13,"presetID":98,"isSensor":true,"height":24,"runtime":"Laya.BoxCollider"},"compId":4274},{"type":"Script","props":{"type":"static","presetID":99,"gravityScale":0,"runtime":"Laya.RigidBody"},"compId":4275}]},{"type":"Image","props":{"y":114,"x":35,"width":7,"skin":"Game/UI/MakeTailor/dotted1.png","rotation":17,"presetID":100,"pivotY":7,"pivotX":4,"name":"V","height":14},"compId":4276,"child":[{"type":"Script","props":{"y":-5,"x":-3,"width":13,"presetID":101,"isSensor":true,"height":24,"runtime":"Laya.BoxCollider"},"compId":4277},{"type":"Script","props":{"type":"static","presetID":102,"gravityScale":0,"runtime":"Laya.RigidBody"},"compId":4278}]},{"type":"Image","props":{"y":134,"x":28,"width":7,"skin":"Game/UI/MakeTailor/dotted1.png","rotation":21,"presetID":103,"pivotY":7,"pivotX":4,"name":"V","height":14},"compId":4279,"child":[{"type":"Script","props":{"y":-5,"x":-3,"width":13,"presetID":104,"isSensor":true,"height":24,"runtime":"Laya.BoxCollider"},"compId":4280},{"type":"Script","props":{"type":"static","presetID":105,"gravityScale":0,"runtime":"Laya.RigidBody"},"compId":4281}]},{"type":"Image","props":{"y":153,"x":20,"width":7,"skin":"Game/UI/MakeTailor/dotted1.png","rotation":23,"presetID":106,"pivotY":7,"pivotX":4,"name":"V","height":14},"compId":4282,"child":[{"type":"Script","props":{"y":-5,"x":-3,"width":13,"presetID":107,"isSensor":true,"height":24,"runtime":"Laya.BoxCollider"},"compId":4283},{"type":"Script","props":{"type":"static","presetID":108,"gravityScale":0,"runtime":"Laya.RigidBody"},"compId":4284}]},{"type":"Image","props":{"y":172,"x":13,"width":7,"skin":"Game/UI/MakeTailor/dotted1.png","rotation":21,"presetID":109,"pivotY":7,"pivotX":4,"name":"V","height":14},"compId":4285,"child":[{"type":"Script","props":{"y":-5,"x":-3,"width":13,"presetID":110,"isSensor":true,"height":24,"runtime":"Laya.BoxCollider"},"compId":4286},{"type":"Script","props":{"type":"static","presetID":111,"gravityScale":0,"runtime":"Laya.RigidBody"},"compId":4287}]},{"type":"Image","props":{"y":191,"x":6,"width":7,"skin":"Game/UI/MakeTailor/dotted1.png","rotation":21,"presetID":112,"pivotY":7,"pivotX":4,"name":"V","height":14},"compId":4288,"child":[{"type":"Script","props":{"y":-5,"x":-3,"width":13,"presetID":113,"isSensor":true,"height":24,"runtime":"Laya.BoxCollider"},"compId":4289},{"type":"Script","props":{"type":"static","presetID":114,"gravityScale":0,"runtime":"Laya.RigidBody"},"compId":4290}]}]},{"type":"Sprite","props":{"y":74,"x":419,"width":50,"texture":"Game/UI/MakeTailor/diy_top_006_final/x2.png","presetID":115,"name":"Line03","height":208},"compId":2653,"child":[{"type":"Image","props":{"y":10,"x":8,"width":7,"skin":"Game/UI/MakeTailor/dotted1.png","rotation":8,"presetID":116,"pivotY":7,"pivotX":4,"name":"V","height":14},"compId":2744,"child":[{"type":"Script","props":{"y":-4,"x":-3,"width":13,"presetID":117,"isSensor":true,"height":24,"runtime":"Laya.BoxCollider"},"compId":2745},{"type":"Script","props":{"y":1,"x":0,"type":"static","presetID":118,"gravityScale":0,"runtime":"Laya.RigidBody"},"compId":2746}]},{"type":"Image","props":{"y":31,"x":5,"width":7,"skin":"Game/UI/MakeTailor/dotted1.png","rotation":4,"presetID":119,"pivotY":7,"pivotX":4,"name":"V","height":14},"compId":2822,"child":[{"type":"Script","props":{"y":-4,"x":-3,"width":13,"presetID":120,"isSensor":true,"height":24,"runtime":"Laya.BoxCollider"},"compId":2823},{"type":"Script","props":{"y":1,"x":0,"type":"static","presetID":121,"gravityScale":0,"runtime":"Laya.RigidBody"},"compId":2824}]},{"type":"Image","props":{"y":50,"x":4,"width":7,"skin":"Game/UI/MakeTailor/dotted1.png","rotation":-1,"presetID":122,"pivotY":7,"pivotX":4,"name":"V","height":14},"compId":2825,"child":[{"type":"Script","props":{"y":-4,"x":-3,"width":13,"presetID":123,"isSensor":true,"height":24,"runtime":"Laya.BoxCollider"},"compId":2826},{"type":"Script","props":{"y":1,"x":0,"type":"static","presetID":124,"gravityScale":0,"runtime":"Laya.RigidBody"},"compId":2827}]},{"type":"Image","props":{"y":70,"x":5,"width":7,"skin":"Game/UI/MakeTailor/dotted1.png","rotation":-3,"presetID":125,"pivotY":7,"pivotX":4,"name":"V","height":14},"compId":2828,"child":[{"type":"Script","props":{"y":-4,"x":-3,"width":13,"presetID":126,"isSensor":true,"height":24,"runtime":"Laya.BoxCollider"},"compId":2829},{"type":"Script","props":{"y":1,"x":0,"type":"static","presetID":127,"gravityScale":0,"runtime":"Laya.RigidBody"},"compId":2830}]},{"type":"Image","props":{"y":89,"x":8,"width":7,"skin":"Game/UI/MakeTailor/dotted1.png","rotation":-11,"presetID":128,"pivotY":7,"pivotX":4,"name":"V","height":14},"compId":4291,"child":[{"type":"Script","props":{"y":-4,"x":-3,"width":13,"presetID":129,"isSensor":true,"height":24,"runtime":"Laya.BoxCollider"},"compId":4292},{"type":"Script","props":{"y":1,"x":0,"type":"static","presetID":130,"gravityScale":0,"runtime":"Laya.RigidBody"},"compId":4293}]},{"type":"Image","props":{"y":108,"x":14,"width":7,"skin":"Game/UI/MakeTailor/dotted1.png","rotation":-16,"presetID":131,"pivotY":7,"pivotX":4,"name":"V","height":14},"compId":4294,"child":[{"type":"Script","props":{"y":-4,"x":-3,"width":13,"presetID":132,"isSensor":true,"height":24,"runtime":"Laya.BoxCollider"},"compId":4295},{"type":"Script","props":{"y":1,"x":0,"type":"static","presetID":133,"gravityScale":0,"runtime":"Laya.RigidBody"},"compId":4296}]},{"type":"Image","props":{"y":127,"x":20,"width":7,"skin":"Game/UI/MakeTailor/dotted1.png","rotation":-21,"presetID":134,"pivotY":7,"pivotX":4,"name":"V","height":14},"compId":4297,"child":[{"type":"Script","props":{"y":-4,"x":-3,"width":13,"presetID":135,"isSensor":true,"height":24,"runtime":"Laya.BoxCollider"},"compId":4298},{"type":"Script","props":{"y":1,"x":0,"type":"static","presetID":136,"gravityScale":0,"runtime":"Laya.RigidBody"},"compId":4299}]},{"type":"Image","props":{"y":145,"x":27,"width":7,"skin":"Game/UI/MakeTailor/dotted1.png","rotation":-22,"presetID":137,"pivotY":7,"pivotX":4,"name":"V","height":14},"compId":4300,"child":[{"type":"Script","props":{"y":-4,"x":-3,"width":13,"presetID":138,"isSensor":true,"height":24,"runtime":"Laya.BoxCollider"},"compId":4301},{"type":"Script","props":{"y":1,"x":0,"type":"static","presetID":139,"gravityScale":0,"runtime":"Laya.RigidBody"},"compId":4302}]},{"type":"Image","props":{"y":164,"x":35,"width":7,"skin":"Game/UI/MakeTailor/dotted1.png","rotation":-22,"presetID":140,"pivotY":7,"pivotX":4,"name":"V","height":14},"compId":4303,"child":[{"type":"Script","props":{"y":-4,"x":-3,"width":13,"presetID":141,"isSensor":true,"height":24,"runtime":"Laya.BoxCollider"},"compId":4304},{"type":"Script","props":{"y":1,"x":0,"type":"static","presetID":142,"gravityScale":0,"runtime":"Laya.RigidBody"},"compId":4305}]},{"type":"Image","props":{"y":181,"x":42,"width":7,"skin":"Game/UI/MakeTailor/dotted1.png","rotation":-22,"presetID":143,"pivotY":7,"pivotX":4,"name":"V","height":14},"compId":4306,"child":[{"type":"Script","props":{"y":-4,"x":-3,"width":13,"presetID":144,"isSensor":true,"height":24,"runtime":"Laya.BoxCollider"},"compId":4307},{"type":"Script","props":{"y":1,"x":0,"type":"static","presetID":145,"gravityScale":0,"runtime":"Laya.RigidBody"},"compId":4308}]},{"type":"Image","props":{"y":199,"x":49,"width":7,"skin":"Game/UI/MakeTailor/dotted1.png","rotation":-22,"presetID":146,"pivotY":7,"pivotX":4,"name":"V","height":14},"compId":4309,"child":[{"type":"Script","props":{"y":-4,"x":-3,"width":13,"presetID":147,"isSensor":true,"height":24,"runtime":"Laya.BoxCollider"},"compId":4310},{"type":"Script","props":{"y":1,"x":0,"type":"static","presetID":148,"gravityScale":0,"runtime":"Laya.RigidBody"},"compId":4311}]}]},{"type":"Sprite","props":{"y":308,"x":37,"width":430,"texture":"Game/UI/MakeTailor/diy_top_006_final/x4.png","presetID":149,"name":"Line04","height":246},"compId":2754,"child":[{"type":"Image","props":{"y":10,"x":3,"width":7,"skin":"Game/UI/MakeTailor/dotted1.png","rotation":-9,"presetID":150,"pivotY":7,"pivotX":4,"name":"V","height":14},"compId":2844,"child":[{"type":"Script","props":{"y":-4,"x":-3,"width":13,"presetID":151,"isSensor":true,"height":24,"runtime":"Laya.BoxCollider"},"compId":2845},{"type":"Script","props":{"y":1,"x":0,"type":"static","presetID":152,"gravityScale":0,"runtime":"Laya.RigidBody"},"compId":2846}]},{"type":"Image","props":{"y":29,"x":6,"width":7,"skin":"Game/UI/MakeTailor/dotted1.png","rotation":-9,"presetID":153,"pivotY":7,"pivotX":4,"name":"V","height":14},"compId":4312,"child":[{"type":"Script","props":{"y":-4,"x":-3,"width":13,"presetID":154,"isSensor":true,"height":24,"runtime":"Laya.BoxCollider"},"compId":4313},{"type":"Script","props":{"y":1,"x":0,"type":"static","presetID":155,"gravityScale":0,"runtime":"Laya.RigidBody"},"compId":4314}]},{"type":"Image","props":{"y":48,"x":9,"width":7,"skin":"Game/UI/MakeTailor/dotted1.png","rotation":-9,"presetID":156,"pivotY":7,"pivotX":4,"name":"V","height":14},"compId":4315,"child":[{"type":"Script","props":{"y":-4,"x":-3,"width":13,"presetID":157,"isSensor":true,"height":24,"runtime":"Laya.BoxCollider"},"compId":4316},{"type":"Script","props":{"y":1,"x":0,"type":"static","presetID":158,"gravityScale":0,"runtime":"Laya.RigidBody"},"compId":4317}]},{"type":"Image","props":{"y":68,"x":13,"width":7,"skin":"Game/UI/MakeTailor/dotted1.png","rotation":-9,"presetID":159,"pivotY":7,"pivotX":4,"name":"V","height":14},"compId":4318,"child":[{"type":"Script","props":{"y":-4,"x":-3,"width":13,"presetID":160,"isSensor":true,"height":24,"runtime":"Laya.BoxCollider"},"compId":4319},{"type":"Script","props":{"y":1,"x":0,"type":"static","presetID":161,"gravityScale":0,"runtime":"Laya.RigidBody"},"compId":4320}]},{"type":"Image","props":{"y":89,"x":16,"width":7,"skin":"Game/UI/MakeTailor/dotted1.png","rotation":-5,"presetID":162,"pivotY":7,"pivotX":4,"name":"V","height":14},"compId":4321,"child":[{"type":"Script","props":{"y":-4,"x":-3,"width":13,"presetID":163,"isSensor":true,"height":24,"runtime":"Laya.BoxCollider"},"compId":4322},{"type":"Script","props":{"y":1,"x":0,"type":"static","presetID":164,"gravityScale":0,"runtime":"Laya.RigidBody"},"compId":4323}]},{"type":"Image","props":{"y":110,"x":17,"width":7,"skin":"Game/UI/MakeTailor/dotted1.png","rotation":-4,"presetID":165,"pivotY":7,"pivotX":4,"name":"V","height":14},"compId":4324,"child":[{"type":"Script","props":{"y":-4,"x":-3,"width":13,"presetID":166,"isSensor":true,"height":24,"runtime":"Laya.BoxCollider"},"compId":4325},{"type":"Script","props":{"y":1,"x":0,"type":"static","presetID":167,"gravityScale":0,"runtime":"Laya.RigidBody"},"compId":4326}]},{"type":"Image","props":{"y":130,"x":18,"width":7,"skin":"Game/UI/MakeTailor/dotted1.png","rotation":-1,"presetID":168,"pivotY":7,"pivotX":4,"name":"V","height":14},"compId":4327,"child":[{"type":"Script","props":{"y":-4,"x":-3,"width":13,"presetID":169,"isSensor":true,"height":24,"runtime":"Laya.BoxCollider"},"compId":4328},{"type":"Script","props":{"y":1,"x":0,"type":"static","presetID":170,"gravityScale":0,"runtime":"Laya.RigidBody"},"compId":4329}]},{"type":"Image","props":{"y":148,"x":25,"width":7,"skin":"Game/UI/MakeTailor/dotted1.png","rotation":101,"presetID":171,"pivotY":7,"pivotX":4,"name":"A","height":14},"compId":4330,"child":[{"type":"Script","props":{"y":-5,"x":-3,"width":13,"presetID":172,"isSensor":true,"height":24,"runtime":"Laya.BoxCollider"},"compId":4331},{"type":"Script","props":{"y":1,"x":0,"type":"static","presetID":173,"gravityScale":0,"runtime":"Laya.RigidBody"},"compId":4332}]},{"type":"Image","props":{"y":151,"x":45,"width":7,"skin":"Game/UI/MakeTailor/dotted1.png","rotation":94,"presetID":174,"pivotY":7,"pivotX":4,"name":"A","height":14},"compId":4342,"child":[{"type":"Script","props":{"y":-5,"x":-3,"width":13,"presetID":175,"isSensor":true,"height":24,"runtime":"Laya.BoxCollider"},"compId":4343},{"type":"Script","props":{"y":1,"x":0,"type":"static","presetID":176,"gravityScale":0,"runtime":"Laya.RigidBody"},"compId":4344}]},{"type":"Image","props":{"y":153,"x":66,"width":7,"skin":"Game/UI/MakeTailor/dotted1.png","rotation":94,"presetID":177,"pivotY":7,"pivotX":4,"name":"A","height":14},"compId":4345,"child":[{"type":"Script","props":{"y":-5,"x":-3,"width":13,"presetID":178,"isSensor":true,"height":24,"runtime":"Laya.BoxCollider"},"compId":4346},{"type":"Script","props":{"y":1,"x":0,"type":"static","presetID":179,"gravityScale":0,"runtime":"Laya.RigidBody"},"compId":4347}]},{"type":"Image","props":{"y":155,"x":87,"width":7,"skin":"Game/UI/MakeTailor/dotted1.png","rotation":94,"presetID":180,"pivotY":7,"pivotX":4,"name":"A","height":14},"compId":4348,"child":[{"type":"Script","props":{"y":-5,"x":-3,"width":13,"presetID":181,"isSensor":true,"height":24,"runtime":"Laya.BoxCollider"},"compId":4349},{"type":"Script","props":{"y":1,"x":0,"type":"static","presetID":182,"gravityScale":0,"runtime":"Laya.RigidBody"},"compId":4350}]},{"type":"Image","props":{"y":156,"x":108,"width":7,"skin":"Game/UI/MakeTailor/dotted1.png","rotation":90,"presetID":183,"pivotY":7,"pivotX":4,"name":"A","height":14},"compId":4351,"child":[{"type":"Script","props":{"y":-5,"x":-3,"width":13,"presetID":184,"isSensor":true,"height":24,"runtime":"Laya.BoxCollider"},"compId":4352},{"type":"Script","props":{"y":1,"x":0,"type":"static","presetID":185,"gravityScale":0,"runtime":"Laya.RigidBody"},"compId":4353}]},{"type":"Image","props":{"y":156,"x":129,"width":7,"skin":"Game/UI/MakeTailor/dotted1.png","rotation":90,"presetID":186,"pivotY":7,"pivotX":4,"name":"A","height":14},"compId":4354,"child":[{"type":"Script","props":{"y":-5,"x":-3,"width":13,"presetID":187,"isSensor":true,"height":24,"runtime":"Laya.BoxCollider"},"compId":4355},{"type":"Script","props":{"y":1,"x":0,"type":"static","presetID":188,"gravityScale":0,"runtime":"Laya.RigidBody"},"compId":4356}]},{"type":"Image","props":{"y":156,"x":150,"width":7,"skin":"Game/UI/MakeTailor/dotted1.png","rotation":87,"presetID":189,"pivotY":7,"pivotX":4,"name":"A","height":14},"compId":4357,"child":[{"type":"Script","props":{"y":-5,"x":-3,"width":13,"presetID":190,"isSensor":true,"height":24,"runtime":"Laya.BoxCollider"},"compId":4358},{"type":"Script","props":{"y":1,"x":0,"type":"static","presetID":191,"gravityScale":0,"runtime":"Laya.RigidBody"},"compId":4359}]},{"type":"Image","props":{"y":155,"x":170,"width":7,"skin":"Game/UI/MakeTailor/dotted1.png","rotation":87,"presetID":192,"pivotY":7,"pivotX":4,"name":"A","height":14},"compId":4360,"child":[{"type":"Script","props":{"y":-5,"x":-3,"width":13,"presetID":193,"isSensor":true,"height":24,"runtime":"Laya.BoxCollider"},"compId":4361},{"type":"Script","props":{"y":1,"x":0,"type":"static","presetID":194,"gravityScale":0,"runtime":"Laya.RigidBody"},"compId":4362}]},{"type":"Image","props":{"y":152,"x":191,"width":7,"skin":"Game/UI/MakeTailor/dotted1.png","rotation":82,"presetID":195,"pivotY":7,"pivotX":4,"name":"A","height":14},"compId":4363,"child":[{"type":"Script","props":{"y":-5,"x":-3,"width":13,"presetID":196,"isSensor":true,"height":24,"runtime":"Laya.BoxCollider"},"compId":4364},{"type":"Script","props":{"y":1,"x":0,"type":"static","presetID":197,"gravityScale":0,"runtime":"Laya.RigidBody"},"compId":4365}]},{"type":"Image","props":{"y":151,"x":211,"width":7,"skin":"Game/UI/MakeTailor/dotted1.png","rotation":92,"presetID":198,"pivotY":7,"pivotX":4,"name":"A","height":14},"compId":4366,"child":[{"type":"Script","props":{"y":-5,"x":-3,"width":13,"presetID":199,"isSensor":true,"height":24,"runtime":"Laya.BoxCollider"},"compId":4367},{"type":"Script","props":{"y":1,"x":0,"type":"static","presetID":200,"gravityScale":0,"runtime":"Laya.RigidBody"},"compId":4368}]},{"type":"Image","props":{"y":152,"x":232,"width":7,"skin":"Game/UI/MakeTailor/dotted1.png","rotation":96,"presetID":201,"pivotY":7,"pivotX":4,"name":"A","height":14},"compId":4369,"child":[{"type":"Script","props":{"y":-5,"x":-3,"width":13,"presetID":202,"isSensor":true,"height":24,"runtime":"Laya.BoxCollider"},"compId":4370},{"type":"Script","props":{"y":1,"x":0,"type":"static","presetID":203,"gravityScale":0,"runtime":"Laya.RigidBody"},"compId":4371}]},{"type":"Image","props":{"y":153,"x":254,"width":7,"skin":"Game/UI/MakeTailor/dotted1.png","rotation":91,"presetID":204,"pivotY":7,"pivotX":4,"name":"A","height":14},"compId":4372,"child":[{"type":"Script","props":{"y":-5,"x":-3,"width":13,"presetID":205,"isSensor":true,"height":24,"runtime":"Laya.BoxCollider"},"compId":4373},{"type":"Script","props":{"y":1,"x":0,"type":"static","presetID":206,"gravityScale":0,"runtime":"Laya.RigidBody"},"compId":4374}]},{"type":"Image","props":{"y":155,"x":276,"width":7,"skin":"Game/UI/MakeTailor/dotted1.png","rotation":91,"presetID":207,"pivotY":7,"pivotX":4,"name":"A","height":14},"compId":4375,"child":[{"type":"Script","props":{"y":-5,"x":-3,"width":13,"presetID":208,"isSensor":true,"height":24,"runtime":"Laya.BoxCollider"},"compId":4376},{"type":"Script","props":{"y":1,"x":0,"type":"static","presetID":209,"gravityScale":0,"runtime":"Laya.RigidBody"},"compId":4377}]},{"type":"Image","props":{"y":156,"x":298,"width":7,"skin":"Game/UI/MakeTailor/dotted1.png","rotation":91,"presetID":210,"pivotY":7,"pivotX":4,"name":"A","height":14},"compId":4378,"child":[{"type":"Script","props":{"y":-5,"x":-3,"width":13,"presetID":211,"isSensor":true,"height":24,"runtime":"Laya.BoxCollider"},"compId":4379},{"type":"Script","props":{"y":1,"x":0,"type":"static","presetID":212,"gravityScale":0,"runtime":"Laya.RigidBody"},"compId":4380}]},{"type":"Image","props":{"y":155,"x":320,"width":7,"skin":"Game/UI/MakeTailor/dotted1.png","rotation":90,"presetID":213,"pivotY":7,"pivotX":4,"name":"A","height":14},"compId":4387,"child":[{"type":"Script","props":{"y":-5,"x":-3,"width":13,"presetID":214,"isSensor":true,"height":24,"runtime":"Laya.BoxCollider"},"compId":4388},{"type":"Script","props":{"y":1,"x":0,"type":"static","presetID":215,"gravityScale":0,"runtime":"Laya.RigidBody"},"compId":4389}]},{"type":"Image","props":{"y":155,"x":341,"width":7,"skin":"Game/UI/MakeTailor/dotted1.png","rotation":90,"presetID":216,"pivotY":7,"pivotX":4,"name":"A","height":14},"compId":4390,"child":[{"type":"Script","props":{"y":-5,"x":-3,"width":13,"presetID":217,"isSensor":true,"height":24,"runtime":"Laya.BoxCollider"},"compId":4391},{"type":"Script","props":{"y":1,"x":0,"type":"static","presetID":218,"gravityScale":0,"runtime":"Laya.RigidBody"},"compId":4392}]},{"type":"Image","props":{"y":155,"x":362,"width":7,"skin":"Game/UI/MakeTailor/dotted1.png","rotation":88,"presetID":219,"pivotY":7,"pivotX":4,"name":"A","height":14},"compId":4393,"child":[{"type":"Script","props":{"y":-5,"x":-3,"width":13,"presetID":220,"isSensor":true,"height":24,"runtime":"Laya.BoxCollider"},"compId":4394},{"type":"Script","props":{"y":1,"x":0,"type":"static","presetID":221,"gravityScale":0,"runtime":"Laya.RigidBody"},"compId":4395}]},{"type":"Image","props":{"y":153,"x":383,"width":7,"skin":"Game/UI/MakeTailor/dotted1.png","rotation":84,"presetID":222,"pivotY":7,"pivotX":4,"name":"A","height":14},"compId":4396,"child":[{"type":"Script","props":{"y":-5,"x":-3,"width":13,"presetID":223,"isSensor":true,"height":24,"runtime":"Laya.BoxCollider"},"compId":4397},{"type":"Script","props":{"y":1,"x":0,"type":"static","presetID":224,"gravityScale":0,"runtime":"Laya.RigidBody"},"compId":4398}]},{"type":"Image","props":{"y":151,"x":404,"width":7,"skin":"Game/UI/MakeTailor/dotted1.png","rotation":82,"presetID":225,"pivotY":7,"pivotX":4,"name":"A","height":14},"compId":4399,"child":[{"type":"Script","props":{"y":-5,"x":-3,"width":13,"presetID":226,"isSensor":true,"height":24,"runtime":"Laya.BoxCollider"},"compId":4400},{"type":"Script","props":{"y":1,"x":0,"type":"static","presetID":227,"gravityScale":0,"runtime":"Laya.RigidBody"},"compId":4401}]},{"type":"Image","props":{"y":134,"x":411,"width":7,"skin":"Game/UI/MakeTailor/dotted1.png","rotation":2,"presetID":228,"pivotY":7,"pivotX":4,"name":"V","height":14},"compId":4402,"child":[{"type":"Script","props":{"y":-5,"x":-3,"width":13,"presetID":229,"isSensor":true,"height":24,"runtime":"Laya.BoxCollider"},"compId":4403},{"type":"Script","props":{"y":1,"x":0,"type":"static","presetID":230,"gravityScale":0,"runtime":"Laya.RigidBody"},"compId":4404}]},{"type":"Image","props":{"y":115,"x":412,"width":7,"skin":"Game/UI/MakeTailor/dotted1.png","rotation":3,"presetID":231,"pivotY":7,"pivotX":4,"name":"V","height":14},"compId":4405,"child":[{"type":"Script","props":{"y":-5,"x":-3,"width":13,"presetID":232,"isSensor":true,"height":24,"runtime":"Laya.BoxCollider"},"compId":4406},{"type":"Script","props":{"y":1,"x":0,"type":"static","presetID":233,"gravityScale":0,"runtime":"Laya.RigidBody"},"compId":4407}]},{"type":"Image","props":{"y":94,"x":414,"width":7,"skin":"Game/UI/MakeTailor/dotted1.png","rotation":6,"presetID":234,"pivotY":7,"pivotX":4,"name":"V","height":14},"compId":4408,"child":[{"type":"Script","props":{"y":-5,"x":-3,"width":13,"presetID":235,"isSensor":true,"height":24,"runtime":"Laya.BoxCollider"},"compId":4409},{"type":"Script","props":{"y":1,"x":0,"type":"static","presetID":236,"gravityScale":0,"runtime":"Laya.RigidBody"},"compId":4410}]},{"type":"Image","props":{"y":73,"x":417,"width":7,"skin":"Game/UI/MakeTailor/dotted1.png","rotation":7,"presetID":237,"pivotY":7,"pivotX":4,"name":"V","height":14},"compId":4411,"child":[{"type":"Script","props":{"y":-5,"x":-3,"width":13,"presetID":238,"isSensor":true,"height":24,"runtime":"Laya.BoxCollider"},"compId":4412},{"type":"Script","props":{"y":1,"x":0,"type":"static","presetID":239,"gravityScale":0,"runtime":"Laya.RigidBody"},"compId":4413}]},{"type":"Image","props":{"y":52,"x":421,"width":7,"skin":"Game/UI/MakeTailor/dotted1.png","rotation":9,"presetID":240,"pivotY":7,"pivotX":4,"name":"V","height":14},"compId":4414,"child":[{"type":"Script","props":{"y":-5,"x":-3,"width":13,"presetID":241,"isSensor":true,"height":24,"runtime":"Laya.BoxCollider"},"compId":4415},{"type":"Script","props":{"y":1,"x":0,"type":"static","presetID":242,"gravityScale":0,"runtime":"Laya.RigidBody"},"compId":4416}]},{"type":"Image","props":{"y":32,"x":424,"width":7,"skin":"Game/UI/MakeTailor/dotted1.png","rotation":9,"presetID":243,"pivotY":7,"pivotX":4,"name":"V","height":14},"compId":4417,"child":[{"type":"Script","props":{"y":-5,"x":-3,"width":13,"presetID":244,"isSensor":true,"height":24,"runtime":"Laya.BoxCollider"},"compId":4418},{"type":"Script","props":{"y":1,"x":0,"type":"static","presetID":245,"gravityScale":0,"runtime":"Laya.RigidBody"},"compId":4419}]},{"type":"Image","props":{"y":12,"x":428,"width":7,"skin":"Game/UI/MakeTailor/dotted1.png","rotation":9,"presetID":246,"pivotY":7,"pivotX":4,"name":"V","height":14},"compId":4420,"child":[{"type":"Script","props":{"y":-5,"x":-3,"width":13,"presetID":247,"isSensor":true,"height":24,"runtime":"Laya.BoxCollider"},"compId":4421},{"type":"Script","props":{"y":1,"x":0,"type":"static","presetID":248,"gravityScale":0,"runtime":"Laya.RigidBody"},"compId":4422}]}]}]}],"loadList":["Game/UI/MakeTailor/diy_top_006_final/s4.png","Game/UI/MakeTailor/diy_top_006_final/s2.png","Game/UI/MakeTailor/diy_top_006_final/s3.png","Game/UI/MakeTailor/diy_top_006_final/s1.png","Game/UI/MakeTailor/diy_top_006_final/q1.png","Game/UI/MakeTailor/diy_top_006_final/x1.png","Game/UI/MakeTailor/dotted1.png","Game/UI/MakeTailor/diy_top_006_final/x3.png","Game/UI/MakeTailor/diy_top_006_final/x2.png","Game/UI/MakeTailor/diy_top_006_final/x4.png"],"loadList3D":[]}