{"type":"Box","props":{"y":0,"x":0,"width":720,"scaleY":0.9,"scaleX":0.9,"presetID":1,"name":"diy_bottom_006_final","isPresetRoot":true,"height":720,"centerY":0,"centerX":0},"compId":3887,"child":[{"type":"Sprite","props":{"y":348.5,"x":142,"width":235,"texture":"Game/UI/MakeTailor/diy_bottom_006_final/s1.png","presetID":2,"name":"Cloth01_LD","height":342},"compId":2756},{"type":"Sprite","props":{"y":360.5,"x":393,"texture":"Game/UI/MakeTailor/diy_bottom_006_final/s2.png","presetID":3,"name":"Cloth02_RD"},"compId":2986},{"type":"Sprite","props":{"y":-13,"x":-272,"texture":"Game/UI/MakeTailor/diy_bottom_006_final/q1.png","presetID":4,"name":"Ultimately"},"compId":2577},{"type":"Image","props":{"y":-15,"width":512,"presetID":5,"name":"LineParent","height":725,"centerX":0},"compId":2578,"child":[{"type":"Sprite","props":{"y":352,"x":35,"texture":"Game/UI/MakeTailor/diy_bottom_006_final/x1.png","presetID":6,"name":"Line01"},"compId":2579,"child":[{"type":"Image","props":{"y":17,"x":6,"width":7,"skin":"Game/UI/MakeTailor/dotted1.png","rotation":156,"presetID":7,"pivotY":7,"pivotX":4,"name":"A","height":14},"compId":2598,"child":[{"type":"Script","props":{"y":-5,"x":-3,"width":13,"presetID":8,"isSensor":true,"height":24,"runtime":"Laya.BoxCollider"},"compId":2599},{"type":"Script","props":{"type":"static","presetID":9,"gravityScale":0,"runtime":"Laya.RigidBody"},"compId":2600}]},{"type":"Image","props":{"y":35,"x":14,"width":7,"skin":"Game/UI/MakeTailor/dotted1.png","rotation":151,"presetID":10,"pivotY":7,"pivotX":4,"name":"A","height":14},"compId":3888,"child":[{"type":"Script","props":{"y":-5,"x":-3,"width":13,"presetID":11,"isSensor":true,"height":24,"runtime":"Laya.BoxCollider"},"compId":3889},{"type":"Script","props":{"type":"static","presetID":12,"gravityScale":0,"runtime":"Laya.RigidBody"},"compId":3890}]},{"type":"Image","props":{"y":54,"x":26,"width":7,"skin":"Game/UI/MakeTailor/dotted1.png","rotation":143,"presetID":13,"pivotY":7,"pivotX":4,"name":"A","height":14},"compId":3891,"child":[{"type":"Script","props":{"y":-5,"x":-3,"width":13,"presetID":14,"isSensor":true,"height":24,"runtime":"Laya.BoxCollider"},"compId":3892},{"type":"Script","props":{"type":"static","presetID":15,"gravityScale":0,"runtime":"Laya.RigidBody"},"compId":3893}]},{"type":"Image","props":{"y":68,"x":42,"width":7,"skin":"Game/UI/MakeTailor/dotted1.png","rotation":122,"presetID":16,"pivotY":7,"pivotX":4,"name":"A","height":14},"compId":3894,"child":[{"type":"Script","props":{"y":-5,"x":-3,"width":13,"presetID":17,"isSensor":true,"height":24,"runtime":"Laya.BoxCollider"},"compId":3895},{"type":"Script","props":{"type":"static","presetID":18,"gravityScale":0,"runtime":"Laya.RigidBody"},"compId":3896}]},{"type":"Image","props":{"y":78,"x":60,"width":7,"skin":"Game/UI/MakeTailor/dotted1.png","rotation":117,"presetID":19,"pivotY":7,"pivotX":4,"name":"A","height":14},"compId":3897,"child":[{"type":"Script","props":{"y":-5,"x":-3,"width":13,"presetID":20,"isSensor":true,"height":24,"runtime":"Laya.BoxCollider"},"compId":3898},{"type":"Script","props":{"type":"static","presetID":21,"gravityScale":0,"runtime":"Laya.RigidBody"},"compId":3899}]},{"type":"Image","props":{"y":86,"x":78,"width":7,"skin":"Game/UI/MakeTailor/dotted1.png","rotation":110,"presetID":22,"pivotY":7,"pivotX":4,"name":"A","height":14},"compId":3900,"child":[{"type":"Script","props":{"y":-5,"x":-3,"width":13,"presetID":23,"isSensor":true,"height":24,"runtime":"Laya.BoxCollider"},"compId":3901},{"type":"Script","props":{"type":"static","presetID":24,"gravityScale":0,"runtime":"Laya.RigidBody"},"compId":3902}]},{"type":"Image","props":{"y":92,"x":99,"width":7,"skin":"Game/UI/MakeTailor/dotted1.png","rotation":100,"presetID":25,"pivotY":7,"pivotX":4,"name":"A","height":14},"compId":3903,"child":[{"type":"Script","props":{"y":-5,"x":-3,"width":13,"presetID":26,"isSensor":true,"height":24,"runtime":"Laya.BoxCollider"},"compId":3904},{"type":"Script","props":{"type":"static","presetID":27,"gravityScale":0,"runtime":"Laya.RigidBody"},"compId":3905}]},{"type":"Image","props":{"y":95,"x":120,"width":7,"skin":"Game/UI/MakeTailor/dotted1.png","rotation":95,"presetID":28,"pivotY":7,"pivotX":4,"name":"A","height":14},"compId":3906,"child":[{"type":"Script","props":{"y":-5,"x":-3,"width":13,"presetID":29,"isSensor":true,"height":24,"runtime":"Laya.BoxCollider"},"compId":3907},{"type":"Script","props":{"type":"static","presetID":30,"gravityScale":0,"runtime":"Laya.RigidBody"},"compId":3908}]},{"type":"Image","props":{"y":97,"x":141,"width":7,"skin":"Game/UI/MakeTailor/dotted1.png","rotation":95,"presetID":31,"pivotY":7,"pivotX":4,"name":"A","height":14},"compId":3909,"child":[{"type":"Script","props":{"y":-5,"x":-3,"width":13,"presetID":32,"isSensor":true,"height":24,"runtime":"Laya.BoxCollider"},"compId":3910},{"type":"Script","props":{"type":"static","presetID":33,"gravityScale":0,"runtime":"Laya.RigidBody"},"compId":3911}]},{"type":"Image","props":{"y":98,"x":162,"width":7,"skin":"Game/UI/MakeTailor/dotted1.png","rotation":93,"presetID":34,"pivotY":7,"pivotX":4,"name":"A","height":14},"compId":3912,"child":[{"type":"Script","props":{"y":-5,"x":-3,"width":13,"presetID":35,"isSensor":true,"height":24,"runtime":"Laya.BoxCollider"},"compId":3913},{"type":"Script","props":{"type":"static","presetID":36,"gravityScale":0,"runtime":"Laya.RigidBody"},"compId":3914}]},{"type":"Image","props":{"y":99,"x":182,"width":7,"skin":"Game/UI/MakeTailor/dotted1.png","rotation":93,"presetID":37,"pivotY":7,"pivotX":4,"name":"A","height":14},"compId":3915,"child":[{"type":"Script","props":{"y":-5,"x":-3,"width":13,"presetID":38,"isSensor":true,"height":24,"runtime":"Laya.BoxCollider"},"compId":3916},{"type":"Script","props":{"type":"static","presetID":39,"gravityScale":0,"runtime":"Laya.RigidBody"},"compId":3917}]},{"type":"Image","props":{"y":100,"x":203,"width":7,"skin":"Game/UI/MakeTailor/dotted1.png","rotation":93,"presetID":40,"pivotY":7,"pivotX":4,"name":"A","height":14},"compId":3918,"child":[{"type":"Script","props":{"y":-5,"x":-3,"width":13,"presetID":41,"isSensor":true,"height":24,"runtime":"Laya.BoxCollider"},"compId":3919},{"type":"Script","props":{"type":"static","presetID":42,"gravityScale":0,"runtime":"Laya.RigidBody"},"compId":3920}]},{"type":"Image","props":{"y":101,"x":223,"width":7,"skin":"Game/UI/MakeTailor/dotted1.png","rotation":93,"presetID":43,"pivotY":7,"pivotX":4,"name":"A","height":14},"compId":3921,"child":[{"type":"Script","props":{"y":-5,"x":-3,"width":13,"presetID":44,"isSensor":true,"height":24,"runtime":"Laya.BoxCollider"},"compId":3922},{"type":"Script","props":{"type":"static","presetID":45,"gravityScale":0,"runtime":"Laya.RigidBody"},"compId":3923}]}]},{"type":"Sprite","props":{"y":363.5,"x":291,"width":227.8509530315538,"texture":"Game/UI/MakeTailor/diy_bottom_006_final/x2.png","presetID":46,"name":"Line02","height":93},"compId":2601,"child":[{"type":"Image","props":{"y":89,"x":9,"width":7,"skin":"Game/UI/MakeTailor/dotted1.png","rotation":89,"presetID":47,"pivotY":7,"pivotX":4,"name":"A","height":14},"compId":3924,"child":[{"type":"Script","props":{"y":-5,"x":-3,"width":13,"presetID":48,"isSensor":true,"height":24,"runtime":"Laya.BoxCollider"},"compId":3925},{"type":"Script","props":{"type":"static","presetID":49,"gravityScale":0,"runtime":"Laya.RigidBody"},"compId":3926}]},{"type":"Image","props":{"y":88,"x":29,"width":7,"skin":"Game/UI/MakeTailor/dotted1.png","rotation":89,"presetID":50,"pivotY":7,"pivotX":4,"name":"A","height":14},"compId":3927,"child":[{"type":"Script","props":{"y":-5,"x":-3,"width":13,"presetID":51,"isSensor":true,"height":24,"runtime":"Laya.BoxCollider"},"compId":3928},{"type":"Script","props":{"type":"static","presetID":52,"gravityScale":0,"runtime":"Laya.RigidBody"},"compId":3929}]},{"type":"Image","props":{"y":87,"x":49,"width":7,"skin":"Game/UI/MakeTailor/dotted1.png","rotation":85,"presetID":53,"pivotY":7,"pivotX":4,"name":"A","height":14},"compId":3930,"child":[{"type":"Script","props":{"y":-5,"x":-3,"width":13,"presetID":54,"isSensor":true,"height":24,"runtime":"Laya.BoxCollider"},"compId":3931},{"type":"Script","props":{"type":"static","presetID":55,"gravityScale":0,"runtime":"Laya.RigidBody"},"compId":3932}]},{"type":"Image","props":{"y":86,"x":69,"width":7,"skin":"Game/UI/MakeTailor/dotted1.png","rotation":85,"presetID":56,"pivotY":7,"pivotX":4,"name":"A","height":14},"compId":3933,"child":[{"type":"Script","props":{"y":-5,"x":-3,"width":13,"presetID":57,"isSensor":true,"height":24,"runtime":"Laya.BoxCollider"},"compId":3934},{"type":"Script","props":{"type":"static","presetID":58,"gravityScale":0,"runtime":"Laya.RigidBody"},"compId":3935}]},{"type":"Image","props":{"y":84,"x":89,"width":7,"skin":"Game/UI/MakeTailor/dotted1.png","rotation":85,"presetID":59,"pivotY":7,"pivotX":4,"name":"A","height":14},"compId":3936,"child":[{"type":"Script","props":{"y":-5,"x":-3,"width":13,"presetID":60,"isSensor":true,"height":24,"runtime":"Laya.BoxCollider"},"compId":3937},{"type":"Script","props":{"type":"static","presetID":61,"gravityScale":0,"runtime":"Laya.RigidBody"},"compId":3938}]},{"type":"Image","props":{"y":82,"x":110,"width":7,"skin":"Game/UI/MakeTailor/dotted1.png","rotation":85,"presetID":62,"pivotY":7,"pivotX":4,"name":"A","height":14},"compId":3939,"child":[{"type":"Script","props":{"y":-5,"x":-3,"width":13,"presetID":63,"isSensor":true,"height":24,"runtime":"Laya.BoxCollider"},"compId":3940},{"type":"Script","props":{"type":"static","presetID":64,"gravityScale":0,"runtime":"Laya.RigidBody"},"compId":3941}]},{"type":"Image","props":{"y":79,"x":130,"width":7,"skin":"Game/UI/MakeTailor/dotted1.png","rotation":80,"presetID":65,"pivotY":7,"pivotX":4,"name":"A","height":14},"compId":3942,"child":[{"type":"Script","props":{"y":-5,"x":-3,"width":13,"presetID":66,"isSensor":true,"height":24,"runtime":"Laya.BoxCollider"},"compId":3943},{"type":"Script","props":{"type":"static","presetID":67,"gravityScale":0,"runtime":"Laya.RigidBody"},"compId":3944}]},{"type":"Image","props":{"y":76,"x":150,"width":7,"skin":"Game/UI/MakeTailor/dotted1.png","rotation":80,"presetID":68,"pivotY":7,"pivotX":4,"name":"A","height":14},"compId":3945,"child":[{"type":"Script","props":{"y":-5,"x":-3,"width":13,"presetID":69,"isSensor":true,"height":24,"runtime":"Laya.BoxCollider"},"compId":3946},{"type":"Script","props":{"type":"static","presetID":70,"gravityScale":0,"runtime":"Laya.RigidBody"},"compId":3947}]},{"type":"Image","props":{"y":70,"x":169,"width":7,"skin":"Game/UI/MakeTailor/dotted1.png","rotation":69,"presetID":71,"pivotY":7,"pivotX":4,"name":"A","height":14},"compId":3948,"child":[{"type":"Script","props":{"y":-5,"x":-3,"width":13,"presetID":72,"isSensor":true,"height":24,"runtime":"Laya.BoxCollider"},"compId":3949},{"type":"Script","props":{"type":"static","presetID":73,"gravityScale":0,"runtime":"Laya.RigidBody"},"compId":3950}]},{"type":"Image","props":{"y":61,"x":186,"width":7,"skin":"Game/UI/MakeTailor/dotted1.png","rotation":57,"presetID":74,"pivotY":7,"pivotX":4,"name":"A","height":14},"compId":3951,"child":[{"type":"Script","props":{"y":-5,"x":-3,"width":13,"presetID":75,"isSensor":true,"height":24,"runtime":"Laya.BoxCollider"},"compId":3952},{"type":"Script","props":{"type":"static","presetID":76,"gravityScale":0,"runtime":"Laya.RigidBody"},"compId":3953}]},{"type":"Image","props":{"y":49,"x":200,"width":7,"skin":"Game/UI/MakeTailor/dotted1.png","rotation":45,"presetID":77,"pivotY":7,"pivotX":4,"name":"A","height":14},"compId":3954,"child":[{"type":"Script","props":{"y":-5,"x":-3,"width":13,"presetID":78,"isSensor":true,"height":24,"runtime":"Laya.BoxCollider"},"compId":3955},{"type":"Script","props":{"type":"static","presetID":79,"gravityScale":0,"runtime":"Laya.RigidBody"},"compId":3956}]},{"type":"Image","props":{"y":35,"x":213,"width":7,"skin":"Game/UI/MakeTailor/dotted1.png","rotation":38,"presetID":80,"pivotY":7,"pivotX":4,"name":"A","height":14},"compId":3957,"child":[{"type":"Script","props":{"y":-5,"x":-3,"width":13,"presetID":81,"isSensor":true,"height":24,"runtime":"Laya.BoxCollider"},"compId":3958},{"type":"Script","props":{"type":"static","presetID":82,"gravityScale":0,"runtime":"Laya.RigidBody"},"compId":3959}]},{"type":"Image","props":{"y":19,"x":222,"width":7,"skin":"Game/UI/MakeTailor/dotted1.png","rotation":27,"presetID":83,"pivotY":7,"pivotX":4,"name":"A","height":14},"compId":3960,"child":[{"type":"Script","props":{"y":-5,"x":-3,"width":13,"presetID":84,"isSensor":true,"height":24,"runtime":"Laya.BoxCollider"},"compId":3961},{"type":"Script","props":{"type":"static","presetID":85,"gravityScale":0,"runtime":"Laya.RigidBody"},"compId":3962}]}]}]}],"loadList":["Game/UI/MakeTailor/diy_bottom_006_final/s1.png","Game/UI/MakeTailor/diy_bottom_006_final/s2.png","Game/UI/MakeTailor/diy_bottom_006_final/q1.png","Game/UI/MakeTailor/diy_bottom_006_final/x1.png","Game/UI/MakeTailor/dotted1.png","Game/UI/MakeTailor/diy_bottom_006_final/x2.png"],"loadList3D":[]}