{"type":"Box","props":{"y":0,"x":0,"width":720,"presetID":1,"name":"diy_dress_001_final","isPresetRoot":true,"height":720,"centerY":0,"centerX":0},"compId":1451,"child":[{"type":"Sprite","props":{"y":0,"x":-272,"texture":"Game/UI/MakeTailor/diy_top_007_final/p1.png","presetID":2,"name":"Ultimately"},"compId":1456},{"type":"Image","props":{"y":154,"x":543,"skin":"Game/UI/MakeTailor/diy_top_007_final/s3.png","presetID":3,"name":"Cloth03_RD"},"compId":1461},{"type":"Image","props":{"y":154,"x":46,"skin":"Game/UI/MakeTailor/diy_top_007_final/s2.png","presetID":4,"name":"Cloth02_LD"},"compId":1460},{"type":"Image","props":{"y":43,"x":198,"skin":"Game/UI/MakeTailor/diy_top_007_final/s1.png","presetID":5,"name":"Cloth01_U"},"compId":1464},{"type":"Image","props":{"y":522,"x":165,"skin":"Game/UI/MakeTailor/diy_top_007_final/s6.png","presetID":6,"name":"Cloth06_D"},"compId":1465},{"type":"Image","props":{"y":185,"x":502,"width":52,"skin":"Game/UI/MakeTailor/diy_top_007_final/s5.png","presetID":7,"name":"Cloth05_R","height":329},"compId":1467},{"type":"Image","props":{"y":192,"x":183,"width":58,"skin":"Game/UI/MakeTailor/diy_top_007_final/s4.png","presetID":8,"name":"Cloth04_L","height":326},"compId":1466},{"type":"Image","props":{"y":0,"width":512,"presetID":9,"name":"LineParent","height":725,"centerX":0},"compId":1459,"child":[{"type":"Sprite","props":{"y":174,"x":71,"texture":"Game/UI/MakeTailor/diy_top_007_final/x6.png","presetID":10,"name":"Line06"},"compId":1483,"child":[{"type":"Image","props":{"y":359,"x":16,"width":7,"skin":"Game/UI/MakeTailor/dotted1.png","rotation":99,"presetID":11,"pivotY":7,"pivotX":4,"name":"A","height":14},"compId":1799,"child":[{"type":"Script","props":{"y":-5,"x":-3,"width":13,"presetID":12,"isSensor":true,"height":24,"runtime":"Laya.BoxCollider"},"compId":1800},{"type":"Script","props":{"type":"static","presetID":13,"gravityScale":0,"runtime":"Laya.RigidBody"},"compId":1801}]},{"type":"Image","props":{"y":365,"x":36,"width":7,"skin":"Game/UI/MakeTailor/dotted1.png","rotation":111,"presetID":14,"pivotY":7,"pivotX":4,"name":"A","height":14},"compId":1802,"child":[{"type":"Script","props":{"y":-5,"x":-3,"width":13,"presetID":15,"isSensor":true,"height":24,"runtime":"Laya.BoxCollider"},"compId":1803},{"type":"Script","props":{"type":"static","presetID":16,"gravityScale":0,"runtime":"Laya.RigidBody"},"compId":1804}]},{"type":"Image","props":{"y":374,"x":55,"width":7,"skin":"Game/UI/MakeTailor/dotted1.png","rotation":120,"presetID":17,"pivotY":7,"pivotX":4,"name":"A","height":14},"compId":1805,"child":[{"type":"Script","props":{"y":-5,"x":-3,"width":13,"presetID":18,"isSensor":true,"height":24,"runtime":"Laya.BoxCollider"},"compId":1806},{"type":"Script","props":{"type":"static","presetID":19,"gravityScale":0,"runtime":"Laya.RigidBody"},"compId":1807}]},{"type":"Image","props":{"y":387,"x":72,"width":7,"skin":"Game/UI/MakeTailor/dotted1.png","rotation":125,"presetID":20,"pivotY":7,"pivotX":4,"name":"A","height":14},"compId":1808,"child":[{"type":"Script","props":{"y":-5,"x":-3,"width":13,"presetID":21,"isSensor":true,"height":24,"runtime":"Laya.BoxCollider"},"compId":1809},{"type":"Script","props":{"type":"static","presetID":22,"gravityScale":0,"runtime":"Laya.RigidBody"},"compId":1810}]},{"type":"Image","props":{"y":399,"x":88,"width":7,"skin":"Game/UI/MakeTailor/dotted1.png","rotation":125,"presetID":23,"pivotY":7,"pivotX":4,"name":"A","height":14},"compId":1811,"child":[{"type":"Script","props":{"y":-5,"x":-3,"width":13,"presetID":24,"isSensor":true,"height":24,"runtime":"Laya.BoxCollider"},"compId":1812},{"type":"Script","props":{"type":"static","presetID":25,"gravityScale":0,"runtime":"Laya.RigidBody"},"compId":1813}]},{"type":"Image","props":{"y":405,"x":108,"width":7,"skin":"Game/UI/MakeTailor/dotted1.png","rotation":85,"presetID":26,"pivotY":7,"pivotX":4,"name":"A","height":14},"compId":1814,"child":[{"type":"Script","props":{"y":-5,"x":-3,"width":13,"presetID":27,"isSensor":true,"height":24,"runtime":"Laya.BoxCollider"},"compId":1815},{"type":"Script","props":{"type":"static","presetID":28,"gravityScale":0,"runtime":"Laya.RigidBody"},"compId":1816}]},{"type":"Image","props":{"y":404,"x":129,"width":7,"skin":"Game/UI/MakeTailor/dotted1.png","rotation":85,"presetID":29,"pivotY":7,"pivotX":4,"name":"A","height":14},"compId":1817,"child":[{"type":"Script","props":{"y":-5,"x":-3,"width":13,"presetID":30,"isSensor":true,"height":24,"runtime":"Laya.BoxCollider"},"compId":1818},{"type":"Script","props":{"type":"static","presetID":31,"gravityScale":0,"runtime":"Laya.RigidBody"},"compId":1819}]},{"type":"Image","props":{"y":403,"x":150,"width":7,"skin":"Game/UI/MakeTailor/dotted1.png","rotation":94,"presetID":32,"pivotY":7,"pivotX":4,"name":"A","height":14},"compId":1820,"child":[{"type":"Script","props":{"y":-5,"x":-3,"width":13,"presetID":33,"isSensor":true,"height":24,"runtime":"Laya.BoxCollider"},"compId":1821},{"type":"Script","props":{"type":"static","presetID":34,"gravityScale":0,"runtime":"Laya.RigidBody"},"compId":1822}]},{"type":"Image","props":{"y":408,"x":170,"width":7,"skin":"Game/UI/MakeTailor/dotted1.png","rotation":107,"presetID":35,"pivotY":7,"pivotX":4,"name":"A","height":14},"compId":1823,"child":[{"type":"Script","props":{"y":-5,"x":-3,"width":13,"presetID":36,"isSensor":true,"height":24,"runtime":"Laya.BoxCollider"},"compId":1824},{"type":"Script","props":{"type":"static","presetID":37,"gravityScale":0,"runtime":"Laya.RigidBody"},"compId":1825}]},{"type":"Image","props":{"y":412,"x":191,"width":7,"skin":"Game/UI/MakeTailor/dotted1.png","rotation":98,"presetID":38,"pivotY":7,"pivotX":4,"name":"A","height":14},"compId":1826,"child":[{"type":"Script","props":{"y":-5,"x":-3,"width":13,"presetID":39,"isSensor":true,"height":24,"runtime":"Laya.BoxCollider"},"compId":1827},{"type":"Script","props":{"type":"static","presetID":40,"gravityScale":0,"runtime":"Laya.RigidBody"},"compId":1828}]},{"type":"Image","props":{"y":409,"x":212,"width":7,"skin":"Game/UI/MakeTailor/dotted1.png","rotation":77,"presetID":41,"pivotY":7,"pivotX":4,"name":"A","height":14},"compId":1829,"child":[{"type":"Script","props":{"y":-5,"x":-3,"width":13,"presetID":42,"isSensor":true,"height":24,"runtime":"Laya.BoxCollider"},"compId":1830},{"type":"Script","props":{"type":"static","presetID":43,"gravityScale":0,"runtime":"Laya.RigidBody"},"compId":1831}]},{"type":"Image","props":{"y":404,"x":232,"width":7,"skin":"Game/UI/MakeTailor/dotted1.png","rotation":77,"presetID":44,"pivotY":7,"pivotX":4,"name":"A","height":14},"compId":1832,"child":[{"type":"Script","props":{"y":-5,"x":-3,"width":13,"presetID":45,"isSensor":true,"height":24,"runtime":"Laya.BoxCollider"},"compId":1833},{"type":"Script","props":{"type":"static","presetID":46,"gravityScale":0,"runtime":"Laya.RigidBody"},"compId":1834}]},{"type":"Image","props":{"y":404,"x":253,"width":7,"skin":"Game/UI/MakeTailor/dotted1.png","rotation":100,"presetID":47,"pivotY":7,"pivotX":4,"name":"A","height":14},"compId":1835,"child":[{"type":"Script","props":{"y":-5,"x":-3,"width":13,"presetID":48,"isSensor":true,"height":24,"runtime":"Laya.BoxCollider"},"compId":1836},{"type":"Script","props":{"type":"static","presetID":49,"gravityScale":0,"runtime":"Laya.RigidBody"},"compId":1837}]},{"type":"Image","props":{"y":406,"x":274,"width":7,"skin":"Game/UI/MakeTailor/dotted1.png","rotation":90,"presetID":50,"pivotY":7,"pivotX":4,"name":"A","height":14},"compId":1838,"child":[{"type":"Script","props":{"y":-5,"x":-3,"width":13,"presetID":51,"isSensor":true,"height":24,"runtime":"Laya.BoxCollider"},"compId":1839},{"type":"Script","props":{"type":"static","presetID":52,"gravityScale":0,"runtime":"Laya.RigidBody"},"compId":1840}]},{"type":"Image","props":{"y":403,"x":294,"width":7,"skin":"Game/UI/MakeTailor/dotted1.png","rotation":65,"presetID":53,"pivotY":7,"pivotX":4,"name":"A","height":14},"compId":1841,"child":[{"type":"Script","props":{"y":-5,"x":-3,"width":13,"presetID":54,"isSensor":true,"height":24,"runtime":"Laya.BoxCollider"},"compId":1842},{"type":"Script","props":{"type":"static","presetID":55,"gravityScale":0,"runtime":"Laya.RigidBody"},"compId":1843}]},{"type":"Image","props":{"y":391,"x":312,"width":7,"skin":"Game/UI/MakeTailor/dotted1.png","rotation":52,"presetID":56,"pivotY":7,"pivotX":4,"name":"A","height":14},"compId":1844,"child":[{"type":"Script","props":{"y":-5,"x":-3,"width":13,"presetID":57,"isSensor":true,"height":24,"runtime":"Laya.BoxCollider"},"compId":1845},{"type":"Script","props":{"type":"static","presetID":58,"gravityScale":0,"runtime":"Laya.RigidBody"},"compId":1846}]},{"type":"Image","props":{"y":378,"x":328,"width":7,"skin":"Game/UI/MakeTailor/dotted1.png","rotation":52,"presetID":59,"pivotY":7,"pivotX":4,"name":"A","height":14},"compId":1847,"child":[{"type":"Script","props":{"y":-5,"x":-3,"width":13,"presetID":60,"isSensor":true,"height":24,"runtime":"Laya.BoxCollider"},"compId":1848},{"type":"Script","props":{"type":"static","presetID":61,"gravityScale":0,"runtime":"Laya.RigidBody"},"compId":1849}]},{"type":"Image","props":{"y":367,"x":346,"width":7,"skin":"Game/UI/MakeTailor/dotted1.png","rotation":63,"presetID":62,"pivotY":7,"pivotX":4,"name":"A","height":14},"compId":1850,"child":[{"type":"Script","props":{"y":-5,"x":-3,"width":13,"presetID":63,"isSensor":true,"height":24,"runtime":"Laya.BoxCollider"},"compId":1851},{"type":"Script","props":{"type":"static","presetID":64,"gravityScale":0,"runtime":"Laya.RigidBody"},"compId":1852}]},{"type":"Image","props":{"y":361,"x":365,"width":7,"skin":"Game/UI/MakeTailor/dotted1.png","rotation":71,"presetID":65,"pivotY":7,"pivotX":4,"name":"A","height":14},"compId":1853,"child":[{"type":"Script","props":{"y":-5,"x":-3,"width":13,"presetID":66,"isSensor":true,"height":24,"runtime":"Laya.BoxCollider"},"compId":1854},{"type":"Script","props":{"type":"static","presetID":67,"gravityScale":0,"runtime":"Laya.RigidBody"},"compId":1855}]}]},{"type":"Sprite","props":{"y":57,"x":93,"width":343,"texture":"Game/UI/MakeTailor/diy_top_007_final/x1.png","presetID":68,"name":"Line01","height":95},"compId":1468,"child":[{"type":"Image","props":{"y":6,"x":6,"width":7,"skin":"Game/UI/MakeTailor/dotted1.png","rotation":147,"presetID":69,"pivotY":7,"pivotX":4,"name":"A","height":14},"compId":1489,"child":[{"type":"Script","props":{"y":-5,"x":-3,"width":13,"presetID":70,"isSensor":true,"height":24,"runtime":"Laya.BoxCollider"},"compId":1491},{"type":"Script","props":{"type":"static","presetID":71,"gravityScale":0,"runtime":"Laya.RigidBody"},"compId":1492}]},{"type":"Image","props":{"y":23,"x":17,"width":7,"skin":"Game/UI/MakeTailor/dotted1.png","rotation":142,"presetID":72,"pivotY":7,"pivotX":4,"name":"A","height":14},"compId":1535,"child":[{"type":"Script","props":{"y":-5,"x":-3,"width":13,"presetID":73,"isSensor":true,"height":24,"runtime":"Laya.BoxCollider"},"compId":1536},{"type":"Script","props":{"type":"static","presetID":74,"gravityScale":0,"runtime":"Laya.RigidBody"},"compId":1537}]},{"type":"Image","props":{"y":39,"x":30,"width":7,"skin":"Game/UI/MakeTailor/dotted1.png","rotation":136,"presetID":75,"pivotY":7,"pivotX":4,"name":"A","height":14},"compId":1538,"child":[{"type":"Script","props":{"y":-5,"x":-3,"width":13,"presetID":76,"isSensor":true,"height":24,"runtime":"Laya.BoxCollider"},"compId":1539},{"type":"Script","props":{"type":"static","presetID":77,"gravityScale":0,"runtime":"Laya.RigidBody"},"compId":1540}]},{"type":"Image","props":{"y":53,"x":45,"width":7,"skin":"Game/UI/MakeTailor/dotted1.png","rotation":131,"presetID":78,"pivotY":7,"pivotX":4,"name":"A","height":14},"compId":1541,"child":[{"type":"Script","props":{"y":-5,"x":-3,"width":13,"presetID":79,"isSensor":true,"height":24,"runtime":"Laya.BoxCollider"},"compId":1542},{"type":"Script","props":{"type":"static","presetID":80,"gravityScale":0,"runtime":"Laya.RigidBody"},"compId":1543}]},{"type":"Image","props":{"y":65,"x":61,"width":7,"skin":"Game/UI/MakeTailor/dotted1.png","rotation":123,"presetID":81,"pivotY":7,"pivotX":4,"name":"A","height":14},"compId":1544,"child":[{"type":"Script","props":{"y":-5,"x":-3,"width":13,"presetID":82,"isSensor":true,"height":24,"runtime":"Laya.BoxCollider"},"compId":1545},{"type":"Script","props":{"type":"static","presetID":83,"gravityScale":0,"runtime":"Laya.RigidBody"},"compId":1546}]},{"type":"Image","props":{"y":74,"x":80,"width":7,"skin":"Game/UI/MakeTailor/dotted1.png","rotation":112,"presetID":84,"pivotY":7,"pivotX":4,"name":"A","height":14},"compId":1547,"child":[{"type":"Script","props":{"y":-5,"x":-3,"width":13,"presetID":85,"isSensor":true,"height":24,"runtime":"Laya.BoxCollider"},"compId":1548},{"type":"Script","props":{"type":"static","presetID":86,"gravityScale":0,"runtime":"Laya.RigidBody"},"compId":1549}]},{"type":"Image","props":{"y":82,"x":100,"width":7,"skin":"Game/UI/MakeTailor/dotted1.png","rotation":106,"presetID":87,"pivotY":7,"pivotX":4,"name":"A","height":14},"compId":1550,"child":[{"type":"Script","props":{"y":-5,"x":-3,"width":13,"presetID":88,"isSensor":true,"height":24,"runtime":"Laya.BoxCollider"},"compId":1551},{"type":"Script","props":{"type":"static","presetID":89,"gravityScale":0,"runtime":"Laya.RigidBody"},"compId":1552}]},{"type":"Image","props":{"y":87,"x":121,"width":7,"skin":"Game/UI/MakeTailor/dotted1.png","rotation":101,"presetID":90,"pivotY":7,"pivotX":4,"name":"A","height":14},"compId":1553,"child":[{"type":"Script","props":{"y":-5,"x":-3,"width":13,"presetID":91,"isSensor":true,"height":24,"runtime":"Laya.BoxCollider"},"compId":1554},{"type":"Script","props":{"type":"static","presetID":92,"gravityScale":0,"runtime":"Laya.RigidBody"},"compId":1555}]},{"type":"Image","props":{"y":91,"x":142,"width":7,"skin":"Game/UI/MakeTailor/dotted1.png","rotation":97,"presetID":93,"pivotY":7,"pivotX":4,"name":"A","height":14},"compId":1556,"child":[{"type":"Script","props":{"y":-5,"x":-3,"width":13,"presetID":94,"isSensor":true,"height":24,"runtime":"Laya.BoxCollider"},"compId":1557},{"type":"Script","props":{"type":"static","presetID":95,"gravityScale":0,"runtime":"Laya.RigidBody"},"compId":1558}]},{"type":"Image","props":{"y":92,"x":163,"width":7,"skin":"Game/UI/MakeTailor/dotted1.png","rotation":90,"presetID":96,"pivotY":7,"pivotX":4,"name":"A","height":14},"compId":1559,"child":[{"type":"Script","props":{"y":-5,"x":-3,"width":13,"presetID":97,"isSensor":true,"height":24,"runtime":"Laya.BoxCollider"},"compId":1560},{"type":"Script","props":{"type":"static","presetID":98,"gravityScale":0,"runtime":"Laya.RigidBody"},"compId":1561}]},{"type":"Image","props":{"y":91,"x":183,"width":7,"skin":"Game/UI/MakeTailor/dotted1.png","rotation":85,"presetID":99,"pivotY":7,"pivotX":4,"name":"A","height":14},"compId":1562,"child":[{"type":"Script","props":{"y":-5,"x":-3,"width":13,"presetID":100,"isSensor":true,"height":24,"runtime":"Laya.BoxCollider"},"compId":1563},{"type":"Script","props":{"type":"static","presetID":101,"gravityScale":0,"runtime":"Laya.RigidBody"},"compId":1564}]},{"type":"Image","props":{"y":89,"x":204,"width":7,"skin":"Game/UI/MakeTailor/dotted1.png","rotation":82,"presetID":102,"pivotY":7,"pivotX":4,"name":"A","height":14},"compId":1565,"child":[{"type":"Script","props":{"y":-5,"x":-3,"width":13,"presetID":103,"isSensor":true,"height":24,"runtime":"Laya.BoxCollider"},"compId":1566},{"type":"Script","props":{"type":"static","presetID":104,"gravityScale":0,"runtime":"Laya.RigidBody"},"compId":1567}]},{"type":"Image","props":{"y":86,"x":224,"width":7,"skin":"Game/UI/MakeTailor/dotted1.png","rotation":76,"presetID":105,"pivotY":7,"pivotX":4,"name":"A","height":14},"compId":1568,"child":[{"type":"Script","props":{"y":-5,"x":-3,"width":13,"presetID":106,"isSensor":true,"height":24,"runtime":"Laya.BoxCollider"},"compId":1569},{"type":"Script","props":{"type":"static","presetID":107,"gravityScale":0,"runtime":"Laya.RigidBody"},"compId":1570}]},{"type":"Image","props":{"y":81,"x":244,"width":7,"skin":"Game/UI/MakeTailor/dotted1.png","rotation":73,"presetID":108,"pivotY":7,"pivotX":4,"name":"A","height":14},"compId":1571,"child":[{"type":"Script","props":{"y":-5,"x":-3,"width":13,"presetID":109,"isSensor":true,"height":24,"runtime":"Laya.BoxCollider"},"compId":1572},{"type":"Script","props":{"type":"static","presetID":110,"gravityScale":0,"runtime":"Laya.RigidBody"},"compId":1573}]},{"type":"Image","props":{"y":74,"x":263,"width":7,"skin":"Game/UI/MakeTailor/dotted1.png","rotation":67,"presetID":111,"pivotY":7,"pivotX":4,"name":"A","height":14},"compId":1574,"child":[{"type":"Script","props":{"y":-5,"x":-3,"width":13,"presetID":112,"isSensor":true,"height":24,"runtime":"Laya.BoxCollider"},"compId":1575},{"type":"Script","props":{"type":"static","presetID":113,"gravityScale":0,"runtime":"Laya.RigidBody"},"compId":1576}]},{"type":"Image","props":{"y":65,"x":281,"width":7,"skin":"Game/UI/MakeTailor/dotted1.png","rotation":62,"presetID":114,"pivotY":7,"pivotX":4,"name":"A","height":14},"compId":1577,"child":[{"type":"Script","props":{"y":-5,"x":-3,"width":13,"presetID":115,"isSensor":true,"height":24,"runtime":"Laya.BoxCollider"},"compId":1578},{"type":"Script","props":{"type":"static","presetID":116,"gravityScale":0,"runtime":"Laya.RigidBody"},"compId":1579}]},{"type":"Image","props":{"y":54,"x":299,"width":7,"skin":"Game/UI/MakeTailor/dotted1.png","rotation":50,"presetID":117,"pivotY":7,"pivotX":4,"name":"A","height":14},"compId":1580,"child":[{"type":"Script","props":{"y":-5,"x":-3,"width":13,"presetID":118,"isSensor":true,"height":24,"runtime":"Laya.BoxCollider"},"compId":1581},{"type":"Script","props":{"type":"static","presetID":119,"gravityScale":0,"runtime":"Laya.RigidBody"},"compId":1582}]},{"type":"Image","props":{"y":40,"x":313,"width":7,"skin":"Game/UI/MakeTailor/dotted1.png","rotation":41,"presetID":120,"pivotY":7,"pivotX":4,"name":"A","height":14},"compId":1583,"child":[{"type":"Script","props":{"y":-5,"x":-3,"width":13,"presetID":121,"isSensor":true,"height":24,"runtime":"Laya.BoxCollider"},"compId":1584},{"type":"Script","props":{"type":"static","presetID":122,"gravityScale":0,"runtime":"Laya.RigidBody"},"compId":1585}]},{"type":"Image","props":{"y":24,"x":325,"width":7,"skin":"Game/UI/MakeTailor/dotted1.png","rotation":35,"presetID":123,"pivotY":7,"pivotX":4,"name":"A","height":14},"compId":1586,"child":[{"type":"Script","props":{"y":-5,"x":-3,"width":13,"presetID":124,"isSensor":true,"height":24,"runtime":"Laya.BoxCollider"},"compId":1587},{"type":"Script","props":{"type":"static","presetID":125,"gravityScale":0,"runtime":"Laya.RigidBody"},"compId":1588}]},{"type":"Image","props":{"y":8,"x":336,"width":7,"skin":"Game/UI/MakeTailor/dotted1.png","rotation":31,"presetID":126,"pivotY":7,"pivotX":4,"name":"A","height":14},"compId":1589,"child":[{"type":"Script","props":{"y":-5,"x":-3,"width":13,"presetID":127,"isSensor":true,"height":24,"runtime":"Laya.BoxCollider"},"compId":1590},{"type":"Script","props":{"type":"static","presetID":128,"gravityScale":0,"runtime":"Laya.RigidBody"},"compId":1591}]}]},{"type":"Sprite","props":{"y":152,"x":-91,"width":193,"texture":"Game/UI/MakeTailor/diy_top_007_final/x2.png","presetID":129,"name":"Line02","height":27},"compId":1469,"child":[{"type":"Image","props":{"y":22,"x":32,"width":7,"skin":"Game/UI/MakeTailor/dotted1.png","rotation":74,"presetID":130,"pivotY":7,"pivotX":4,"name":"A","height":14},"compId":1670,"child":[{"type":"Script","props":{"y":-5,"x":-3,"width":13,"presetID":131,"isSensor":true,"height":24,"runtime":"Laya.BoxCollider"},"compId":1678},{"type":"Script","props":{"type":"static","presetID":132,"gravityScale":0,"runtime":"Laya.RigidBody"},"compId":1679}]},{"type":"Image","props":{"y":16,"x":52,"width":7,"skin":"Game/UI/MakeTailor/dotted1.png","rotation":76,"presetID":133,"pivotY":7,"pivotX":4,"name":"A","height":14},"compId":1671,"child":[{"type":"Script","props":{"y":-5,"x":-3,"width":13,"presetID":134,"isSensor":true,"height":24,"runtime":"Laya.BoxCollider"},"compId":1680},{"type":"Script","props":{"type":"static","presetID":135,"gravityScale":0,"runtime":"Laya.RigidBody"},"compId":1681}]},{"type":"Image","props":{"y":12,"x":72,"width":7,"skin":"Game/UI/MakeTailor/dotted1.png","rotation":81,"presetID":136,"pivotY":7,"pivotX":4,"name":"A","height":14},"compId":1672,"child":[{"type":"Script","props":{"y":-5,"x":-3,"width":13,"presetID":137,"isSensor":true,"height":24,"runtime":"Laya.BoxCollider"},"compId":1682},{"type":"Script","props":{"type":"static","presetID":138,"gravityScale":0,"runtime":"Laya.RigidBody"},"compId":1683}]},{"type":"Image","props":{"y":10,"x":92,"width":7,"skin":"Game/UI/MakeTailor/dotted1.png","rotation":86,"presetID":139,"pivotY":7,"pivotX":4,"name":"A","height":14},"compId":1673,"child":[{"type":"Script","props":{"y":-5,"x":-3,"width":13,"presetID":140,"isSensor":true,"height":24,"runtime":"Laya.BoxCollider"},"compId":1684},{"type":"Script","props":{"type":"static","presetID":141,"gravityScale":0,"runtime":"Laya.RigidBody"},"compId":1685}]},{"type":"Image","props":{"y":8,"x":112,"width":7,"skin":"Game/UI/MakeTailor/dotted1.png","rotation":86,"presetID":142,"pivotY":7,"pivotX":4,"name":"A","height":14},"compId":1674,"child":[{"type":"Script","props":{"y":-5,"x":-3,"width":13,"presetID":143,"isSensor":true,"height":24,"runtime":"Laya.BoxCollider"},"compId":1686},{"type":"Script","props":{"type":"static","presetID":144,"gravityScale":0,"runtime":"Laya.RigidBody"},"compId":1687}]},{"type":"Image","props":{"y":6,"x":132,"width":7,"skin":"Game/UI/MakeTailor/dotted1.png","rotation":86,"presetID":145,"pivotY":7,"pivotX":4,"name":"A","height":14},"compId":1675,"child":[{"type":"Script","props":{"y":-5,"x":-3,"width":13,"presetID":146,"isSensor":true,"height":24,"runtime":"Laya.BoxCollider"},"compId":1688},{"type":"Script","props":{"type":"static","presetID":147,"gravityScale":0,"runtime":"Laya.RigidBody"},"compId":1689}]},{"type":"Image","props":{"y":5,"x":153,"width":7,"skin":"Game/UI/MakeTailor/dotted1.png","rotation":90,"presetID":148,"pivotY":7,"pivotX":4,"name":"A","height":14},"compId":1676,"child":[{"type":"Script","props":{"y":-5,"x":-3,"width":13,"presetID":149,"isSensor":true,"height":24,"runtime":"Laya.BoxCollider"},"compId":1690},{"type":"Script","props":{"type":"static","presetID":150,"gravityScale":0,"runtime":"Laya.RigidBody"},"compId":1691}]},{"type":"Image","props":{"y":6,"x":176,"width":7,"skin":"Game/UI/MakeTailor/dotted1.png","rotation":101,"presetID":151,"pivotY":7,"pivotX":4,"name":"A","height":14},"compId":1677,"child":[{"type":"Script","props":{"y":-5,"x":-3,"width":13,"presetID":152,"isSensor":true,"height":24,"runtime":"Laya.BoxCollider"},"compId":1692},{"type":"Script","props":{"type":"static","presetID":153,"gravityScale":0,"runtime":"Laya.RigidBody"},"compId":1693}]}]},{"type":"Sprite","props":{"y":153,"x":429,"texture":"Game/UI/MakeTailor/diy_top_007_final/x3.png","presetID":154,"name":"Line03"},"compId":1470,"child":[{"type":"Image","props":{"y":8,"x":5,"width":7,"skin":"Game/UI/MakeTailor/dotted1.png","rotation":66,"presetID":155,"pivotY":7,"pivotX":4,"name":"A","height":14},"compId":1643,"child":[{"type":"Script","props":{"y":-4,"x":-3,"width":13,"presetID":156,"isSensor":true,"height":24,"runtime":"Laya.BoxCollider"},"compId":1651},{"type":"Script","props":{"y":1,"x":0,"type":"static","presetID":157,"gravityScale":0,"runtime":"Laya.RigidBody"},"compId":1652}]},{"type":"Image","props":{"y":3,"x":24,"width":7,"skin":"Game/UI/MakeTailor/dotted1.png","rotation":85,"presetID":158,"pivotY":7,"pivotX":4,"name":"A","height":14},"compId":1644,"child":[{"type":"Script","props":{"y":-5,"x":-3,"width":13,"presetID":159,"isSensor":true,"height":24,"runtime":"Laya.BoxCollider"},"compId":1653},{"type":"Script","props":{"type":"static","presetID":160,"gravityScale":0,"runtime":"Laya.RigidBody"},"compId":1654}]},{"type":"Image","props":{"y":2,"x":45,"width":7,"skin":"Game/UI/MakeTailor/dotted1.png","rotation":93,"presetID":161,"pivotY":7,"pivotX":4,"name":"A","height":14},"compId":1645,"child":[{"type":"Script","props":{"y":-5,"x":-3,"width":13,"presetID":162,"isSensor":true,"height":24,"runtime":"Laya.BoxCollider"},"compId":1655},{"type":"Script","props":{"type":"static","presetID":163,"gravityScale":0,"runtime":"Laya.RigidBody"},"compId":1656}]},{"type":"Image","props":{"y":4,"x":65,"width":7,"skin":"Game/UI/MakeTailor/dotted1.png","rotation":93,"presetID":164,"pivotY":7,"pivotX":4,"name":"A","height":14},"compId":1646,"child":[{"type":"Script","props":{"y":-5,"x":-3,"width":13,"presetID":165,"isSensor":true,"height":24,"runtime":"Laya.BoxCollider"},"compId":1657},{"type":"Script","props":{"type":"static","presetID":166,"gravityScale":0,"runtime":"Laya.RigidBody"},"compId":1658}]},{"type":"Image","props":{"y":5,"x":85,"width":7,"skin":"Game/UI/MakeTailor/dotted1.png","rotation":93,"presetID":167,"pivotY":7,"pivotX":4,"name":"A","height":14},"compId":1647,"child":[{"type":"Script","props":{"y":-5,"x":-3,"width":13,"presetID":168,"isSensor":true,"height":24,"runtime":"Laya.BoxCollider"},"compId":1659},{"type":"Script","props":{"type":"static","presetID":169,"gravityScale":0,"runtime":"Laya.RigidBody"},"compId":1660}]},{"type":"Image","props":{"y":7,"x":105,"width":7,"skin":"Game/UI/MakeTailor/dotted1.png","rotation":98,"presetID":170,"pivotY":7,"pivotX":4,"name":"A","height":14},"compId":1648,"child":[{"type":"Script","props":{"y":-5,"x":-3,"width":13,"presetID":171,"isSensor":true,"height":24,"runtime":"Laya.BoxCollider"},"compId":1661},{"type":"Script","props":{"type":"static","presetID":172,"gravityScale":0,"runtime":"Laya.RigidBody"},"compId":1662}]},{"type":"Image","props":{"y":10,"x":126,"width":7,"skin":"Game/UI/MakeTailor/dotted1.png","rotation":98,"presetID":173,"pivotY":7,"pivotX":4,"name":"A","height":14},"compId":1649,"child":[{"type":"Script","props":{"y":-5,"x":-3,"width":13,"presetID":174,"isSensor":true,"height":24,"runtime":"Laya.BoxCollider"},"compId":1663},{"type":"Script","props":{"type":"static","presetID":175,"gravityScale":0,"runtime":"Laya.RigidBody"},"compId":1664}]},{"type":"Image","props":{"y":14,"x":147,"width":7,"skin":"Game/UI/MakeTailor/dotted1.png","rotation":100,"presetID":176,"pivotY":7,"pivotX":4,"name":"A","height":14},"compId":1650,"child":[{"type":"Script","props":{"y":-5,"x":-3,"width":13,"presetID":177,"isSensor":true,"height":24,"runtime":"Laya.BoxCollider"},"compId":1665},{"type":"Script","props":{"type":"static","presetID":178,"gravityScale":0,"runtime":"Laya.RigidBody"},"compId":1666}]},{"type":"Image","props":{"y":18,"x":165,"width":7,"skin":"Game/UI/MakeTailor/dotted1.png","rotation":100,"presetID":179,"pivotY":7,"pivotX":4,"name":"A","height":14},"compId":1667,"child":[{"type":"Script","props":{"y":-5,"x":-3,"width":13,"presetID":180,"isSensor":true,"height":24,"runtime":"Laya.BoxCollider"},"compId":1668},{"type":"Script","props":{"type":"static","presetID":181,"gravityScale":0,"runtime":"Laya.RigidBody"},"compId":1669}]}]},{"type":"Sprite","props":{"y":174,"x":76,"texture":"Game/UI/MakeTailor/diy_top_007_final/x4.png","presetID":182,"name":"Line04"},"compId":1471,"child":[{"type":"Image","props":{"y":13,"x":39,"width":7,"skin":"Game/UI/MakeTailor/dotted1.png","rotation":-19,"presetID":183,"pivotY":7,"pivotX":4,"name":"V","height":14},"compId":1697,"child":[{"type":"Script","props":{"y":-5,"x":-3,"width":13,"presetID":184,"isSensor":true,"height":24,"runtime":"Laya.BoxCollider"},"compId":1698},{"type":"Script","props":{"type":"static","presetID":185,"gravityScale":0,"runtime":"Laya.RigidBody"},"compId":1699}]},{"type":"Image","props":{"y":32,"x":46,"width":7,"skin":"Game/UI/MakeTailor/dotted1.png","rotation":-19,"presetID":186,"pivotY":7,"pivotX":4,"name":"V","height":14},"compId":1700,"child":[{"type":"Script","props":{"y":-5,"x":-3,"width":13,"presetID":187,"isSensor":true,"height":24,"runtime":"Laya.BoxCollider"},"compId":1701},{"type":"Script","props":{"type":"static","presetID":188,"gravityScale":0,"runtime":"Laya.RigidBody"},"compId":1702}]},{"type":"Image","props":{"y":52,"x":52,"width":7,"skin":"Game/UI/MakeTailor/dotted1.png","rotation":-14,"presetID":189,"pivotY":7,"pivotX":4,"name":"V","height":14},"compId":1703,"child":[{"type":"Script","props":{"y":-5,"x":-3,"width":13,"presetID":190,"isSensor":true,"height":24,"runtime":"Laya.BoxCollider"},"compId":1704},{"type":"Script","props":{"type":"static","presetID":191,"gravityScale":0,"runtime":"Laya.RigidBody"},"compId":1705}]},{"type":"Image","props":{"y":73,"x":56,"width":7,"skin":"Game/UI/MakeTailor/dotted1.png","rotation":-8,"presetID":192,"pivotY":7,"pivotX":4,"name":"V","height":14},"compId":1706,"child":[{"type":"Script","props":{"y":-5,"x":-3,"width":13,"presetID":193,"isSensor":true,"height":24,"runtime":"Laya.BoxCollider"},"compId":1707},{"type":"Script","props":{"type":"static","presetID":194,"gravityScale":0,"runtime":"Laya.RigidBody"},"compId":1708}]},{"type":"Image","props":{"y":94,"x":58,"width":7,"skin":"Game/UI/MakeTailor/dotted1.png","rotation":-3,"presetID":195,"pivotY":7,"pivotX":4,"name":"V","height":14},"compId":1709,"child":[{"type":"Script","props":{"y":-5,"x":-3,"width":13,"presetID":196,"isSensor":true,"height":24,"runtime":"Laya.BoxCollider"},"compId":1710},{"type":"Script","props":{"type":"static","presetID":197,"gravityScale":0,"runtime":"Laya.RigidBody"},"compId":1711}]},{"type":"Image","props":{"y":115,"x":58,"width":7,"skin":"Game/UI/MakeTailor/dotted1.png","rotation":3,"presetID":198,"pivotY":7,"pivotX":4,"name":"V","height":14},"compId":1712,"child":[{"type":"Script","props":{"y":-5,"x":-3,"width":13,"presetID":199,"isSensor":true,"height":24,"runtime":"Laya.BoxCollider"},"compId":1713},{"type":"Script","props":{"type":"static","presetID":200,"gravityScale":0,"runtime":"Laya.RigidBody"},"compId":1714}]},{"type":"Image","props":{"y":136,"x":55,"width":7,"skin":"Game/UI/MakeTailor/dotted1.png","rotation":9,"presetID":201,"pivotY":7,"pivotX":4,"name":"V","height":14},"compId":1715,"child":[{"type":"Script","props":{"y":-5,"x":-3,"width":13,"presetID":202,"isSensor":true,"height":24,"runtime":"Laya.BoxCollider"},"compId":1716},{"type":"Script","props":{"type":"static","presetID":203,"gravityScale":0,"runtime":"Laya.RigidBody"},"compId":1717}]},{"type":"Image","props":{"y":157,"x":50,"width":7,"skin":"Game/UI/MakeTailor/dotted1.png","rotation":13,"presetID":204,"pivotY":7,"pivotX":4,"name":"V","height":14},"compId":1718,"child":[{"type":"Script","props":{"y":-5,"x":-3,"width":13,"presetID":205,"isSensor":true,"height":24,"runtime":"Laya.BoxCollider"},"compId":1719},{"type":"Script","props":{"type":"static","presetID":206,"gravityScale":0,"runtime":"Laya.RigidBody"},"compId":1720}]},{"type":"Image","props":{"y":177,"x":46,"width":7,"skin":"Game/UI/MakeTailor/dotted1.png","rotation":13,"presetID":207,"pivotY":7,"pivotX":4,"name":"V","height":14},"compId":1721,"child":[{"type":"Script","props":{"y":-5,"x":-3,"width":13,"presetID":208,"isSensor":true,"height":24,"runtime":"Laya.BoxCollider"},"compId":1722},{"type":"Script","props":{"type":"static","presetID":209,"gravityScale":0,"runtime":"Laya.RigidBody"},"compId":1723}]},{"type":"Image","props":{"y":198,"x":41,"width":7,"skin":"Game/UI/MakeTailor/dotted1.png","rotation":13,"presetID":210,"pivotY":7,"pivotX":4,"name":"V","height":14},"compId":1724,"child":[{"type":"Script","props":{"y":-5,"x":-3,"width":13,"presetID":211,"isSensor":true,"height":24,"runtime":"Laya.BoxCollider"},"compId":1725},{"type":"Script","props":{"type":"static","presetID":212,"gravityScale":0,"runtime":"Laya.RigidBody"},"compId":1726}]},{"type":"Image","props":{"y":218,"x":36,"width":7,"skin":"Game/UI/MakeTailor/dotted1.png","rotation":13,"presetID":213,"pivotY":7,"pivotX":4,"name":"V","height":14},"compId":1727,"child":[{"type":"Script","props":{"y":-5,"x":-3,"width":13,"presetID":214,"isSensor":true,"height":24,"runtime":"Laya.BoxCollider"},"compId":1728},{"type":"Script","props":{"type":"static","presetID":215,"gravityScale":0,"runtime":"Laya.RigidBody"},"compId":1729}]},{"type":"Image","props":{"y":238,"x":31,"width":7,"skin":"Game/UI/MakeTailor/dotted1.png","rotation":13,"presetID":216,"pivotY":7,"pivotX":4,"name":"V","height":14},"compId":1730,"child":[{"type":"Script","props":{"y":-5,"x":-3,"width":13,"presetID":217,"isSensor":true,"height":24,"runtime":"Laya.BoxCollider"},"compId":1731},{"type":"Script","props":{"type":"static","presetID":218,"gravityScale":0,"runtime":"Laya.RigidBody"},"compId":1732}]},{"type":"Image","props":{"y":259,"x":26,"width":7,"skin":"Game/UI/MakeTailor/dotted1.png","rotation":13,"presetID":219,"pivotY":7,"pivotX":4,"name":"V","height":14},"compId":1733,"child":[{"type":"Script","props":{"y":-5,"x":-3,"width":13,"presetID":220,"isSensor":true,"height":24,"runtime":"Laya.BoxCollider"},"compId":1734},{"type":"Script","props":{"type":"static","presetID":221,"gravityScale":0,"runtime":"Laya.RigidBody"},"compId":1735}]},{"type":"Image","props":{"y":280,"x":21,"width":7,"skin":"Game/UI/MakeTailor/dotted1.png","rotation":13,"presetID":222,"pivotY":7,"pivotX":4,"name":"V","height":14},"compId":1736,"child":[{"type":"Script","props":{"y":-5,"x":-3,"width":13,"presetID":223,"isSensor":true,"height":24,"runtime":"Laya.BoxCollider"},"compId":1737},{"type":"Script","props":{"type":"static","presetID":224,"gravityScale":0,"runtime":"Laya.RigidBody"},"compId":1738}]},{"type":"Image","props":{"y":300,"x":17,"width":7,"skin":"Game/UI/MakeTailor/dotted1.png","rotation":13,"presetID":225,"pivotY":7,"pivotX":4,"name":"V","height":14},"compId":1739,"child":[{"type":"Script","props":{"y":-5,"x":-3,"width":13,"presetID":226,"isSensor":true,"height":24,"runtime":"Laya.BoxCollider"},"compId":1740},{"type":"Script","props":{"type":"static","presetID":227,"gravityScale":0,"runtime":"Laya.RigidBody"},"compId":1741}]},{"type":"Image","props":{"y":321,"x":12,"width":7,"skin":"Game/UI/MakeTailor/dotted1.png","rotation":13,"presetID":228,"pivotY":7,"pivotX":4,"name":"V","height":14},"compId":1742,"child":[{"type":"Script","props":{"y":-5,"x":-3,"width":13,"presetID":229,"isSensor":true,"height":24,"runtime":"Laya.BoxCollider"},"compId":1743},{"type":"Script","props":{"type":"static","presetID":230,"gravityScale":0,"runtime":"Laya.RigidBody"},"compId":1744}]},{"type":"Image","props":{"y":341,"x":7,"width":7,"skin":"Game/UI/MakeTailor/dotted1.png","rotation":13,"presetID":231,"pivotY":7,"pivotX":4,"name":"V","height":14},"compId":1745,"child":[{"type":"Script","props":{"y":-5,"x":-3,"width":13,"presetID":232,"isSensor":true,"height":24,"runtime":"Laya.BoxCollider"},"compId":1746},{"type":"Script","props":{"type":"static","presetID":233,"gravityScale":0,"runtime":"Laya.RigidBody"},"compId":1747}]}]},{"type":"Sprite","props":{"y":176,"x":394,"texture":"Game/UI/MakeTailor/diy_top_007_final/x5.png","presetID":234,"name":"Line05"},"compId":1477,"child":[{"type":"Image","props":{"y":12,"x":21,"width":7,"skin":"Game/UI/MakeTailor/dotted1.png","rotation":18,"presetID":235,"pivotY":7,"pivotX":4,"name":"V","height":14},"compId":1748,"child":[{"type":"Script","props":{"y":-5,"x":-3,"width":13,"presetID":236,"isSensor":true,"height":24,"runtime":"Laya.BoxCollider"},"compId":1749},{"type":"Script","props":{"type":"static","presetID":237,"gravityScale":0,"runtime":"Laya.RigidBody"},"compId":1750}]},{"type":"Image","props":{"y":33,"x":14,"width":7,"skin":"Game/UI/MakeTailor/dotted1.png","rotation":16,"presetID":238,"pivotY":7,"pivotX":4,"name":"V","height":14},"compId":1751,"child":[{"type":"Script","props":{"y":-5,"x":-3,"width":13,"presetID":239,"isSensor":true,"height":24,"runtime":"Laya.BoxCollider"},"compId":1752},{"type":"Script","props":{"type":"static","presetID":240,"gravityScale":0,"runtime":"Laya.RigidBody"},"compId":1753}]},{"type":"Image","props":{"y":53,"x":10,"width":7,"skin":"Game/UI/MakeTailor/dotted1.png","rotation":13,"presetID":241,"pivotY":7,"pivotX":4,"name":"V","height":14},"compId":1754,"child":[{"type":"Script","props":{"y":-5,"x":-3,"width":13,"presetID":242,"isSensor":true,"height":24,"runtime":"Laya.BoxCollider"},"compId":1755},{"type":"Script","props":{"type":"static","presetID":243,"gravityScale":0,"runtime":"Laya.RigidBody"},"compId":1756}]},{"type":"Image","props":{"y":74,"x":6,"width":7,"skin":"Game/UI/MakeTailor/dotted1.png","rotation":10,"presetID":244,"pivotY":7,"pivotX":4,"name":"V","height":14},"compId":1757,"child":[{"type":"Script","props":{"y":-5,"x":-3,"width":13,"presetID":245,"isSensor":true,"height":24,"runtime":"Laya.BoxCollider"},"compId":1758},{"type":"Script","props":{"type":"static","presetID":246,"gravityScale":0,"runtime":"Laya.RigidBody"},"compId":1759}]},{"type":"Image","props":{"y":96,"x":3,"width":7,"skin":"Game/UI/MakeTailor/dotted1.png","rotation":4,"presetID":247,"pivotY":7,"pivotX":4,"name":"V","height":14},"compId":1760,"child":[{"type":"Script","props":{"y":-5,"x":-3,"width":13,"presetID":248,"isSensor":true,"height":24,"runtime":"Laya.BoxCollider"},"compId":1761},{"type":"Script","props":{"type":"static","presetID":249,"gravityScale":0,"runtime":"Laya.RigidBody"},"compId":1762}]},{"type":"Image","props":{"y":117,"x":4,"width":7,"skin":"Game/UI/MakeTailor/dotted1.png","rotation":-8,"presetID":250,"pivotY":7,"pivotX":4,"name":"V","height":14},"compId":1763,"child":[{"type":"Script","props":{"y":-5,"x":-3,"width":13,"presetID":251,"isSensor":true,"height":24,"runtime":"Laya.BoxCollider"},"compId":1764},{"type":"Script","props":{"type":"static","presetID":252,"gravityScale":0,"runtime":"Laya.RigidBody"},"compId":1765}]},{"type":"Image","props":{"y":138,"x":9,"width":7,"skin":"Game/UI/MakeTailor/dotted1.png","rotation":-8,"presetID":253,"pivotY":7,"pivotX":4,"name":"V","height":14},"compId":1766,"child":[{"type":"Script","props":{"y":-5,"x":-3,"width":13,"presetID":254,"isSensor":true,"height":24,"runtime":"Laya.BoxCollider"},"compId":1767},{"type":"Script","props":{"type":"static","presetID":255,"gravityScale":0,"runtime":"Laya.RigidBody"},"compId":1768}]},{"type":"Image","props":{"y":159,"x":12,"width":7,"skin":"Game/UI/MakeTailor/dotted1.png","rotation":-8,"presetID":256,"pivotY":7,"pivotX":4,"name":"V","height":14},"compId":1769,"child":[{"type":"Script","props":{"y":-5,"x":-3,"width":13,"presetID":257,"isSensor":true,"height":24,"runtime":"Laya.BoxCollider"},"compId":1770},{"type":"Script","props":{"type":"static","presetID":258,"gravityScale":0,"runtime":"Laya.RigidBody"},"compId":1771}]},{"type":"Image","props":{"y":180,"x":16,"width":7,"skin":"Game/UI/MakeTailor/dotted1.png","rotation":-8,"presetID":259,"pivotY":7,"pivotX":4,"name":"V","height":14},"compId":1772,"child":[{"type":"Script","props":{"y":-5,"x":-3,"width":13,"presetID":260,"isSensor":true,"height":24,"runtime":"Laya.BoxCollider"},"compId":1773},{"type":"Script","props":{"type":"static","presetID":261,"gravityScale":0,"runtime":"Laya.RigidBody"},"compId":1774}]},{"type":"Image","props":{"y":202,"x":21,"width":7,"skin":"Game/UI/MakeTailor/dotted1.png","rotation":-8,"presetID":262,"pivotY":7,"pivotX":4,"name":"V","height":14},"compId":1775,"child":[{"type":"Script","props":{"y":-5,"x":-3,"width":13,"presetID":263,"isSensor":true,"height":24,"runtime":"Laya.BoxCollider"},"compId":1776},{"type":"Script","props":{"type":"static","presetID":264,"gravityScale":0,"runtime":"Laya.RigidBody"},"compId":1777}]},{"type":"Image","props":{"y":223,"x":27,"width":7,"skin":"Game/UI/MakeTailor/dotted1.png","rotation":-12,"presetID":265,"pivotY":7,"pivotX":4,"name":"V","height":14},"compId":1778,"child":[{"type":"Script","props":{"y":-5,"x":-3,"width":13,"presetID":266,"isSensor":true,"height":24,"runtime":"Laya.BoxCollider"},"compId":1779},{"type":"Script","props":{"type":"static","presetID":267,"gravityScale":0,"runtime":"Laya.RigidBody"},"compId":1780}]},{"type":"Image","props":{"y":245,"x":32,"width":7,"skin":"Game/UI/MakeTailor/dotted1.png","rotation":-12,"presetID":268,"pivotY":7,"pivotX":4,"name":"V","height":14},"compId":1781,"child":[{"type":"Script","props":{"y":-5,"x":-3,"width":13,"presetID":269,"isSensor":true,"height":24,"runtime":"Laya.BoxCollider"},"compId":1782},{"type":"Script","props":{"type":"static","presetID":270,"gravityScale":0,"runtime":"Laya.RigidBody"},"compId":1783}]},{"type":"Image","props":{"y":266,"x":36,"width":7,"skin":"Game/UI/MakeTailor/dotted1.png","rotation":-12,"presetID":271,"pivotY":7,"pivotX":4,"name":"V","height":14},"compId":1784,"child":[{"type":"Script","props":{"y":-5,"x":-3,"width":13,"presetID":272,"isSensor":true,"height":24,"runtime":"Laya.BoxCollider"},"compId":1785},{"type":"Script","props":{"type":"static","presetID":273,"gravityScale":0,"runtime":"Laya.RigidBody"},"compId":1786}]},{"type":"Image","props":{"y":287,"x":42,"width":7,"skin":"Game/UI/MakeTailor/dotted1.png","rotation":-12,"presetID":274,"pivotY":7,"pivotX":4,"name":"V","height":14},"compId":1787,"child":[{"type":"Script","props":{"y":-5,"x":-3,"width":13,"presetID":275,"isSensor":true,"height":24,"runtime":"Laya.BoxCollider"},"compId":1788},{"type":"Script","props":{"type":"static","presetID":276,"gravityScale":0,"runtime":"Laya.RigidBody"},"compId":1789}]},{"type":"Image","props":{"y":309,"x":47,"width":7,"skin":"Game/UI/MakeTailor/dotted1.png","rotation":-12,"presetID":277,"pivotY":7,"pivotX":4,"name":"V","height":14},"compId":1790,"child":[{"type":"Script","props":{"y":-5,"x":-3,"width":13,"presetID":278,"isSensor":true,"height":24,"runtime":"Laya.BoxCollider"},"compId":1791},{"type":"Script","props":{"type":"static","presetID":279,"gravityScale":0,"runtime":"Laya.RigidBody"},"compId":1792}]},{"type":"Image","props":{"y":330,"x":52,"width":7,"skin":"Game/UI/MakeTailor/dotted1.png","rotation":-12,"presetID":280,"pivotY":7,"pivotX":4,"name":"V","height":14},"compId":1793,"child":[{"type":"Script","props":{"y":-5,"x":-3,"width":13,"presetID":281,"isSensor":true,"height":24,"runtime":"Laya.BoxCollider"},"compId":1794},{"type":"Script","props":{"type":"static","presetID":282,"gravityScale":0,"runtime":"Laya.RigidBody"},"compId":1795}]},{"type":"Image","props":{"y":351,"x":57,"width":7,"skin":"Game/UI/MakeTailor/dotted1.png","rotation":-15,"presetID":283,"pivotY":7,"pivotX":4,"name":"V","height":14},"compId":1796,"child":[{"type":"Script","props":{"y":-5,"x":-3,"width":13,"presetID":284,"isSensor":true,"height":24,"runtime":"Laya.BoxCollider"},"compId":1797},{"type":"Script","props":{"type":"static","presetID":285,"gravityScale":0,"runtime":"Laya.RigidBody"},"compId":1798}]}]}]}],"loadList":["Game/UI/MakeTailor/diy_top_007_final/p1.png","Game/UI/MakeTailor/diy_top_007_final/s3.png","Game/UI/MakeTailor/diy_top_007_final/s2.png","Game/UI/MakeTailor/diy_top_007_final/s1.png","Game/UI/MakeTailor/diy_top_007_final/s6.png","Game/UI/MakeTailor/diy_top_007_final/s5.png","Game/UI/MakeTailor/diy_top_007_final/s4.png","Game/UI/MakeTailor/diy_top_007_final/x6.png","Game/UI/MakeTailor/dotted1.png","Game/UI/MakeTailor/diy_top_007_final/x1.png","Game/UI/MakeTailor/diy_top_007_final/x2.png","Game/UI/MakeTailor/diy_top_007_final/x3.png","Game/UI/MakeTailor/diy_top_007_final/x4.png","Game/UI/MakeTailor/diy_top_007_final/x5.png"],"loadList3D":[]}