{"type":"Box","props":{"y":0,"x":0,"width":720,"presetID":1,"name":"diy_dress_008_final","isPresetRoot":true,"height":720,"centerY":0,"centerX":0},"compId":3255,"child":[{"type":"Sprite","props":{"y":386,"x":217.5,"width":301,"texture":"Game/UI/MakeTailor/diy_dress_008_final/s6.png","presetID":2,"name":"Cloth06_D","height":303},"compId":2757},{"type":"Sprite","props":{"y":167,"x":227,"width":82,"texture":"Game/UI/MakeTailor/diy_dress_008_final/s5.png","presetID":3,"name":"Cloth05_L","height":386},"compId":2758},{"type":"Sprite","props":{"y":43,"x":449,"width":262,"texture":"Game/UI/MakeTailor/diy_dress_008_final/s2.png","presetID":4,"name":"Cloth02_R","height":66},"compId":2756},{"type":"Sprite","props":{"y":39,"x":25,"width":261,"texture":"Game/UI/MakeTailor/diy_dress_008_final/s3.png","presetID":5,"name":"Cloth03_L","height":87},"compId":2752},{"type":"Sprite","props":{"y":159,"x":429,"width":79,"texture":"Game/UI/MakeTailor/diy_dress_008_final/s4.png","presetID":6,"name":"Cloth04_R","height":400},"compId":2751},{"type":"Sprite","props":{"y":38,"x":308,"width":124,"texture":"Game/UI/MakeTailor/diy_dress_008_final/s1.png","presetID":7,"name":"Cloth01_U","height":36},"compId":2986},{"type":"Sprite","props":{"y":0,"x":-272,"texture":"Game/UI/MakeTailor/diy_dress_008_final/p1.png","presetID":8,"name":"Ultimately"},"compId":2577},{"type":"Image","props":{"y":-2,"x":0,"width":512,"presetID":9,"name":"LineParent","height":725,"centerX":0},"compId":2578,"child":[{"type":"Sprite","props":{"y":41,"x":199.41536192252119,"texture":"Game/UI/MakeTailor/diy_dress_008_final/x1.png","presetID":10,"name":"Line01"},"compId":2579,"child":[{"type":"Image","props":{"y":9,"x":8,"width":7,"skin":"Game/UI/MakeTailor/dotted1.png","rotation":132,"presetID":11,"pivotY":7,"pivotX":4,"name":"A","height":14},"compId":2598,"child":[{"type":"Script","props":{"y":-5,"x":-3,"width":13,"presetID":12,"isSensor":true,"height":24,"runtime":"Laya.BoxCollider"},"compId":2599},{"type":"Script","props":{"type":"static","presetID":13,"gravityScale":0,"runtime":"Laya.RigidBody"},"compId":2600}]},{"type":"Image","props":{"y":22,"x":23,"width":7,"skin":"Game/UI/MakeTailor/dotted1.png","rotation":123,"presetID":14,"pivotY":7,"pivotX":4,"name":"A","height":14},"compId":2759,"child":[{"type":"Script","props":{"y":-5,"x":-3,"width":13,"presetID":15,"isSensor":true,"height":24,"runtime":"Laya.BoxCollider"},"compId":2760},{"type":"Script","props":{"type":"static","presetID":16,"gravityScale":0,"runtime":"Laya.RigidBody"},"compId":2761}]},{"type":"Image","props":{"y":31,"x":40,"width":7,"skin":"Game/UI/MakeTailor/dotted1.png","rotation":113,"presetID":17,"pivotY":7,"pivotX":4,"name":"A","height":14},"compId":2762,"child":[{"type":"Script","props":{"y":-5,"x":-3,"width":13,"presetID":18,"isSensor":true,"height":24,"runtime":"Laya.BoxCollider"},"compId":2763},{"type":"Script","props":{"type":"static","presetID":19,"gravityScale":0,"runtime":"Laya.RigidBody"},"compId":2764}]},{"type":"Image","props":{"y":35,"x":60,"width":7,"skin":"Game/UI/MakeTailor/dotted1.png","rotation":93,"presetID":20,"pivotY":7,"pivotX":4,"name":"A","height":14},"compId":2765,"child":[{"type":"Script","props":{"y":-5,"x":-3,"width":13,"presetID":21,"isSensor":true,"height":24,"runtime":"Laya.BoxCollider"},"compId":2766},{"type":"Script","props":{"type":"static","presetID":22,"gravityScale":0,"runtime":"Laya.RigidBody"},"compId":2767}]},{"type":"Image","props":{"y":34,"x":80,"width":7,"skin":"Game/UI/MakeTailor/dotted1.png","rotation":80,"presetID":23,"pivotY":7,"pivotX":4,"name":"A","height":14},"compId":2768,"child":[{"type":"Script","props":{"y":-5,"x":-3,"width":13,"presetID":24,"isSensor":true,"height":24,"runtime":"Laya.BoxCollider"},"compId":2769},{"type":"Script","props":{"type":"static","presetID":25,"gravityScale":0,"runtime":"Laya.RigidBody"},"compId":2770}]},{"type":"Image","props":{"y":29,"x":98,"width":7,"skin":"Game/UI/MakeTailor/dotted1.png","rotation":74,"presetID":26,"pivotY":7,"pivotX":4,"name":"A","height":14},"compId":2771,"child":[{"type":"Script","props":{"y":-5,"x":-3,"width":13,"presetID":27,"isSensor":true,"height":24,"runtime":"Laya.BoxCollider"},"compId":2772},{"type":"Script","props":{"type":"static","presetID":28,"gravityScale":0,"runtime":"Laya.RigidBody"},"compId":2773}]},{"type":"Image","props":{"y":22,"x":113,"width":7,"skin":"Game/UI/MakeTailor/dotted1.png","rotation":54,"presetID":29,"pivotY":7,"pivotX":4,"name":"A","height":14},"compId":3454,"child":[{"type":"Script","props":{"y":-5,"x":-3,"width":13,"presetID":30,"isSensor":true,"height":24,"runtime":"Laya.BoxCollider"},"compId":3455},{"type":"Script","props":{"type":"static","presetID":31,"gravityScale":0,"runtime":"Laya.RigidBody"},"compId":3456}]},{"type":"Image","props":{"y":10,"x":123,"width":7,"skin":"Game/UI/MakeTailor/dotted1.png","rotation":35,"presetID":32,"pivotY":7,"pivotX":4,"name":"A","height":14},"compId":3457,"child":[{"type":"Script","props":{"y":-5,"x":-3,"width":13,"presetID":33,"isSensor":true,"height":24,"runtime":"Laya.BoxCollider"},"compId":3458},{"type":"Script","props":{"type":"static","presetID":34,"gravityScale":0,"runtime":"Laya.RigidBody"},"compId":3459}]}]},{"type":"Sprite","props":{"y":42,"x":343,"texture":"Game/UI/MakeTailor/diy_dress_008_final/x3.png","presetID":35,"name":"Line02"},"compId":2601,"child":[{"type":"Image","props":{"y":9,"x":6,"width":7,"skin":"Game/UI/MakeTailor/dotted1.png","rotation":1,"presetID":36,"pivotY":7,"pivotX":4,"name":"V","height":14},"compId":2795,"child":[{"type":"Script","props":{"y":-5,"x":-3,"width":13,"presetID":37,"isSensor":true,"height":24,"runtime":"Laya.BoxCollider"},"compId":2796},{"type":"Script","props":{"type":"static","presetID":38,"gravityScale":0,"runtime":"Laya.RigidBody"},"compId":2797}]},{"type":"Image","props":{"y":27,"x":6,"width":7,"skin":"Game/UI/MakeTailor/dotted1.png","rotation":1,"presetID":39,"pivotY":7,"pivotX":4,"name":"V","height":14},"compId":2798,"child":[{"type":"Script","props":{"y":-5,"x":-3,"width":13,"presetID":40,"isSensor":true,"height":24,"runtime":"Laya.BoxCollider"},"compId":2799},{"type":"Script","props":{"type":"static","presetID":41,"gravityScale":0,"runtime":"Laya.RigidBody"},"compId":2800}]},{"type":"Image","props":{"y":44,"x":6,"width":7,"skin":"Game/UI/MakeTailor/dotted1.png","scaleX":1,"rotation":3,"presetID":42,"pivotY":7,"pivotX":4,"name":"V","height":14},"compId":2801,"child":[{"type":"Script","props":{"y":-5,"x":-3,"width":13,"presetID":43,"isSensor":true,"height":24,"runtime":"Laya.BoxCollider"},"compId":2802},{"type":"Script","props":{"type":"static","presetID":44,"gravityScale":0,"runtime":"Laya.RigidBody"},"compId":2803}]},{"type":"Image","props":{"y":62,"x":4,"width":7,"skin":"Game/UI/MakeTailor/dotted1.png","scaleX":1,"rotation":9,"presetID":45,"pivotY":7,"pivotX":4,"name":"V","height":14},"compId":2804,"child":[{"type":"Script","props":{"y":-5,"x":-3,"width":13,"presetID":46,"isSensor":true,"height":24,"runtime":"Laya.BoxCollider"},"compId":2805},{"type":"Script","props":{"type":"static","presetID":47,"gravityScale":0,"runtime":"Laya.RigidBody"},"compId":2806}]}]},{"type":"Sprite","props":{"y":42,"x":174.55776638804167,"texture":"Game/UI/MakeTailor/diy_dress_008_final/x2.png","presetID":48,"name":"Line03"},"compId":2653,"child":[{"type":"Image","props":{"y":9,"x":5,"width":7,"skin":"Game/UI/MakeTailor/dotted1.png","rotation":0,"presetID":49,"pivotY":7,"pivotX":4,"name":"V","height":14},"compId":2744,"child":[{"type":"Script","props":{"y":-4,"x":-3,"width":13,"presetID":50,"isSensor":true,"height":24,"runtime":"Laya.BoxCollider"},"compId":2745},{"type":"Script","props":{"y":1,"x":0,"type":"static","presetID":51,"gravityScale":0,"runtime":"Laya.RigidBody"},"compId":2746}]},{"type":"Image","props":{"y":27,"x":5,"width":7,"skin":"Game/UI/MakeTailor/dotted1.png","rotation":0,"presetID":52,"pivotY":7,"pivotX":4,"name":"V","height":14},"compId":2822,"child":[{"type":"Script","props":{"y":-4,"x":-3,"width":13,"presetID":53,"isSensor":true,"height":24,"runtime":"Laya.BoxCollider"},"compId":2823},{"type":"Script","props":{"y":1,"x":0,"type":"static","presetID":54,"gravityScale":0,"runtime":"Laya.RigidBody"},"compId":2824}]},{"type":"Image","props":{"y":45,"x":5,"width":7,"skin":"Game/UI/MakeTailor/dotted1.png","rotation":-3,"presetID":55,"pivotY":7,"pivotX":4,"name":"V","height":14},"compId":2825,"child":[{"type":"Script","props":{"y":-4,"x":-3,"width":13,"presetID":56,"isSensor":true,"height":24,"runtime":"Laya.BoxCollider"},"compId":2826},{"type":"Script","props":{"y":1,"x":0,"type":"static","presetID":57,"gravityScale":0,"runtime":"Laya.RigidBody"},"compId":2827}]},{"type":"Image","props":{"y":63,"x":7,"width":7,"skin":"Game/UI/MakeTailor/dotted1.png","rotation":-7,"presetID":58,"pivotY":7,"pivotX":4,"name":"V","height":14},"compId":2828,"child":[{"type":"Script","props":{"y":-4,"x":-3,"width":13,"presetID":59,"isSensor":true,"height":24,"runtime":"Laya.BoxCollider"},"compId":2829},{"type":"Script","props":{"y":1,"x":0,"type":"static","presetID":60,"gravityScale":0,"runtime":"Laya.RigidBody"},"compId":2830}]}]},{"type":"Sprite","props":{"y":156.0000001875643,"x":321.5,"width":99,"texture":"Game/UI/MakeTailor/diy_dress_008_final/x5.png","presetID":61,"name":"Line04","height":431},"compId":2754,"child":[{"type":"Image","props":{"y":12,"x":15,"width":7,"skin":"Game/UI/MakeTailor/dotted1.png","rotation":13,"presetID":62,"pivotY":7,"pivotX":4,"name":"V","height":14},"compId":2844,"child":[{"type":"Script","props":{"y":-4,"x":-3,"width":13,"presetID":63,"isSensor":true,"height":24,"runtime":"Laya.BoxCollider"},"compId":2845},{"type":"Script","props":{"y":1,"x":0,"type":"static","presetID":64,"gravityScale":0,"runtime":"Laya.RigidBody"},"compId":2846}]},{"type":"Image","props":{"y":31,"x":10,"width":7,"skin":"Game/UI/MakeTailor/dotted1.png","rotation":12,"presetID":65,"pivotY":7,"pivotX":4,"name":"V","height":14},"compId":2847,"child":[{"type":"Script","props":{"y":-4,"x":-3,"width":13,"presetID":66,"isSensor":true,"height":24,"runtime":"Laya.BoxCollider"},"compId":2848},{"type":"Script","props":{"y":1,"x":0,"type":"static","presetID":67,"gravityScale":0,"runtime":"Laya.RigidBody"},"compId":2849}]},{"type":"Image","props":{"y":51,"x":6,"width":7,"skin":"Game/UI/MakeTailor/dotted1.png","rotation":8,"presetID":68,"pivotY":7,"pivotX":4,"name":"V","height":14},"compId":2850,"child":[{"type":"Script","props":{"y":-4,"x":-3,"width":13,"presetID":69,"isSensor":true,"height":24,"runtime":"Laya.BoxCollider"},"compId":2851},{"type":"Script","props":{"y":1,"x":0,"type":"static","presetID":70,"gravityScale":0,"runtime":"Laya.RigidBody"},"compId":2852}]},{"type":"Image","props":{"y":71,"x":8,"width":7,"skin":"Game/UI/MakeTailor/dotted1.png","rotation":-34,"presetID":71,"pivotY":7,"pivotX":4,"name":"V","height":14},"compId":2853,"child":[{"type":"Script","props":{"y":-4,"x":-3,"width":13,"presetID":72,"isSensor":true,"height":24,"runtime":"Laya.BoxCollider"},"compId":2854},{"type":"Script","props":{"y":1,"x":0,"type":"static","presetID":73,"gravityScale":0,"runtime":"Laya.RigidBody"},"compId":2855}]},{"type":"Image","props":{"y":88,"x":17,"width":7,"skin":"Game/UI/MakeTailor/dotted1.png","rotation":-26,"presetID":74,"pivotY":7,"pivotX":4,"name":"V","height":14},"compId":3460,"child":[{"type":"Script","props":{"y":-4,"x":-3,"width":13,"presetID":75,"isSensor":true,"height":24,"runtime":"Laya.BoxCollider"},"compId":3461},{"type":"Script","props":{"y":1,"x":0,"type":"static","presetID":76,"gravityScale":0,"runtime":"Laya.RigidBody"},"compId":3462}]},{"type":"Image","props":{"y":106,"x":25,"width":7,"skin":"Game/UI/MakeTailor/dotted1.png","rotation":-20,"presetID":77,"pivotY":7,"pivotX":4,"name":"V","height":14},"compId":3463,"child":[{"type":"Script","props":{"y":-4,"x":-3,"width":13,"presetID":78,"isSensor":true,"height":24,"runtime":"Laya.BoxCollider"},"compId":3464},{"type":"Script","props":{"y":1,"x":0,"type":"static","presetID":79,"gravityScale":0,"runtime":"Laya.RigidBody"},"compId":3465}]},{"type":"Image","props":{"y":125,"x":32,"width":7,"skin":"Game/UI/MakeTailor/dotted1.png","rotation":-20,"presetID":80,"pivotY":7,"pivotX":4,"name":"V","height":14},"compId":3466,"child":[{"type":"Script","props":{"y":-4,"x":-3,"width":13,"presetID":81,"isSensor":true,"height":24,"runtime":"Laya.BoxCollider"},"compId":3467},{"type":"Script","props":{"y":1,"x":0,"type":"static","presetID":82,"gravityScale":0,"runtime":"Laya.RigidBody"},"compId":3468}]},{"type":"Image","props":{"y":145,"x":38,"width":7,"skin":"Game/UI/MakeTailor/dotted1.png","rotation":-15,"presetID":83,"pivotY":7,"pivotX":4,"name":"V","height":14},"compId":3469,"child":[{"type":"Script","props":{"y":-4,"x":-3,"width":13,"presetID":84,"isSensor":true,"height":24,"runtime":"Laya.BoxCollider"},"compId":3470},{"type":"Script","props":{"y":1,"x":0,"type":"static","presetID":85,"gravityScale":0,"runtime":"Laya.RigidBody"},"compId":3471}]},{"type":"Image","props":{"y":164,"x":43,"width":7,"skin":"Game/UI/MakeTailor/dotted1.png","rotation":-12,"presetID":86,"pivotY":7,"pivotX":4,"name":"V","height":14},"compId":3472,"child":[{"type":"Script","props":{"y":-4,"x":-3,"width":13,"presetID":87,"isSensor":true,"height":24,"runtime":"Laya.BoxCollider"},"compId":3473},{"type":"Script","props":{"y":1,"x":0,"type":"static","presetID":88,"gravityScale":0,"runtime":"Laya.RigidBody"},"compId":3474}]},{"type":"Image","props":{"y":183,"x":47,"width":7,"skin":"Game/UI/MakeTailor/dotted1.png","rotation":-10,"presetID":89,"pivotY":7,"pivotX":4,"name":"V","height":14},"compId":3475,"child":[{"type":"Script","props":{"y":-4,"x":-3,"width":13,"presetID":90,"isSensor":true,"height":24,"runtime":"Laya.BoxCollider"},"compId":3476},{"type":"Script","props":{"y":1,"x":0,"type":"static","presetID":91,"gravityScale":0,"runtime":"Laya.RigidBody"},"compId":3477}]},{"type":"Image","props":{"y":203,"x":51,"width":7,"skin":"Game/UI/MakeTailor/dotted1.png","rotation":-10,"presetID":92,"pivotY":7,"pivotX":4,"name":"V","height":14},"compId":3478,"child":[{"type":"Script","props":{"y":-4,"x":-3,"width":13,"presetID":93,"isSensor":true,"height":24,"runtime":"Laya.BoxCollider"},"compId":3479},{"type":"Script","props":{"y":1,"x":0,"type":"static","presetID":94,"gravityScale":0,"runtime":"Laya.RigidBody"},"compId":3480}]},{"type":"Image","props":{"y":223,"x":54,"width":7,"skin":"Game/UI/MakeTailor/dotted1.png","rotation":-8,"presetID":95,"pivotY":7,"pivotX":4,"name":"V","height":14},"compId":3481,"child":[{"type":"Script","props":{"y":-4,"x":-3,"width":13,"presetID":96,"isSensor":true,"height":24,"runtime":"Laya.BoxCollider"},"compId":3482},{"type":"Script","props":{"y":1,"x":0,"type":"static","presetID":97,"gravityScale":0,"runtime":"Laya.RigidBody"},"compId":3483}]},{"type":"Image","props":{"y":242,"x":57,"width":7,"skin":"Game/UI/MakeTailor/dotted1.png","rotation":-8,"presetID":98,"pivotY":7,"pivotX":4,"name":"V","height":14},"compId":3484,"child":[{"type":"Script","props":{"y":-4,"x":-3,"width":13,"presetID":99,"isSensor":true,"height":24,"runtime":"Laya.BoxCollider"},"compId":3485},{"type":"Script","props":{"y":1,"x":0,"type":"static","presetID":100,"gravityScale":0,"runtime":"Laya.RigidBody"},"compId":3486}]},{"type":"Image","props":{"y":263,"x":60,"width":7,"skin":"Game/UI/MakeTailor/dotted1.png","rotation":-6,"presetID":101,"pivotY":7,"pivotX":4,"name":"V","height":14},"compId":3487,"child":[{"type":"Script","props":{"y":-4,"x":-3,"width":13,"presetID":102,"isSensor":true,"height":24,"runtime":"Laya.BoxCollider"},"compId":3488},{"type":"Script","props":{"y":1,"x":0,"type":"static","presetID":103,"gravityScale":0,"runtime":"Laya.RigidBody"},"compId":3489}]},{"type":"Image","props":{"y":285,"x":63,"width":7,"skin":"Game/UI/MakeTailor/dotted1.png","rotation":-8,"presetID":104,"pivotY":7,"pivotX":4,"name":"V","height":14},"compId":3490,"child":[{"type":"Script","props":{"y":-4,"x":-3,"width":13,"presetID":105,"isSensor":true,"height":24,"runtime":"Laya.BoxCollider"},"compId":3491},{"type":"Script","props":{"y":1,"x":0,"type":"static","presetID":106,"gravityScale":0,"runtime":"Laya.RigidBody"},"compId":3492}]},{"type":"Image","props":{"y":304,"x":66,"width":7,"skin":"Game/UI/MakeTailor/dotted1.png","rotation":-8,"presetID":107,"pivotY":7,"pivotX":4,"name":"V","height":14},"compId":3493,"child":[{"type":"Script","props":{"y":-4,"x":-3,"width":13,"presetID":108,"isSensor":true,"height":24,"runtime":"Laya.BoxCollider"},"compId":3494},{"type":"Script","props":{"y":1,"x":0,"type":"static","presetID":109,"gravityScale":0,"runtime":"Laya.RigidBody"},"compId":3495}]},{"type":"Image","props":{"y":323,"x":69,"width":7,"skin":"Game/UI/MakeTailor/dotted1.png","rotation":-8,"presetID":110,"pivotY":7,"pivotX":4,"name":"V","height":14},"compId":3496,"child":[{"type":"Script","props":{"y":-4,"x":-3,"width":13,"presetID":111,"isSensor":true,"height":24,"runtime":"Laya.BoxCollider"},"compId":3497},{"type":"Script","props":{"y":1,"x":0,"type":"static","presetID":112,"gravityScale":0,"runtime":"Laya.RigidBody"},"compId":3498}]},{"type":"Image","props":{"y":342,"x":72,"width":7,"skin":"Game/UI/MakeTailor/dotted1.png","rotation":-7,"presetID":113,"pivotY":7,"pivotX":4,"name":"V","height":14},"compId":3499,"child":[{"type":"Script","props":{"y":-4,"x":-3,"width":13,"presetID":114,"isSensor":true,"height":24,"runtime":"Laya.BoxCollider"},"compId":3500},{"type":"Script","props":{"y":1,"x":0,"type":"static","presetID":115,"gravityScale":0,"runtime":"Laya.RigidBody"},"compId":3501}]},{"type":"Image","props":{"y":362,"x":75,"width":7,"skin":"Game/UI/MakeTailor/dotted1.png","rotation":-7,"presetID":116,"pivotY":7,"pivotX":4,"name":"V","height":14},"compId":3502,"child":[{"type":"Script","props":{"y":-4,"x":-3,"width":13,"presetID":117,"isSensor":true,"height":24,"runtime":"Laya.BoxCollider"},"compId":3503},{"type":"Script","props":{"y":1,"x":0,"type":"static","presetID":118,"gravityScale":0,"runtime":"Laya.RigidBody"},"compId":3504}]},{"type":"Image","props":{"y":381,"x":77,"width":7,"skin":"Game/UI/MakeTailor/dotted1.png","rotation":-7,"presetID":119,"pivotY":7,"pivotX":4,"name":"V","height":14},"compId":3505,"child":[{"type":"Script","props":{"y":-4,"x":-3,"width":13,"presetID":120,"isSensor":true,"height":24,"runtime":"Laya.BoxCollider"},"compId":3506},{"type":"Script","props":{"y":1,"x":0,"type":"static","presetID":121,"gravityScale":0,"runtime":"Laya.RigidBody"},"compId":3507}]},{"type":"Image","props":{"y":399,"x":79,"width":7,"skin":"Game/UI/MakeTailor/dotted1.png","rotation":-8,"presetID":122,"pivotY":7,"pivotX":4,"name":"V","height":14},"compId":3508,"child":[{"type":"Script","props":{"y":-4,"x":-3,"width":13,"presetID":123,"isSensor":true,"height":24,"runtime":"Laya.BoxCollider"},"compId":3509},{"type":"Script","props":{"y":1,"x":0,"type":"static","presetID":124,"gravityScale":0,"runtime":"Laya.RigidBody"},"compId":3510}]},{"type":"Image","props":{"y":418,"x":82,"width":7,"skin":"Game/UI/MakeTailor/dotted1.png","rotation":-8,"presetID":125,"pivotY":7,"pivotX":4,"name":"V","height":14},"compId":3511,"child":[{"type":"Script","props":{"y":-4,"x":-3,"width":13,"presetID":126,"isSensor":true,"height":24,"runtime":"Laya.BoxCollider"},"compId":3512},{"type":"Script","props":{"y":1,"x":0,"type":"static","presetID":127,"gravityScale":0,"runtime":"Laya.RigidBody"},"compId":3513}]}]},{"type":"Sprite","props":{"y":154.0000001875643,"x":114.41536192252119,"texture":"Game/UI/MakeTailor/diy_dress_008_final/x4.png","presetID":128,"name":"Line05"},"compId":2900,"child":[{"type":"Image","props":{"y":12,"x":76,"width":7,"skin":"Game/UI/MakeTailor/dotted1.png","rotation":-13,"presetID":129,"pivotY":7,"pivotX":4,"name":"V","height":14},"compId":2901,"child":[{"type":"Script","props":{"y":-5,"x":-3,"width":13,"presetID":130,"isSensor":true,"height":24,"runtime":"Laya.BoxCollider"},"compId":2902},{"type":"Script","props":{"y":2,"x":0,"type":"static","presetID":131,"gravityScale":0,"runtime":"Laya.RigidBody"},"compId":2903}]},{"type":"Image","props":{"y":30,"x":80,"width":7,"skin":"Game/UI/MakeTailor/dotted1.png","rotation":-13,"presetID":132,"pivotY":7,"pivotX":4,"name":"V","height":14},"compId":3517,"child":[{"type":"Script","props":{"y":-5,"x":-3,"width":13,"presetID":133,"isSensor":true,"height":24,"runtime":"Laya.BoxCollider"},"compId":3518},{"type":"Script","props":{"y":2,"x":0,"type":"static","presetID":134,"gravityScale":0,"runtime":"Laya.RigidBody"},"compId":3519}]},{"type":"Image","props":{"y":48,"x":84,"width":7,"skin":"Game/UI/MakeTailor/dotted1.png","rotation":-13,"presetID":135,"pivotY":7,"pivotX":4,"name":"V","height":14},"compId":3520,"child":[{"type":"Script","props":{"y":-5,"x":-3,"width":13,"presetID":136,"isSensor":true,"height":24,"runtime":"Laya.BoxCollider"},"compId":3521},{"type":"Script","props":{"y":2,"x":0,"type":"static","presetID":137,"gravityScale":0,"runtime":"Laya.RigidBody"},"compId":3522}]},{"type":"Image","props":{"y":65,"x":88,"width":7,"skin":"Game/UI/MakeTailor/dotted1.png","rotation":-13,"presetID":138,"pivotY":7,"pivotX":4,"name":"V","height":8},"compId":3523,"child":[{"type":"Script","props":{"y":-5,"x":-3,"width":13,"presetID":139,"isSensor":true,"height":24,"runtime":"Laya.BoxCollider"},"compId":3524},{"type":"Script","props":{"y":2,"x":0,"type":"static","presetID":140,"gravityScale":0,"runtime":"Laya.RigidBody"},"compId":3525}]},{"type":"Image","props":{"y":76,"x":85,"width":7,"skin":"Game/UI/MakeTailor/dotted1.png","rotation":26,"presetID":141,"pivotY":7,"pivotX":4,"name":"V","height":14},"compId":3526,"child":[{"type":"Script","props":{"y":-5,"x":-3,"width":13,"presetID":142,"isSensor":true,"height":24,"runtime":"Laya.BoxCollider"},"compId":3527},{"type":"Script","props":{"y":2,"x":0,"type":"static","presetID":143,"gravityScale":0,"runtime":"Laya.RigidBody"},"compId":3528}]},{"type":"Image","props":{"y":94,"x":76,"width":7,"skin":"Game/UI/MakeTailor/dotted1.png","rotation":27,"presetID":144,"pivotY":7,"pivotX":4,"name":"V","height":14},"compId":3529,"child":[{"type":"Script","props":{"y":-5,"x":-3,"width":13,"presetID":145,"isSensor":true,"height":24,"runtime":"Laya.BoxCollider"},"compId":3530},{"type":"Script","props":{"y":2,"x":0,"type":"static","presetID":146,"gravityScale":0,"runtime":"Laya.RigidBody"},"compId":3531}]},{"type":"Image","props":{"y":111,"x":68,"width":7,"skin":"Game/UI/MakeTailor/dotted1.png","rotation":24,"presetID":147,"pivotY":7,"pivotX":4,"name":"V","height":14},"compId":3532,"child":[{"type":"Script","props":{"y":-5,"x":-3,"width":13,"presetID":148,"isSensor":true,"height":24,"runtime":"Laya.BoxCollider"},"compId":3533},{"type":"Script","props":{"y":2,"x":0,"type":"static","presetID":149,"gravityScale":0,"runtime":"Laya.RigidBody"},"compId":3534}]},{"type":"Image","props":{"y":129,"x":60,"width":7,"skin":"Game/UI/MakeTailor/dotted1.png","rotation":19,"presetID":150,"pivotY":7,"pivotX":4,"name":"V","height":14},"compId":3535,"child":[{"type":"Script","props":{"y":-5,"x":-3,"width":13,"presetID":151,"isSensor":true,"height":24,"runtime":"Laya.BoxCollider"},"compId":3536},{"type":"Script","props":{"y":2,"x":0,"type":"static","presetID":152,"gravityScale":0,"runtime":"Laya.RigidBody"},"compId":3537}]},{"type":"Image","props":{"y":147,"x":55,"width":7,"skin":"Game/UI/MakeTailor/dotted1.png","rotation":15,"presetID":153,"pivotY":7,"pivotX":4,"name":"V","height":14},"compId":3538,"child":[{"type":"Script","props":{"y":-5,"x":-3,"width":13,"presetID":154,"isSensor":true,"height":24,"runtime":"Laya.BoxCollider"},"compId":3539},{"type":"Script","props":{"y":2,"x":0,"type":"static","presetID":155,"gravityScale":0,"runtime":"Laya.RigidBody"},"compId":3540}]},{"type":"Image","props":{"y":166,"x":50,"width":7,"skin":"Game/UI/MakeTailor/dotted1.png","rotation":15,"presetID":156,"pivotY":7,"pivotX":4,"name":"V","height":14},"compId":3541,"child":[{"type":"Script","props":{"y":-5,"x":-3,"width":13,"presetID":157,"isSensor":true,"height":24,"runtime":"Laya.BoxCollider"},"compId":3542},{"type":"Script","props":{"y":2,"x":0,"type":"static","presetID":158,"gravityScale":0,"runtime":"Laya.RigidBody"},"compId":3543}]},{"type":"Image","props":{"y":185,"x":46,"width":7,"skin":"Game/UI/MakeTailor/dotted1.png","rotation":11,"presetID":159,"pivotY":7,"pivotX":4,"name":"V","height":14},"compId":3544,"child":[{"type":"Script","props":{"y":-5,"x":-3,"width":13,"presetID":160,"isSensor":true,"height":24,"runtime":"Laya.BoxCollider"},"compId":3545},{"type":"Script","props":{"y":2,"x":0,"type":"static","presetID":161,"gravityScale":0,"runtime":"Laya.RigidBody"},"compId":3546}]},{"type":"Image","props":{"y":204,"x":42,"width":7,"skin":"Game/UI/MakeTailor/dotted1.png","rotation":9,"presetID":162,"pivotY":7,"pivotX":4,"name":"V","height":14},"compId":3547,"child":[{"type":"Script","props":{"y":-5,"x":-3,"width":13,"presetID":163,"isSensor":true,"height":24,"runtime":"Laya.BoxCollider"},"compId":3548},{"type":"Script","props":{"y":2,"x":0,"type":"static","presetID":164,"gravityScale":0,"runtime":"Laya.RigidBody"},"compId":3549}]},{"type":"Image","props":{"y":224,"x":39,"width":7,"skin":"Game/UI/MakeTailor/dotted1.png","rotation":9,"presetID":165,"pivotY":7,"pivotX":4,"name":"V","height":14},"compId":3550,"child":[{"type":"Script","props":{"y":-5,"x":-3,"width":13,"presetID":166,"isSensor":true,"height":24,"runtime":"Laya.BoxCollider"},"compId":3551},{"type":"Script","props":{"y":2,"x":0,"type":"static","presetID":167,"gravityScale":0,"runtime":"Laya.RigidBody"},"compId":3552}]},{"type":"Image","props":{"y":244,"x":36,"width":7,"skin":"Game/UI/MakeTailor/dotted1.png","rotation":9,"presetID":168,"pivotY":7,"pivotX":4,"name":"V","height":14},"compId":3553,"child":[{"type":"Script","props":{"y":-5,"x":-3,"width":13,"presetID":169,"isSensor":true,"height":24,"runtime":"Laya.BoxCollider"},"compId":3554},{"type":"Script","props":{"y":2,"x":0,"type":"static","presetID":170,"gravityScale":0,"runtime":"Laya.RigidBody"},"compId":3555}]},{"type":"Image","props":{"y":264,"x":33,"width":7,"skin":"Game/UI/MakeTailor/dotted1.png","rotation":9,"presetID":171,"pivotY":7,"pivotX":4,"name":"V","height":14},"compId":3556,"child":[{"type":"Script","props":{"y":-5,"x":-3,"width":13,"presetID":172,"isSensor":true,"height":24,"runtime":"Laya.BoxCollider"},"compId":3557},{"type":"Script","props":{"y":2,"x":0,"type":"static","presetID":173,"gravityScale":0,"runtime":"Laya.RigidBody"},"compId":3558}]},{"type":"Image","props":{"y":283,"x":30,"width":7,"skin":"Game/UI/MakeTailor/dotted1.png","rotation":8,"presetID":174,"pivotY":7,"pivotX":4,"name":"V","height":14},"compId":3559,"child":[{"type":"Script","props":{"y":-5,"x":-3,"width":13,"presetID":175,"isSensor":true,"height":24,"runtime":"Laya.BoxCollider"},"compId":3560},{"type":"Script","props":{"y":2,"x":0,"type":"static","presetID":176,"gravityScale":0,"runtime":"Laya.RigidBody"},"compId":3561}]},{"type":"Image","props":{"y":303,"x":27,"width":7,"skin":"Game/UI/MakeTailor/dotted1.png","rotation":10,"presetID":177,"pivotY":7,"pivotX":4,"name":"V","height":14},"compId":3562,"child":[{"type":"Script","props":{"y":-5,"x":-3,"width":13,"presetID":178,"isSensor":true,"height":24,"runtime":"Laya.BoxCollider"},"compId":3563},{"type":"Script","props":{"y":2,"x":0,"type":"static","presetID":179,"gravityScale":0,"runtime":"Laya.RigidBody"},"compId":3564}]},{"type":"Image","props":{"y":323,"x":24,"width":7,"skin":"Game/UI/MakeTailor/dotted1.png","rotation":10,"presetID":180,"pivotY":7,"pivotX":4,"name":"V","height":14},"compId":3565,"child":[{"type":"Script","props":{"y":-5,"x":-3,"width":13,"presetID":181,"isSensor":true,"height":24,"runtime":"Laya.BoxCollider"},"compId":3566},{"type":"Script","props":{"y":2,"x":0,"type":"static","presetID":182,"gravityScale":0,"runtime":"Laya.RigidBody"},"compId":3567}]},{"type":"Image","props":{"y":343,"x":20,"width":7,"skin":"Game/UI/MakeTailor/dotted1.png","rotation":12,"presetID":183,"pivotY":7,"pivotX":4,"name":"V","height":14},"compId":3568,"child":[{"type":"Script","props":{"y":-5,"x":-3,"width":13,"presetID":184,"isSensor":true,"height":24,"runtime":"Laya.BoxCollider"},"compId":3569},{"type":"Script","props":{"y":2,"x":0,"type":"static","presetID":185,"gravityScale":0,"runtime":"Laya.RigidBody"},"compId":3570}]},{"type":"Image","props":{"y":362,"x":17,"width":7,"skin":"Game/UI/MakeTailor/dotted1.png","rotation":12,"presetID":186,"pivotY":7,"pivotX":4,"name":"V","height":14},"compId":3571,"child":[{"type":"Script","props":{"y":-5,"x":-3,"width":13,"presetID":187,"isSensor":true,"height":24,"runtime":"Laya.BoxCollider"},"compId":3572},{"type":"Script","props":{"y":2,"x":0,"type":"static","presetID":188,"gravityScale":0,"runtime":"Laya.RigidBody"},"compId":3573}]},{"type":"Image","props":{"y":383,"x":13,"width":7,"skin":"Game/UI/MakeTailor/dotted1.png","rotation":11,"presetID":189,"pivotY":7,"pivotX":4,"name":"V","height":14},"compId":3574,"child":[{"type":"Script","props":{"y":-5,"x":-3,"width":13,"presetID":190,"isSensor":true,"height":24,"runtime":"Laya.BoxCollider"},"compId":3575},{"type":"Script","props":{"y":2,"x":0,"type":"static","presetID":191,"gravityScale":0,"runtime":"Laya.RigidBody"},"compId":3576}]},{"type":"Image","props":{"y":403,"x":9,"width":7,"skin":"Game/UI/MakeTailor/dotted1.png","rotation":11,"presetID":192,"pivotY":7,"pivotX":4,"name":"V","height":14},"compId":3577,"child":[{"type":"Script","props":{"y":-5,"x":-3,"width":13,"presetID":193,"isSensor":true,"height":24,"runtime":"Laya.BoxCollider"},"compId":3578},{"type":"Script","props":{"y":2,"x":0,"type":"static","presetID":194,"gravityScale":0,"runtime":"Laya.RigidBody"},"compId":3579}]},{"type":"Image","props":{"y":423,"x":6,"width":7,"skin":"Game/UI/MakeTailor/dotted1.png","rotation":9,"presetID":195,"pivotY":7,"pivotX":4,"name":"V","height":14},"compId":3580,"child":[{"type":"Script","props":{"y":-5,"x":-3,"width":13,"presetID":196,"isSensor":true,"height":24,"runtime":"Laya.BoxCollider"},"compId":3581},{"type":"Script","props":{"y":2,"x":0,"type":"static","presetID":197,"gravityScale":0,"runtime":"Laya.RigidBody"},"compId":3582}]}]},{"type":"Sprite","props":{"y":370.5000001875643,"x":114.41536192252119,"width":294,"texture":"Game/UI/MakeTailor/diy_dress_008_final/x6.png","presetID":198,"name":"Line06","height":236},"compId":2919,"child":[{"type":"Image","props":{"y":215,"x":14,"width":7,"skin":"Game/UI/MakeTailor/dotted1.png","rotation":104,"presetID":199,"pivotY":7,"pivotX":4,"name":"A","height":14},"compId":3583,"child":[{"type":"Script","props":{"y":-5,"x":-3,"width":13,"presetID":200,"isSensor":true,"height":24,"runtime":"Laya.BoxCollider"},"compId":3584},{"type":"Script","props":{"type":"static","presetID":201,"gravityScale":0,"runtime":"Laya.RigidBody"},"compId":3585}]},{"type":"Image","props":{"y":220,"x":33,"width":7,"skin":"Game/UI/MakeTailor/dotted1.png","rotation":101,"presetID":202,"pivotY":7,"pivotX":4,"name":"A","height":14},"compId":3586,"child":[{"type":"Script","props":{"y":-5,"x":-3,"width":13,"presetID":203,"isSensor":true,"height":24,"runtime":"Laya.BoxCollider"},"compId":3587},{"type":"Script","props":{"type":"static","presetID":204,"gravityScale":0,"runtime":"Laya.RigidBody"},"compId":3588}]},{"type":"Image","props":{"y":225,"x":52,"width":7,"skin":"Game/UI/MakeTailor/dotted1.png","rotation":101,"presetID":205,"pivotY":7,"pivotX":4,"name":"A","height":14},"compId":3589,"child":[{"type":"Script","props":{"y":-5,"x":-3,"width":13,"presetID":206,"isSensor":true,"height":24,"runtime":"Laya.BoxCollider"},"compId":3590},{"type":"Script","props":{"type":"static","presetID":207,"gravityScale":0,"runtime":"Laya.RigidBody"},"compId":3591}]},{"type":"Image","props":{"y":228,"x":72,"width":7,"skin":"Game/UI/MakeTailor/dotted1.png","rotation":96,"presetID":208,"pivotY":7,"pivotX":4,"name":"A","height":14},"compId":3592,"child":[{"type":"Script","props":{"y":-5,"x":-3,"width":13,"presetID":209,"isSensor":true,"height":24,"runtime":"Laya.BoxCollider"},"compId":3593},{"type":"Script","props":{"type":"static","presetID":210,"gravityScale":0,"runtime":"Laya.RigidBody"},"compId":3594}]},{"type":"Image","props":{"y":231,"x":92,"width":7,"skin":"Game/UI/MakeTailor/dotted1.png","rotation":96,"presetID":211,"pivotY":7,"pivotX":4,"name":"A","height":14},"compId":3595,"child":[{"type":"Script","props":{"y":-5,"x":-3,"width":13,"presetID":212,"isSensor":true,"height":24,"runtime":"Laya.BoxCollider"},"compId":3596},{"type":"Script","props":{"type":"static","presetID":213,"gravityScale":0,"runtime":"Laya.RigidBody"},"compId":3597}]},{"type":"Image","props":{"y":232,"x":112,"width":7,"skin":"Game/UI/MakeTailor/dotted1.png","rotation":92,"presetID":214,"pivotY":7,"pivotX":4,"name":"A","height":14},"compId":3598,"child":[{"type":"Script","props":{"y":-5,"x":-3,"width":13,"presetID":215,"isSensor":true,"height":24,"runtime":"Laya.BoxCollider"},"compId":3599},{"type":"Script","props":{"type":"static","presetID":216,"gravityScale":0,"runtime":"Laya.RigidBody"},"compId":3600}]},{"type":"Image","props":{"y":233,"x":132,"width":7,"skin":"Game/UI/MakeTailor/dotted1.png","rotation":92,"presetID":217,"pivotY":7,"pivotX":4,"name":"A","height":14},"compId":3601,"child":[{"type":"Script","props":{"y":-5,"x":-3,"width":13,"presetID":218,"isSensor":true,"height":24,"runtime":"Laya.BoxCollider"},"compId":3602},{"type":"Script","props":{"type":"static","presetID":219,"gravityScale":0,"runtime":"Laya.RigidBody"},"compId":3603}]},{"type":"Image","props":{"y":233,"x":152,"width":7,"skin":"Game/UI/MakeTailor/dotted1.png","rotation":91,"presetID":220,"pivotY":7,"pivotX":4,"name":"A","height":14},"compId":3604,"child":[{"type":"Script","props":{"y":-5,"x":-3,"width":13,"presetID":221,"isSensor":true,"height":24,"runtime":"Laya.BoxCollider"},"compId":3605},{"type":"Script","props":{"type":"static","presetID":222,"gravityScale":0,"runtime":"Laya.RigidBody"},"compId":3606}]},{"type":"Image","props":{"y":233,"x":172,"width":7,"skin":"Game/UI/MakeTailor/dotted1.png","rotation":88,"presetID":223,"pivotY":7,"pivotX":4,"name":"A","height":14},"compId":3607,"child":[{"type":"Script","props":{"y":-5,"x":-3,"width":13,"presetID":224,"isSensor":true,"height":24,"runtime":"Laya.BoxCollider"},"compId":3608},{"type":"Script","props":{"type":"static","presetID":225,"gravityScale":0,"runtime":"Laya.RigidBody"},"compId":3609}]},{"type":"Image","props":{"y":232,"x":192,"width":7,"skin":"Game/UI/MakeTailor/dotted1.png","rotation":85,"presetID":226,"pivotY":7,"pivotX":4,"name":"A","height":14},"compId":3610,"child":[{"type":"Script","props":{"y":-5,"x":-3,"width":13,"presetID":227,"isSensor":true,"height":24,"runtime":"Laya.BoxCollider"},"compId":3611},{"type":"Script","props":{"type":"static","presetID":228,"gravityScale":0,"runtime":"Laya.RigidBody"},"compId":3612}]},{"type":"Image","props":{"y":225,"x":208,"width":7,"skin":"Game/UI/MakeTailor/dotted1.png","rotation":5,"presetID":229,"pivotY":7,"pivotX":4,"name":"V","height":14},"compId":3613,"child":[{"type":"Script","props":{"y":-5,"x":-3,"width":13,"presetID":230,"isSensor":true,"height":24,"runtime":"Laya.BoxCollider"},"compId":3614},{"type":"Script","props":{"type":"static","presetID":231,"gravityScale":0,"runtime":"Laya.RigidBody"},"compId":3615}]},{"type":"Image","props":{"y":205,"x":211,"width":7,"skin":"Game/UI/MakeTailor/dotted1.png","rotation":5,"presetID":232,"pivotY":7,"pivotX":4,"name":"V","height":14},"compId":3616,"child":[{"type":"Script","props":{"y":-5,"x":-3,"width":13,"presetID":233,"isSensor":true,"height":24,"runtime":"Laya.BoxCollider"},"compId":3617},{"type":"Script","props":{"type":"static","presetID":234,"gravityScale":0,"runtime":"Laya.RigidBody"},"compId":3618}]},{"type":"Image","props":{"y":185,"x":212,"width":7,"skin":"Game/UI/MakeTailor/dotted1.png","rotation":2,"presetID":235,"pivotY":7,"pivotX":4,"name":"V","height":14},"compId":3619,"child":[{"type":"Script","props":{"y":-5,"x":-3,"width":13,"presetID":236,"isSensor":true,"height":24,"runtime":"Laya.BoxCollider"},"compId":3620},{"type":"Script","props":{"type":"static","presetID":237,"gravityScale":0,"runtime":"Laya.RigidBody"},"compId":3621}]},{"type":"Image","props":{"y":165,"x":213,"width":7,"skin":"Game/UI/MakeTailor/dotted1.png","rotation":2,"presetID":238,"pivotY":7,"pivotX":4,"name":"V","height":14},"compId":3622,"child":[{"type":"Script","props":{"y":-5,"x":-3,"width":13,"presetID":239,"isSensor":true,"height":24,"runtime":"Laya.BoxCollider"},"compId":3623},{"type":"Script","props":{"type":"static","presetID":240,"gravityScale":0,"runtime":"Laya.RigidBody"},"compId":3624}]},{"type":"Image","props":{"y":145,"x":214,"width":7,"skin":"Game/UI/MakeTailor/dotted1.png","rotation":2,"presetID":241,"pivotY":7,"pivotX":4,"name":"V","height":14},"compId":3625,"child":[{"type":"Script","props":{"y":-5,"x":-3,"width":13,"presetID":242,"isSensor":true,"height":24,"runtime":"Laya.BoxCollider"},"compId":3626},{"type":"Script","props":{"type":"static","presetID":243,"gravityScale":0,"runtime":"Laya.RigidBody"},"compId":3627}]},{"type":"Image","props":{"y":125,"x":215,"width":7,"skin":"Game/UI/MakeTailor/dotted1.png","rotation":1,"presetID":244,"pivotY":7,"pivotX":4,"name":"V","height":14},"compId":3628,"child":[{"type":"Script","props":{"y":-5,"x":-3,"width":13,"presetID":245,"isSensor":true,"height":24,"runtime":"Laya.BoxCollider"},"compId":3629},{"type":"Script","props":{"type":"static","presetID":246,"gravityScale":0,"runtime":"Laya.RigidBody"},"compId":3630}]},{"type":"Image","props":{"y":105,"x":215,"width":7,"skin":"Game/UI/MakeTailor/dotted1.png","rotation":1,"presetID":247,"pivotY":7,"pivotX":4,"name":"V","height":14},"compId":3631,"child":[{"type":"Script","props":{"y":-5,"x":-3,"width":13,"presetID":248,"isSensor":true,"height":24,"runtime":"Laya.BoxCollider"},"compId":3632},{"type":"Script","props":{"type":"static","presetID":249,"gravityScale":0,"runtime":"Laya.RigidBody"},"compId":3633}]},{"type":"Image","props":{"y":85,"x":215,"width":7,"skin":"Game/UI/MakeTailor/dotted1.png","rotation":0,"presetID":250,"pivotY":7,"pivotX":4,"name":"V","height":14},"compId":3634,"child":[{"type":"Script","props":{"y":-5,"x":-3,"width":13,"presetID":251,"isSensor":true,"height":24,"runtime":"Laya.BoxCollider"},"compId":3635},{"type":"Script","props":{"type":"static","presetID":252,"gravityScale":0,"runtime":"Laya.RigidBody"},"compId":3636}]},{"type":"Image","props":{"y":65,"x":215,"width":7,"skin":"Game/UI/MakeTailor/dotted1.png","rotation":0,"presetID":253,"pivotY":7,"pivotX":4,"name":"V","height":14},"compId":3637,"child":[{"type":"Script","props":{"y":-5,"x":-3,"width":13,"presetID":254,"isSensor":true,"height":24,"runtime":"Laya.BoxCollider"},"compId":3638},{"type":"Script","props":{"type":"static","presetID":255,"gravityScale":0,"runtime":"Laya.RigidBody"},"compId":3639}]},{"type":"Image","props":{"y":45,"x":215,"width":7,"skin":"Game/UI/MakeTailor/dotted1.png","rotation":0,"presetID":256,"pivotY":7,"pivotX":4,"name":"V","height":14},"compId":3640,"child":[{"type":"Script","props":{"y":-5,"x":-3,"width":13,"presetID":257,"isSensor":true,"height":24,"runtime":"Laya.BoxCollider"},"compId":3641},{"type":"Script","props":{"type":"static","presetID":258,"gravityScale":0,"runtime":"Laya.RigidBody"},"compId":3642}]},{"type":"Image","props":{"y":26,"x":216,"width":7,"skin":"Game/UI/MakeTailor/dotted1.png","rotation":0,"presetID":259,"pivotY":7,"pivotX":4,"name":"V","height":14},"compId":3643,"child":[{"type":"Script","props":{"y":-5,"x":-3,"width":13,"presetID":260,"isSensor":true,"height":24,"runtime":"Laya.BoxCollider"},"compId":3644},{"type":"Script","props":{"type":"static","presetID":261,"gravityScale":0,"runtime":"Laya.RigidBody"},"compId":3645}]},{"type":"Image","props":{"y":7,"x":216,"width":7,"skin":"Game/UI/MakeTailor/dotted1.png","rotation":0,"presetID":262,"pivotY":7,"pivotX":4,"name":"V","height":14},"compId":3646,"child":[{"type":"Script","props":{"y":-5,"x":-3,"width":13,"presetID":263,"isSensor":true,"height":24,"runtime":"Laya.BoxCollider"},"compId":3647},{"type":"Script","props":{"type":"static","presetID":264,"gravityScale":0,"runtime":"Laya.RigidBody"},"compId":3648}]},{"type":"Image","props":{"y":55,"x":222,"width":7,"skin":"Game/UI/MakeTailor/dotted1.png","rotation":-7,"presetID":265,"pivotY":7,"pivotX":4,"name":"V","height":14},"compId":3649,"child":[{"type":"Script","props":{"y":-5,"x":-3,"width":13,"presetID":266,"isSensor":true,"height":24,"runtime":"Laya.BoxCollider"},"compId":3650},{"type":"Script","props":{"type":"static","presetID":267,"gravityScale":0,"runtime":"Laya.RigidBody"},"compId":3651}]},{"type":"Image","props":{"y":77,"x":225,"width":7,"skin":"Game/UI/MakeTailor/dotted1.png","rotation":-7,"presetID":268,"pivotY":7,"pivotX":4,"name":"V","height":14},"compId":3652,"child":[{"type":"Script","props":{"y":-5,"x":-3,"width":13,"presetID":269,"isSensor":true,"height":24,"runtime":"Laya.BoxCollider"},"compId":3653},{"type":"Script","props":{"type":"static","presetID":270,"gravityScale":0,"runtime":"Laya.RigidBody"},"compId":3654}]},{"type":"Image","props":{"y":97,"x":227,"width":7,"skin":"Game/UI/MakeTailor/dotted1.png","rotation":-7,"presetID":271,"pivotY":7,"pivotX":4,"name":"V","height":14},"compId":3655,"child":[{"type":"Script","props":{"y":-5,"x":-3,"width":13,"presetID":272,"isSensor":true,"height":24,"runtime":"Laya.BoxCollider"},"compId":3656},{"type":"Script","props":{"type":"static","presetID":273,"gravityScale":0,"runtime":"Laya.RigidBody"},"compId":3657}]},{"type":"Image","props":{"y":117,"x":229,"width":7,"skin":"Game/UI/MakeTailor/dotted1.png","rotation":-5,"presetID":274,"pivotY":7,"pivotX":4,"name":"V","height":14},"compId":3658,"child":[{"type":"Script","props":{"y":-5,"x":-3,"width":13,"presetID":275,"isSensor":true,"height":24,"runtime":"Laya.BoxCollider"},"compId":3659},{"type":"Script","props":{"type":"static","presetID":276,"gravityScale":0,"runtime":"Laya.RigidBody"},"compId":3660}]},{"type":"Image","props":{"y":139,"x":230,"width":7,"skin":"Game/UI/MakeTailor/dotted1.png","rotation":-2,"presetID":277,"pivotY":7,"pivotX":4,"name":"V","height":14},"compId":3661,"child":[{"type":"Script","props":{"y":-5,"x":-3,"width":13,"presetID":278,"isSensor":true,"height":24,"runtime":"Laya.BoxCollider"},"compId":3662},{"type":"Script","props":{"type":"static","presetID":279,"gravityScale":0,"runtime":"Laya.RigidBody"},"compId":3663}]},{"type":"Image","props":{"y":161,"x":231,"width":7,"skin":"Game/UI/MakeTailor/dotted1.png","rotation":-2,"presetID":280,"pivotY":7,"pivotX":4,"name":"V","height":14},"compId":3664,"child":[{"type":"Script","props":{"y":-5,"x":-3,"width":13,"presetID":281,"isSensor":true,"height":24,"runtime":"Laya.BoxCollider"},"compId":3665},{"type":"Script","props":{"type":"static","presetID":282,"gravityScale":0,"runtime":"Laya.RigidBody"},"compId":3666}]},{"type":"Image","props":{"y":183,"x":232,"width":7,"skin":"Game/UI/MakeTailor/dotted1.png","rotation":-2,"presetID":283,"pivotY":7,"pivotX":4,"name":"V","height":14},"compId":3667,"child":[{"type":"Script","props":{"y":-5,"x":-3,"width":13,"presetID":284,"isSensor":true,"height":24,"runtime":"Laya.BoxCollider"},"compId":3668},{"type":"Script","props":{"type":"static","presetID":285,"gravityScale":0,"runtime":"Laya.RigidBody"},"compId":3669}]},{"type":"Image","props":{"y":203,"x":233,"width":7,"skin":"Game/UI/MakeTailor/dotted1.png","rotation":-3,"presetID":286,"pivotY":7,"pivotX":4,"name":"V","height":14},"compId":3670,"child":[{"type":"Script","props":{"y":-5,"x":-3,"width":13,"presetID":287,"isSensor":true,"height":24,"runtime":"Laya.BoxCollider"},"compId":3671},{"type":"Script","props":{"type":"static","presetID":288,"gravityScale":0,"runtime":"Laya.RigidBody"},"compId":3672}]},{"type":"Image","props":{"y":223,"x":235,"width":7,"skin":"Game/UI/MakeTailor/dotted1.png","rotation":-7,"presetID":289,"pivotY":7,"pivotX":4,"name":"V","height":14},"compId":3673,"child":[{"type":"Script","props":{"y":-5,"x":-3,"width":13,"presetID":290,"isSensor":true,"height":24,"runtime":"Laya.BoxCollider"},"compId":3674},{"type":"Script","props":{"type":"static","presetID":291,"gravityScale":0,"runtime":"Laya.RigidBody"},"compId":3675}]},{"type":"Image","props":{"y":225,"x":249,"width":7,"skin":"Game/UI/MakeTailor/dotted1.png","rotation":78,"presetID":292,"pivotY":7,"pivotX":4,"name":"A","height":14},"compId":3676,"child":[{"type":"Script","props":{"y":-5,"x":-3,"width":13,"presetID":293,"isSensor":true,"height":24,"runtime":"Laya.BoxCollider"},"compId":3677},{"type":"Script","props":{"type":"static","presetID":294,"gravityScale":0,"runtime":"Laya.RigidBody"},"compId":3678}]},{"type":"Image","props":{"y":221,"x":268,"width":7,"skin":"Game/UI/MakeTailor/dotted1.png","rotation":77,"presetID":295,"pivotY":7,"pivotX":4,"name":"A","height":14},"compId":3679,"child":[{"type":"Script","props":{"y":-5,"x":-3,"width":13,"presetID":296,"isSensor":true,"height":24,"runtime":"Laya.BoxCollider"},"compId":3680},{"type":"Script","props":{"type":"static","presetID":297,"gravityScale":0,"runtime":"Laya.RigidBody"},"compId":3681}]},{"type":"Image","props":{"y":216,"x":287,"width":7,"skin":"Game/UI/MakeTailor/dotted1.png","rotation":75,"presetID":298,"pivotY":7,"pivotX":4,"name":"A","height":14},"compId":3682,"child":[{"type":"Script","props":{"y":-5,"x":-3,"width":13,"presetID":299,"isSensor":true,"height":24,"runtime":"Laya.BoxCollider"},"compId":3683},{"type":"Script","props":{"type":"static","presetID":300,"gravityScale":0,"runtime":"Laya.RigidBody"},"compId":3684}]}]}]}],"loadList":["Game/UI/MakeTailor/diy_dress_008_final/s6.png","Game/UI/MakeTailor/diy_dress_008_final/s5.png","Game/UI/MakeTailor/diy_dress_008_final/s2.png","Game/UI/MakeTailor/diy_dress_008_final/s3.png","Game/UI/MakeTailor/diy_dress_008_final/s4.png","Game/UI/MakeTailor/diy_dress_008_final/s1.png","Game/UI/MakeTailor/diy_dress_008_final/p1.png","Game/UI/MakeTailor/diy_dress_008_final/x1.png","Game/UI/MakeTailor/dotted1.png","Game/UI/MakeTailor/diy_dress_008_final/x3.png","Game/UI/MakeTailor/diy_dress_008_final/x2.png","Game/UI/MakeTailor/diy_dress_008_final/x5.png","Game/UI/MakeTailor/diy_dress_008_final/x4.png","Game/UI/MakeTailor/diy_dress_008_final/x6.png"],"loadList3D":[]}