{"type":"Box","props":{"y":0,"x":0,"width":720,"scaleY":1,"scaleX":1,"presetID":1,"name":"diy_dress_002_final","isPresetRoot":true,"height":720,"centerY":0,"centerX":0},"compId":4918,"child":[{"type":"Sprite","props":{"y":195,"x":235,"width":41,"texture":"Game/UI/MakeTailor/diy_dress_002_final/s2.png","presetID":2,"name":"Cloth02_L","height":199},"compId":2756},{"type":"Sprite","props":{"y":181,"x":452,"width":40,"texture":"Game/UI/MakeTailor/diy_dress_002_final/s3.png","presetID":3,"name":"Cloth03_R","height":209},"compId":2752},{"type":"Sprite","props":{"y":572,"x":180,"width":368,"texture":"Game/UI/MakeTailor/diy_dress_002_final/s1.png","presetID":4,"name":"Cloth04_D","height":99},"compId":2751},{"type":"Sprite","props":{"y":37,"x":152,"texture":"Game/UI/MakeTailor/diy_dress_002_final/s4.png","presetID":5,"name":"Cloth01_U"},"compId":2986},{"type":"Sprite","props":{"y":102,"x":191,"width":345,"texture":"Game/UI/MakeTailor/diy_dress_002_final/q1.png","presetID":6,"name":"Ultimately","height":467},"compId":2577},{"type":"Image","props":{"y":-2,"x":0,"width":512,"presetID":7,"name":"LineParent","height":725,"centerX":0},"compId":2578,"child":[{"type":"Sprite","props":{"y":99.36224047496123,"x":145,"texture":"Game/UI/MakeTailor/diy_dress_002_final/x4.png","presetID":8,"name":"Line01"},"compId":2579,"child":[{"type":"Image","props":{"y":27,"x":8,"width":7,"skin":"Game/UI/MakeTailor/dotted1.png","rotation":39,"presetID":9,"pivotY":7,"pivotX":4,"name":"A","height":14},"compId":2598,"child":[{"type":"Script","props":{"y":-5,"x":-3,"width":13,"presetID":10,"isSensor":true,"height":24,"runtime":"Laya.BoxCollider"},"compId":2599},{"type":"Script","props":{"type":"static","presetID":11,"gravityScale":0,"runtime":"Laya.RigidBody"},"compId":2600}]},{"type":"Image","props":{"y":12,"x":22,"width":7,"skin":"Game/UI/MakeTailor/dotted1.png","rotation":50,"presetID":12,"pivotY":7,"pivotX":4,"name":"A","height":14},"compId":5116,"child":[{"type":"Script","props":{"y":-5,"x":-3,"width":13,"presetID":13,"isSensor":true,"height":24,"runtime":"Laya.BoxCollider"},"compId":5117},{"type":"Script","props":{"type":"static","presetID":14,"gravityScale":0,"runtime":"Laya.RigidBody"},"compId":5118}]},{"type":"Image","props":{"y":5,"x":39,"width":7,"skin":"Game/UI/MakeTailor/dotted1.png","rotation":84,"presetID":15,"pivotY":7,"pivotX":4,"name":"A","height":14},"compId":5119,"child":[{"type":"Script","props":{"y":-5,"x":-3,"width":13,"presetID":16,"isSensor":true,"height":24,"runtime":"Laya.BoxCollider"},"compId":5120},{"type":"Script","props":{"type":"static","presetID":17,"gravityScale":0,"runtime":"Laya.RigidBody"},"compId":5121}]},{"type":"Image","props":{"y":3,"x":59,"width":7,"skin":"Game/UI/MakeTailor/dotted1.png","rotation":88,"presetID":18,"pivotY":7,"pivotX":4,"name":"A","height":14},"compId":5122,"child":[{"type":"Script","props":{"y":-5,"x":-3,"width":13,"presetID":19,"isSensor":true,"height":24,"runtime":"Laya.BoxCollider"},"compId":5123},{"type":"Script","props":{"type":"static","presetID":20,"gravityScale":0,"runtime":"Laya.RigidBody"},"compId":5124}]},{"type":"Image","props":{"y":3,"x":81,"width":7,"skin":"Game/UI/MakeTailor/dotted1.png","rotation":90,"presetID":21,"pivotY":7,"pivotX":4,"name":"A","height":14},"compId":5125,"child":[{"type":"Script","props":{"y":-5,"x":-3,"width":13,"presetID":22,"isSensor":true,"height":24,"runtime":"Laya.BoxCollider"},"compId":5126},{"type":"Script","props":{"type":"static","presetID":23,"gravityScale":0,"runtime":"Laya.RigidBody"},"compId":5127}]},{"type":"Image","props":{"y":3,"x":101,"width":7,"skin":"Game/UI/MakeTailor/dotted1.png","rotation":90,"presetID":24,"pivotY":7,"pivotX":4,"name":"A","height":14},"compId":5128,"child":[{"type":"Script","props":{"y":-5,"x":-3,"width":13,"presetID":25,"isSensor":true,"height":24,"runtime":"Laya.BoxCollider"},"compId":5129},{"type":"Script","props":{"type":"static","presetID":26,"gravityScale":0,"runtime":"Laya.RigidBody"},"compId":5130}]},{"type":"Image","props":{"y":3,"x":121,"width":7,"skin":"Game/UI/MakeTailor/dotted1.png","rotation":90,"presetID":27,"pivotY":7,"pivotX":4,"name":"A","height":14},"compId":5131,"child":[{"type":"Script","props":{"y":-5,"x":-3,"width":13,"presetID":28,"isSensor":true,"height":24,"runtime":"Laya.BoxCollider"},"compId":5132},{"type":"Script","props":{"type":"static","presetID":29,"gravityScale":0,"runtime":"Laya.RigidBody"},"compId":5133}]},{"type":"Image","props":{"y":3,"x":141,"width":7,"skin":"Game/UI/MakeTailor/dotted1.png","rotation":90,"presetID":30,"pivotY":7,"pivotX":4,"name":"A","height":14},"compId":5134,"child":[{"type":"Script","props":{"y":-5,"x":-3,"width":13,"presetID":31,"isSensor":true,"height":24,"runtime":"Laya.BoxCollider"},"compId":5135},{"type":"Script","props":{"type":"static","presetID":32,"gravityScale":0,"runtime":"Laya.RigidBody"},"compId":5136}]},{"type":"Image","props":{"y":3,"x":160,"width":7,"skin":"Game/UI/MakeTailor/dotted1.png","rotation":90,"presetID":33,"pivotY":7,"pivotX":4,"name":"A","height":14},"compId":5137,"child":[{"type":"Script","props":{"y":-5,"x":-3,"width":13,"presetID":34,"isSensor":true,"height":24,"runtime":"Laya.BoxCollider"},"compId":5138},{"type":"Script","props":{"type":"static","presetID":35,"gravityScale":0,"runtime":"Laya.RigidBody"},"compId":5139}]},{"type":"Image","props":{"y":5,"x":182,"width":7,"skin":"Game/UI/MakeTailor/dotted1.png","rotation":97,"presetID":36,"pivotY":7,"pivotX":4,"name":"A","height":14},"compId":5140,"child":[{"type":"Script","props":{"y":-5,"x":-3,"width":13,"presetID":37,"isSensor":true,"height":24,"runtime":"Laya.BoxCollider"},"compId":5141},{"type":"Script","props":{"type":"static","presetID":38,"gravityScale":0,"runtime":"Laya.RigidBody"},"compId":5142}]},{"type":"Image","props":{"y":12,"x":202,"width":7,"skin":"Game/UI/MakeTailor/dotted1.png","rotation":118,"presetID":39,"pivotY":7,"pivotX":4,"name":"A","height":14},"compId":5143,"child":[{"type":"Script","props":{"y":-5,"x":-3,"width":13,"presetID":40,"isSensor":true,"height":24,"runtime":"Laya.BoxCollider"},"compId":5144},{"type":"Script","props":{"type":"static","presetID":41,"gravityScale":0,"runtime":"Laya.RigidBody"},"compId":5145}]},{"type":"Image","props":{"y":25,"x":219,"width":7,"skin":"Game/UI/MakeTailor/dotted1.png","rotation":131,"presetID":42,"pivotY":7,"pivotX":4,"name":"A","height":14},"compId":5146,"child":[{"type":"Script","props":{"y":-5,"x":-3,"width":13,"presetID":43,"isSensor":true,"height":24,"runtime":"Laya.BoxCollider"},"compId":5147},{"type":"Script","props":{"type":"static","presetID":44,"gravityScale":0,"runtime":"Laya.RigidBody"},"compId":5148}]}]},{"type":"Sprite","props":{"y":177,"x":126,"texture":"Game/UI/MakeTailor/diy_dress_002_final/x2.png","presetID":45,"name":"Line02"},"compId":2601,"child":[{"type":"Image","props":{"y":22,"x":30,"width":7,"skin":"Game/UI/MakeTailor/dotted1.png","rotation":-16,"presetID":46,"pivotY":7,"pivotX":4,"name":"V","height":14},"compId":2650,"child":[{"type":"Script","props":{"y":-5,"x":-3,"width":13,"presetID":47,"isSensor":true,"height":24,"runtime":"Laya.BoxCollider"},"compId":2651},{"type":"Script","props":{"type":"static","presetID":48,"gravityScale":0,"runtime":"Laya.RigidBody"},"compId":2652}]},{"type":"Image","props":{"y":42,"x":35,"width":7,"skin":"Game/UI/MakeTailor/dotted1.png","rotation":-15,"presetID":49,"pivotY":7,"pivotX":4,"name":"V","height":14},"compId":5149,"child":[{"type":"Script","props":{"y":-5,"x":-3,"width":13,"presetID":50,"isSensor":true,"height":24,"runtime":"Laya.BoxCollider"},"compId":5150},{"type":"Script","props":{"type":"static","presetID":51,"gravityScale":0,"runtime":"Laya.RigidBody"},"compId":5151}]},{"type":"Image","props":{"y":62,"x":40,"width":7,"skin":"Game/UI/MakeTailor/dotted1.png","rotation":-13,"presetID":52,"pivotY":7,"pivotX":4,"name":"V","height":14},"compId":5152,"child":[{"type":"Script","props":{"y":-5,"x":-3,"width":13,"presetID":53,"isSensor":true,"height":24,"runtime":"Laya.BoxCollider"},"compId":5153},{"type":"Script","props":{"type":"static","presetID":54,"gravityScale":0,"runtime":"Laya.RigidBody"},"compId":5154}]},{"type":"Image","props":{"y":82,"x":44,"width":7,"skin":"Game/UI/MakeTailor/dotted1.png","rotation":-8,"presetID":55,"pivotY":7,"pivotX":4,"name":"V","height":14},"compId":5155,"child":[{"type":"Script","props":{"y":-5,"x":-3,"width":13,"presetID":56,"isSensor":true,"height":24,"runtime":"Laya.BoxCollider"},"compId":5156},{"type":"Script","props":{"type":"static","presetID":57,"gravityScale":0,"runtime":"Laya.RigidBody"},"compId":5157}]},{"type":"Image","props":{"y":102,"x":47,"width":7,"skin":"Game/UI/MakeTailor/dotted1.png","rotation":-8,"presetID":58,"pivotY":7,"pivotX":4,"name":"V","height":14},"compId":5158,"child":[{"type":"Script","props":{"y":-5,"x":-3,"width":13,"presetID":59,"isSensor":true,"height":24,"runtime":"Laya.BoxCollider"},"compId":5159},{"type":"Script","props":{"type":"static","presetID":60,"gravityScale":0,"runtime":"Laya.RigidBody"},"compId":5160}]},{"type":"Image","props":{"y":123,"x":47,"width":7,"skin":"Game/UI/MakeTailor/dotted1.png","rotation":11,"presetID":61,"pivotY":7,"pivotX":4,"name":"V","height":14},"compId":5161,"child":[{"type":"Script","props":{"y":-5,"x":-3,"width":13,"presetID":62,"isSensor":true,"height":24,"runtime":"Laya.BoxCollider"},"compId":5162},{"type":"Script","props":{"type":"static","presetID":63,"gravityScale":0,"runtime":"Laya.RigidBody"},"compId":5163}]},{"type":"Image","props":{"y":142,"x":42,"width":7,"skin":"Game/UI/MakeTailor/dotted1.png","rotation":18,"presetID":64,"pivotY":7,"pivotX":4,"name":"V","height":14},"compId":5164,"child":[{"type":"Script","props":{"y":-5,"x":-3,"width":13,"presetID":65,"isSensor":true,"height":24,"runtime":"Laya.BoxCollider"},"compId":5165},{"type":"Script","props":{"type":"static","presetID":66,"gravityScale":0,"runtime":"Laya.RigidBody"},"compId":5166}]},{"type":"Image","props":{"y":161,"x":36,"width":7,"skin":"Game/UI/MakeTailor/dotted1.png","rotation":20,"presetID":67,"pivotY":7,"pivotX":4,"name":"V","height":14},"compId":5167,"child":[{"type":"Script","props":{"y":-5,"x":-3,"width":13,"presetID":68,"isSensor":true,"height":24,"runtime":"Laya.BoxCollider"},"compId":5168},{"type":"Script","props":{"type":"static","presetID":69,"gravityScale":0,"runtime":"Laya.RigidBody"},"compId":5169}]},{"type":"Image","props":{"y":180,"x":28,"width":7,"skin":"Game/UI/MakeTailor/dotted1.png","rotation":25,"presetID":70,"pivotY":7,"pivotX":4,"name":"V","height":14},"compId":5170,"child":[{"type":"Script","props":{"y":-5,"x":-3,"width":13,"presetID":71,"isSensor":true,"height":24,"runtime":"Laya.BoxCollider"},"compId":5171},{"type":"Script","props":{"type":"static","presetID":72,"gravityScale":0,"runtime":"Laya.RigidBody"},"compId":5172}]},{"type":"Image","props":{"y":198,"x":19,"width":7,"skin":"Game/UI/MakeTailor/dotted1.png","rotation":28,"presetID":73,"pivotY":7,"pivotX":4,"name":"V","height":14},"compId":5173,"child":[{"type":"Script","props":{"y":-5,"x":-3,"width":13,"presetID":74,"isSensor":true,"height":24,"runtime":"Laya.BoxCollider"},"compId":5174},{"type":"Script","props":{"type":"static","presetID":75,"gravityScale":0,"runtime":"Laya.RigidBody"},"compId":5175}]},{"type":"Image","props":{"y":215,"x":9,"width":7,"skin":"Game/UI/MakeTailor/dotted1.png","rotation":32,"presetID":76,"pivotY":7,"pivotX":4,"name":"V","height":14},"compId":5176,"child":[{"type":"Script","props":{"y":-5,"x":-3,"width":13,"presetID":77,"isSensor":true,"height":24,"runtime":"Laya.BoxCollider"},"compId":5177},{"type":"Script","props":{"type":"static","presetID":78,"gravityScale":0,"runtime":"Laya.RigidBody"},"compId":5178}]}]},{"type":"Sprite","props":{"y":155,"x":344,"texture":"Game/UI/MakeTailor/diy_dress_002_final/x3.png","presetID":79,"name":"Line03"},"compId":2653,"child":[{"type":"Image","props":{"y":19,"x":24,"width":7,"skin":"Game/UI/MakeTailor/dotted1.png","rotation":12,"presetID":80,"pivotY":7,"pivotX":4,"name":"V","height":14},"compId":2744,"child":[{"type":"Script","props":{"y":-4,"x":-3,"width":13,"presetID":81,"isSensor":true,"height":24,"runtime":"Laya.BoxCollider"},"compId":2745},{"type":"Script","props":{"y":1,"x":0,"type":"static","presetID":82,"gravityScale":0,"runtime":"Laya.RigidBody"},"compId":2746}]},{"type":"Image","props":{"y":39,"x":20,"width":7,"skin":"Game/UI/MakeTailor/dotted1.png","rotation":11,"presetID":83,"pivotY":7,"pivotX":4,"name":"V","height":14},"compId":5179,"child":[{"type":"Script","props":{"y":-4,"x":-3,"width":13,"presetID":84,"isSensor":true,"height":24,"runtime":"Laya.BoxCollider"},"compId":5180},{"type":"Script","props":{"y":1,"x":0,"type":"static","presetID":85,"gravityScale":0,"runtime":"Laya.RigidBody"},"compId":5181}]},{"type":"Image","props":{"y":58,"x":16,"width":7,"skin":"Game/UI/MakeTailor/dotted1.png","rotation":11,"presetID":86,"pivotY":7,"pivotX":4,"name":"V","height":14},"compId":5182,"child":[{"type":"Script","props":{"y":-4,"x":-3,"width":13,"presetID":87,"isSensor":true,"height":24,"runtime":"Laya.BoxCollider"},"compId":5183},{"type":"Script","props":{"y":1,"x":0,"type":"static","presetID":88,"gravityScale":0,"runtime":"Laya.RigidBody"},"compId":5184}]},{"type":"Image","props":{"y":78,"x":12,"width":7,"skin":"Game/UI/MakeTailor/dotted1.png","rotation":11,"presetID":89,"pivotY":7,"pivotX":4,"name":"V","height":14},"compId":5185,"child":[{"type":"Script","props":{"y":-4,"x":-3,"width":13,"presetID":90,"isSensor":true,"height":24,"runtime":"Laya.BoxCollider"},"compId":5186},{"type":"Script","props":{"y":1,"x":0,"type":"static","presetID":91,"gravityScale":0,"runtime":"Laya.RigidBody"},"compId":5187}]},{"type":"Image","props":{"y":98,"x":8,"width":7,"skin":"Game/UI/MakeTailor/dotted1.png","rotation":11,"presetID":92,"pivotY":7,"pivotX":4,"name":"V","height":14},"compId":5188,"child":[{"type":"Script","props":{"y":-4,"x":-3,"width":13,"presetID":93,"isSensor":true,"height":24,"runtime":"Laya.BoxCollider"},"compId":5189},{"type":"Script","props":{"y":1,"x":0,"type":"static","presetID":94,"gravityScale":0,"runtime":"Laya.RigidBody"},"compId":5190}]},{"type":"Image","props":{"y":118,"x":4,"width":7,"skin":"Game/UI/MakeTailor/dotted1.png","rotation":11,"presetID":95,"pivotY":7,"pivotX":4,"name":"V","height":14},"compId":5191,"child":[{"type":"Script","props":{"y":-4,"x":-3,"width":13,"presetID":96,"isSensor":true,"height":24,"runtime":"Laya.BoxCollider"},"compId":5192},{"type":"Script","props":{"y":1,"x":0,"type":"static","presetID":97,"gravityScale":0,"runtime":"Laya.RigidBody"},"compId":5193}]},{"type":"Image","props":{"y":137,"x":3,"width":7,"skin":"Game/UI/MakeTailor/dotted1.png","rotation":-5,"presetID":98,"pivotY":7,"pivotX":4,"name":"V","height":14},"compId":5200,"child":[{"type":"Script","props":{"y":-4,"x":-3,"width":13,"presetID":99,"isSensor":true,"height":24,"runtime":"Laya.BoxCollider"},"compId":5201},{"type":"Script","props":{"y":1,"x":0,"type":"static","presetID":100,"gravityScale":0,"runtime":"Laya.RigidBody"},"compId":5202}]},{"type":"Image","props":{"y":156,"x":7,"width":7,"skin":"Game/UI/MakeTailor/dotted1.png","rotation":-16,"presetID":101,"pivotY":7,"pivotX":4,"name":"V","height":14},"compId":5203,"child":[{"type":"Script","props":{"y":-4,"x":-3,"width":13,"presetID":102,"isSensor":true,"height":24,"runtime":"Laya.BoxCollider"},"compId":5204},{"type":"Script","props":{"y":1,"x":0,"type":"static","presetID":103,"gravityScale":0,"runtime":"Laya.RigidBody"},"compId":5205}]},{"type":"Image","props":{"y":175,"x":13,"width":7,"skin":"Game/UI/MakeTailor/dotted1.png","rotation":-16,"presetID":104,"pivotY":7,"pivotX":4,"name":"V","height":14},"compId":5206,"child":[{"type":"Script","props":{"y":-4,"x":-3,"width":13,"presetID":105,"isSensor":true,"height":24,"runtime":"Laya.BoxCollider"},"compId":5207},{"type":"Script","props":{"y":1,"x":0,"type":"static","presetID":106,"gravityScale":0,"runtime":"Laya.RigidBody"},"compId":5208}]},{"type":"Image","props":{"y":194,"x":21,"width":7,"skin":"Game/UI/MakeTailor/dotted1.png","rotation":-24,"presetID":107,"pivotY":7,"pivotX":4,"name":"V","height":14},"compId":5209,"child":[{"type":"Script","props":{"y":-4,"x":-3,"width":13,"presetID":108,"isSensor":true,"height":24,"runtime":"Laya.BoxCollider"},"compId":5210},{"type":"Script","props":{"y":1,"x":0,"type":"static","presetID":109,"gravityScale":0,"runtime":"Laya.RigidBody"},"compId":5211}]},{"type":"Image","props":{"y":212,"x":30,"width":7,"skin":"Game/UI/MakeTailor/dotted1.png","rotation":-27,"presetID":110,"pivotY":7,"pivotX":4,"name":"V","height":14},"compId":5212,"child":[{"type":"Script","props":{"y":-4,"x":-3,"width":13,"presetID":111,"isSensor":true,"height":24,"runtime":"Laya.BoxCollider"},"compId":5213},{"type":"Script","props":{"y":1,"x":0,"type":"static","presetID":112,"gravityScale":0,"runtime":"Laya.RigidBody"},"compId":5214}]},{"type":"Image","props":{"y":230,"x":40,"width":7,"skin":"Game/UI/MakeTailor/dotted1.png","rotation":-27,"presetID":113,"pivotY":7,"pivotX":4,"name":"V","height":14},"compId":5215,"child":[{"type":"Script","props":{"y":-4,"x":-3,"width":13,"presetID":114,"isSensor":true,"height":24,"runtime":"Laya.BoxCollider"},"compId":5216},{"type":"Script","props":{"y":1,"x":0,"type":"static","presetID":115,"gravityScale":0,"runtime":"Laya.RigidBody"},"compId":5217}]},{"type":"Image","props":{"y":249,"x":50,"width":7,"skin":"Game/UI/MakeTailor/dotted1.png","rotation":-27,"presetID":116,"pivotY":7,"pivotX":4,"name":"V","height":14},"compId":5218,"child":[{"type":"Script","props":{"y":-4,"x":-3,"width":13,"presetID":117,"isSensor":true,"height":24,"runtime":"Laya.BoxCollider"},"compId":5219},{"type":"Script","props":{"y":1,"x":0,"type":"static","presetID":118,"gravityScale":0,"runtime":"Laya.RigidBody"},"compId":5220}]}]},{"type":"Sprite","props":{"y":569,"x":87,"texture":"Game/UI/MakeTailor/diy_dress_002_final/x1.png","presetID":119,"name":"Line04"},"compId":2754,"child":[{"type":"Image","props":{"y":3,"x":8,"width":7,"skin":"Game/UI/MakeTailor/dotted1.png","rotation":90,"presetID":120,"pivotY":7,"pivotX":4,"name":"A","height":14},"compId":2844,"child":[{"type":"Script","props":{"y":-4,"x":-3,"width":13,"presetID":121,"isSensor":true,"height":24,"runtime":"Laya.BoxCollider"},"compId":2845},{"type":"Script","props":{"y":1,"x":0,"type":"static","presetID":122,"gravityScale":0,"runtime":"Laya.RigidBody"},"compId":2846}]},{"type":"Image","props":{"y":3,"x":29,"width":7,"skin":"Game/UI/MakeTailor/dotted1.png","rotation":90,"presetID":123,"pivotY":7,"pivotX":4,"name":"A","height":14},"compId":5221,"child":[{"type":"Script","props":{"y":-4,"x":-3,"width":13,"presetID":124,"isSensor":true,"height":24,"runtime":"Laya.BoxCollider"},"compId":5222},{"type":"Script","props":{"y":1,"x":0,"type":"static","presetID":125,"gravityScale":0,"runtime":"Laya.RigidBody"},"compId":5223}]},{"type":"Image","props":{"y":3,"x":50,"width":7,"skin":"Game/UI/MakeTailor/dotted1.png","rotation":90,"presetID":126,"pivotY":7,"pivotX":4,"name":"A","height":14},"compId":5224,"child":[{"type":"Script","props":{"y":-4,"x":-3,"width":13,"presetID":127,"isSensor":true,"height":24,"runtime":"Laya.BoxCollider"},"compId":5225},{"type":"Script","props":{"y":1,"x":0,"type":"static","presetID":128,"gravityScale":0,"runtime":"Laya.RigidBody"},"compId":5226}]},{"type":"Image","props":{"y":3,"x":71,"width":7,"skin":"Game/UI/MakeTailor/dotted1.png","rotation":90,"presetID":129,"pivotY":7,"pivotX":4,"name":"A","height":14},"compId":5227,"child":[{"type":"Script","props":{"y":-4,"x":-3,"width":13,"presetID":130,"isSensor":true,"height":24,"runtime":"Laya.BoxCollider"},"compId":5228},{"type":"Script","props":{"y":1,"x":0,"type":"static","presetID":131,"gravityScale":0,"runtime":"Laya.RigidBody"},"compId":5229}]},{"type":"Image","props":{"y":3,"x":92,"width":7,"skin":"Game/UI/MakeTailor/dotted1.png","rotation":90,"presetID":132,"pivotY":7,"pivotX":4,"name":"A","height":14},"compId":5230,"child":[{"type":"Script","props":{"y":-4,"x":-3,"width":13,"presetID":133,"isSensor":true,"height":24,"runtime":"Laya.BoxCollider"},"compId":5231},{"type":"Script","props":{"y":1,"x":0,"type":"static","presetID":134,"gravityScale":0,"runtime":"Laya.RigidBody"},"compId":5232}]},{"type":"Image","props":{"y":3,"x":113,"width":7,"skin":"Game/UI/MakeTailor/dotted1.png","rotation":90,"presetID":135,"pivotY":7,"pivotX":4,"name":"A","height":14},"compId":5233,"child":[{"type":"Script","props":{"y":-4,"x":-3,"width":13,"presetID":136,"isSensor":true,"height":24,"runtime":"Laya.BoxCollider"},"compId":5234},{"type":"Script","props":{"y":1,"x":0,"type":"static","presetID":137,"gravityScale":0,"runtime":"Laya.RigidBody"},"compId":5235}]},{"type":"Image","props":{"y":3,"x":134,"width":7,"skin":"Game/UI/MakeTailor/dotted1.png","rotation":90,"presetID":138,"pivotY":7,"pivotX":4,"name":"A","height":14},"compId":5236,"child":[{"type":"Script","props":{"y":-4,"x":-3,"width":13,"presetID":139,"isSensor":true,"height":24,"runtime":"Laya.BoxCollider"},"compId":5237},{"type":"Script","props":{"y":1,"x":0,"type":"static","presetID":140,"gravityScale":0,"runtime":"Laya.RigidBody"},"compId":5238}]},{"type":"Image","props":{"y":3,"x":155,"width":7,"skin":"Game/UI/MakeTailor/dotted1.png","rotation":90,"presetID":141,"pivotY":7,"pivotX":4,"name":"A","height":14},"compId":5239,"child":[{"type":"Script","props":{"y":-4,"x":-3,"width":13,"presetID":142,"isSensor":true,"height":24,"runtime":"Laya.BoxCollider"},"compId":5240},{"type":"Script","props":{"y":1,"x":0,"type":"static","presetID":143,"gravityScale":0,"runtime":"Laya.RigidBody"},"compId":5241}]},{"type":"Image","props":{"y":3,"x":176,"width":7,"skin":"Game/UI/MakeTailor/dotted1.png","rotation":90,"presetID":144,"pivotY":7,"pivotX":4,"name":"A","height":14},"compId":5242,"child":[{"type":"Script","props":{"y":-4,"x":-3,"width":13,"presetID":145,"isSensor":true,"height":24,"runtime":"Laya.BoxCollider"},"compId":5243},{"type":"Script","props":{"y":1,"x":0,"type":"static","presetID":146,"gravityScale":0,"runtime":"Laya.RigidBody"},"compId":5244}]},{"type":"Image","props":{"y":3,"x":197,"width":7,"skin":"Game/UI/MakeTailor/dotted1.png","rotation":90,"presetID":147,"pivotY":7,"pivotX":4,"name":"A","height":14},"compId":5245,"child":[{"type":"Script","props":{"y":-4,"x":-3,"width":13,"presetID":148,"isSensor":true,"height":24,"runtime":"Laya.BoxCollider"},"compId":5246},{"type":"Script","props":{"y":1,"x":0,"type":"static","presetID":149,"gravityScale":0,"runtime":"Laya.RigidBody"},"compId":5247}]},{"type":"Image","props":{"y":3,"x":218,"width":7,"skin":"Game/UI/MakeTailor/dotted1.png","rotation":90,"presetID":150,"pivotY":7,"pivotX":4,"name":"A","height":14},"compId":5248,"child":[{"type":"Script","props":{"y":-4,"x":-3,"width":13,"presetID":151,"isSensor":true,"height":24,"runtime":"Laya.BoxCollider"},"compId":5249},{"type":"Script","props":{"y":1,"x":0,"type":"static","presetID":152,"gravityScale":0,"runtime":"Laya.RigidBody"},"compId":5250}]},{"type":"Image","props":{"y":3,"x":239,"width":7,"skin":"Game/UI/MakeTailor/dotted1.png","rotation":90,"presetID":153,"pivotY":7,"pivotX":4,"name":"A","height":14},"compId":5251,"child":[{"type":"Script","props":{"y":-4,"x":-3,"width":13,"presetID":154,"isSensor":true,"height":24,"runtime":"Laya.BoxCollider"},"compId":5252},{"type":"Script","props":{"y":1,"x":0,"type":"static","presetID":155,"gravityScale":0,"runtime":"Laya.RigidBody"},"compId":5253}]},{"type":"Image","props":{"y":3,"x":260,"width":7,"skin":"Game/UI/MakeTailor/dotted1.png","rotation":90,"presetID":156,"pivotY":7,"pivotX":4,"name":"A","height":14},"compId":5254,"child":[{"type":"Script","props":{"y":-4,"x":-3,"width":13,"presetID":157,"isSensor":true,"height":24,"runtime":"Laya.BoxCollider"},"compId":5255},{"type":"Script","props":{"y":1,"x":0,"type":"static","presetID":158,"gravityScale":0,"runtime":"Laya.RigidBody"},"compId":5256}]},{"type":"Image","props":{"y":3,"x":281,"width":7,"skin":"Game/UI/MakeTailor/dotted1.png","rotation":90,"presetID":159,"pivotY":7,"pivotX":4,"name":"A","height":14},"compId":5257,"child":[{"type":"Script","props":{"y":-4,"x":-3,"width":13,"presetID":160,"isSensor":true,"height":24,"runtime":"Laya.BoxCollider"},"compId":5258},{"type":"Script","props":{"y":1,"x":0,"type":"static","presetID":161,"gravityScale":0,"runtime":"Laya.RigidBody"},"compId":5259}]},{"type":"Image","props":{"y":3,"x":302,"width":7,"skin":"Game/UI/MakeTailor/dotted1.png","rotation":90,"presetID":162,"pivotY":7,"pivotX":4,"name":"A","height":14},"compId":5260,"child":[{"type":"Script","props":{"y":-4,"x":-3,"width":13,"presetID":163,"isSensor":true,"height":24,"runtime":"Laya.BoxCollider"},"compId":5261},{"type":"Script","props":{"y":1,"x":0,"type":"static","presetID":164,"gravityScale":0,"runtime":"Laya.RigidBody"},"compId":5262}]},{"type":"Image","props":{"y":3,"x":323,"width":7,"skin":"Game/UI/MakeTailor/dotted1.png","rotation":90,"presetID":165,"pivotY":7,"pivotX":4,"name":"A","height":14},"compId":5263,"child":[{"type":"Script","props":{"y":-4,"x":-3,"width":13,"presetID":166,"isSensor":true,"height":24,"runtime":"Laya.BoxCollider"},"compId":5264},{"type":"Script","props":{"y":1,"x":0,"type":"static","presetID":167,"gravityScale":0,"runtime":"Laya.RigidBody"},"compId":5265}]},{"type":"Image","props":{"y":3,"x":337,"width":7,"skin":"Game/UI/MakeTailor/dotted1.png","rotation":90,"presetID":168,"pivotY":7,"pivotX":4,"name":"A","height":10},"compId":5266,"child":[{"type":"Script","props":{"y":-4,"x":-3,"width":13,"presetID":169,"isSensor":true,"height":20,"runtime":"Laya.BoxCollider"},"compId":5267},{"type":"Script","props":{"y":1,"x":0,"type":"static","presetID":170,"gravityScale":0,"runtime":"Laya.RigidBody"},"compId":5268}]}]}]}],"loadList":["Game/UI/MakeTailor/diy_dress_002_final/s2.png","Game/UI/MakeTailor/diy_dress_002_final/s3.png","Game/UI/MakeTailor/diy_dress_002_final/s1.png","Game/UI/MakeTailor/diy_dress_002_final/s4.png","Game/UI/MakeTailor/diy_dress_002_final/q1.png","Game/UI/MakeTailor/diy_dress_002_final/x4.png","Game/UI/MakeTailor/dotted1.png","Game/UI/MakeTailor/diy_dress_002_final/x2.png","Game/UI/MakeTailor/diy_dress_002_final/x3.png","Game/UI/MakeTailor/diy_dress_002_final/x1.png"],"loadList3D":[]}