{"type":"Box","props":{"y":0,"x":0,"width":720,"presetID":1,"isPresetRoot":true,"height":720,"centerY":0,"centerX":0},"compId":2039,"child":[{"type":"Sprite","props":{"y":0,"x":-272,"texture":"Game/UI/MakeTailor/diy_dress_001_final/1.png","presetID":2,"name":"Ultimately"},"compId":2040},{"type":"Image","props":{"y":33,"x":313,"width":117,"skin":"Game/UI/MakeTailor/diy_dress_001_final/s1.png","presetID":3,"name":"Cloth01_U","height":22},"compId":2041},{"type":"Image","props":{"y":222,"x":283,"width":176,"skin":"Game/UI/MakeTailor/diy_dress_001_final/s2.png","presetID":4,"name":"Cloth02_R","height":77},"compId":2042},{"type":"Image","props":{"y":531,"x":193,"width":357,"skin":"Game/UI/MakeTailor/diy_dress_001_final/s3.png","presetID":5,"name":"Cloth03_D","height":168},"compId":2043},{"type":"Image","props":{"y":-2,"x":0,"width":512,"presetID":6,"name":"LineParent","height":725,"centerX":0},"compId":2044,"child":[{"type":"Sprite","props":{"y":35,"x":204,"texture":"Game/UI/MakeTailor/diy_dress_001_final/x1.png","presetID":7,"name":"Line01"},"compId":2045,"child":[{"type":"Image","props":{"y":11,"x":8,"width":7,"skin":"Game/UI/MakeTailor/dotted1.png","rotation":147,"presetID":8,"pivotY":7,"pivotX":4,"name":"A","height":14},"compId":2046,"child":[{"type":"Script","props":{"y":-5,"x":-3,"width":13,"presetID":9,"isSensor":true,"height":24,"runtime":"Laya.BoxCollider"},"compId":2047},{"type":"Script","props":{"type":"static","presetID":10,"gravityScale":0,"runtime":"Laya.RigidBody"},"compId":2048}]},{"type":"Image","props":{"y":21,"x":23,"width":7,"skin":"Game/UI/MakeTailor/dotted1.png","rotation":113,"presetID":11,"pivotY":7,"pivotX":4,"name":"A","height":14},"compId":2049,"child":[{"type":"Script","props":{"y":-5,"x":-3,"width":13,"presetID":12,"isSensor":true,"height":24,"runtime":"Laya.BoxCollider"},"compId":2050},{"type":"Script","props":{"type":"static","presetID":13,"gravityScale":0,"runtime":"Laya.RigidBody"},"compId":2051}]},{"type":"Image","props":{"y":25,"x":44,"width":7,"skin":"Game/UI/MakeTailor/dotted1.png","rotation":94,"presetID":14,"pivotY":7,"pivotX":4,"name":"A","height":14},"compId":2052,"child":[{"type":"Script","props":{"y":-5,"x":-3,"width":13,"presetID":15,"isSensor":true,"height":24,"runtime":"Laya.BoxCollider"},"compId":2053},{"type":"Script","props":{"type":"static","presetID":16,"gravityScale":0,"runtime":"Laya.RigidBody"},"compId":2054}]},{"type":"Image","props":{"y":25,"x":65,"width":7,"skin":"Game/UI/MakeTailor/dotted1.png","rotation":89,"presetID":17,"pivotY":7,"pivotX":4,"name":"A","height":14},"compId":2055,"child":[{"type":"Script","props":{"y":-5,"x":-3,"width":13,"presetID":18,"isSensor":true,"height":24,"runtime":"Laya.BoxCollider"},"compId":2056},{"type":"Script","props":{"type":"static","presetID":19,"gravityScale":0,"runtime":"Laya.RigidBody"},"compId":2057}]},{"type":"Image","props":{"y":24,"x":86,"width":7,"skin":"Game/UI/MakeTailor/dotted1.png","rotation":84,"presetID":20,"pivotY":7,"pivotX":4,"name":"A","height":14},"compId":2058,"child":[{"type":"Script","props":{"y":-5,"x":-3,"width":13,"presetID":21,"isSensor":true,"height":24,"runtime":"Laya.BoxCollider"},"compId":2059},{"type":"Script","props":{"type":"static","presetID":22,"gravityScale":0,"runtime":"Laya.RigidBody"},"compId":2060}]},{"type":"Image","props":{"y":19,"x":105,"width":7,"skin":"Game/UI/MakeTailor/dotted1.png","rotation":72,"presetID":23,"pivotY":7,"pivotX":4,"name":"A","height":14},"compId":2061,"child":[{"type":"Script","props":{"y":-5,"x":-3,"width":13,"presetID":24,"isSensor":true,"height":24,"runtime":"Laya.BoxCollider"},"compId":2062},{"type":"Script","props":{"type":"static","presetID":25,"gravityScale":0,"runtime":"Laya.RigidBody"},"compId":2063}]},{"type":"Image","props":{"y":8,"x":120,"width":7,"skin":"Game/UI/MakeTailor/dotted1.png","rotation":45,"presetID":26,"pivotY":7,"pivotX":4,"name":"A","height":14},"compId":2064,"child":[{"type":"Script","props":{"y":-5,"x":-3,"width":13,"presetID":27,"isSensor":true,"height":24,"runtime":"Laya.BoxCollider"},"compId":2065},{"type":"Script","props":{"type":"static","presetID":28,"gravityScale":0,"runtime":"Laya.RigidBody"},"compId":2066}]}]},{"type":"Sprite","props":{"y":224,"x":177,"width":178,"texture":"Game/UI/MakeTailor/diy_dress_001_final/x2.png","presetID":29,"name":"Line02","height":94},"compId":2067,"child":[{"type":"Image","props":{"y":3,"x":19,"width":7,"skin":"Game/UI/MakeTailor/dotted1.png","rotation":90,"presetID":30,"pivotY":7,"pivotX":4,"name":"A","height":14},"compId":2068,"child":[{"type":"Script","props":{"y":-5,"x":-3,"width":13,"presetID":31,"isSensor":true,"height":24,"runtime":"Laya.BoxCollider"},"compId":2069},{"type":"Script","props":{"type":"static","presetID":32,"gravityScale":0,"runtime":"Laya.RigidBody"},"compId":2070}]},{"type":"Image","props":{"y":3,"x":39,"width":7,"skin":"Game/UI/MakeTailor/dotted1.png","rotation":90,"presetID":33,"pivotY":7,"pivotX":4,"name":"A","height":14},"compId":2071,"child":[{"type":"Script","props":{"y":-5,"x":-3,"width":13,"presetID":34,"isSensor":true,"height":24,"runtime":"Laya.BoxCollider"},"compId":2072},{"type":"Script","props":{"type":"static","presetID":35,"gravityScale":0,"runtime":"Laya.RigidBody"},"compId":2073}]},{"type":"Image","props":{"y":3,"x":59,"width":7,"skin":"Game/UI/MakeTailor/dotted1.png","rotation":90,"presetID":36,"pivotY":7,"pivotX":4,"name":"A","height":14},"compId":2074,"child":[{"type":"Script","props":{"y":-5,"x":-3,"width":13,"presetID":37,"isSensor":true,"height":24,"runtime":"Laya.BoxCollider"},"compId":2075},{"type":"Script","props":{"type":"static","presetID":38,"gravityScale":0,"runtime":"Laya.RigidBody"},"compId":2076}]},{"type":"Image","props":{"y":3,"x":79,"width":7,"skin":"Game/UI/MakeTailor/dotted1.png","rotation":90,"presetID":39,"pivotY":7,"pivotX":4,"name":"A","height":14},"compId":2077,"child":[{"type":"Script","props":{"y":-5,"x":-3,"width":13,"presetID":40,"isSensor":true,"height":24,"runtime":"Laya.BoxCollider"},"compId":2078},{"type":"Script","props":{"type":"static","presetID":41,"gravityScale":0,"runtime":"Laya.RigidBody"},"compId":2079}]},{"type":"Image","props":{"y":3,"x":99,"width":7,"skin":"Game/UI/MakeTailor/dotted1.png","rotation":90,"presetID":42,"pivotY":7,"pivotX":4,"name":"A","height":14},"compId":2080,"child":[{"type":"Script","props":{"y":-5,"x":-3,"width":13,"presetID":43,"isSensor":true,"height":24,"runtime":"Laya.BoxCollider"},"compId":2081},{"type":"Script","props":{"type":"static","presetID":44,"gravityScale":0,"runtime":"Laya.RigidBody"},"compId":2082}]},{"type":"Image","props":{"y":3,"x":120,"width":7,"skin":"Game/UI/MakeTailor/dotted1.png","rotation":90,"presetID":45,"pivotY":7,"pivotX":4,"name":"A","height":14},"compId":2083,"child":[{"type":"Script","props":{"y":-5,"x":-3,"width":13,"presetID":46,"isSensor":true,"height":24,"runtime":"Laya.BoxCollider"},"compId":2084},{"type":"Script","props":{"type":"static","presetID":47,"gravityScale":0,"runtime":"Laya.RigidBody"},"compId":2085}]},{"type":"Image","props":{"y":3,"x":140,"width":7,"skin":"Game/UI/MakeTailor/dotted1.png","rotation":90,"presetID":48,"pivotY":7,"pivotX":4,"name":"A","height":14},"compId":2086,"child":[{"type":"Script","props":{"y":-5,"x":-3,"width":13,"presetID":49,"isSensor":true,"height":24,"runtime":"Laya.BoxCollider"},"compId":2087},{"type":"Script","props":{"type":"static","presetID":50,"gravityScale":0,"runtime":"Laya.RigidBody"},"compId":2088}]},{"type":"Image","props":{"y":3,"x":161,"width":7,"skin":"Game/UI/MakeTailor/dotted1.png","rotation":90,"presetID":51,"pivotY":7,"pivotX":4,"name":"A","height":14},"compId":2089,"child":[{"type":"Script","props":{"y":-5,"x":-3,"width":13,"presetID":52,"isSensor":true,"height":24,"runtime":"Laya.BoxCollider"},"compId":2090},{"type":"Script","props":{"type":"static","presetID":53,"gravityScale":0,"runtime":"Laya.RigidBody"},"compId":2091}]},{"type":"Image","props":{"y":65,"x":10,"width":7,"skin":"Game/UI/MakeTailor/dotted1.png","rotation":103,"presetID":54,"pivotY":7,"pivotX":4,"name":"A","height":14},"compId":2092,"child":[{"type":"Script","props":{"y":-5,"x":-3,"width":13,"presetID":55,"isSensor":true,"height":24,"runtime":"Laya.BoxCollider"},"compId":2093},{"type":"Script","props":{"type":"static","presetID":56,"gravityScale":0,"runtime":"Laya.RigidBody"},"compId":2094}]},{"type":"Image","props":{"y":70,"x":30,"width":7,"skin":"Game/UI/MakeTailor/dotted1.png","rotation":102,"presetID":57,"pivotY":7,"pivotX":4,"name":"A","height":14},"compId":2095,"child":[{"type":"Script","props":{"y":-5,"x":-3,"width":13,"presetID":58,"isSensor":true,"height":24,"runtime":"Laya.BoxCollider"},"compId":2096},{"type":"Script","props":{"type":"static","presetID":59,"gravityScale":0,"runtime":"Laya.RigidBody"},"compId":2097}]},{"type":"Image","props":{"y":73,"x":52,"width":7,"skin":"Game/UI/MakeTailor/dotted1.png","rotation":98,"presetID":60,"pivotY":7,"pivotX":4,"name":"A","height":14},"compId":2098,"child":[{"type":"Script","props":{"y":-5,"x":-3,"width":13,"presetID":61,"isSensor":true,"height":24,"runtime":"Laya.BoxCollider"},"compId":2099},{"type":"Script","props":{"type":"static","presetID":62,"gravityScale":0,"runtime":"Laya.RigidBody"},"compId":2100}]},{"type":"Image","props":{"y":75,"x":73,"width":7,"skin":"Game/UI/MakeTailor/dotted1.png","rotation":94,"presetID":63,"pivotY":7,"pivotX":4,"name":"A","height":14},"compId":2101,"child":[{"type":"Script","props":{"y":-5,"x":-3,"width":13,"presetID":64,"isSensor":true,"height":24,"runtime":"Laya.BoxCollider"},"compId":2102},{"type":"Script","props":{"type":"static","presetID":65,"gravityScale":0,"runtime":"Laya.RigidBody"},"compId":2103}]},{"type":"Image","props":{"y":76,"x":93,"width":7,"skin":"Game/UI/MakeTailor/dotted1.png","rotation":90,"presetID":66,"pivotY":7,"pivotX":4,"name":"A","height":14},"compId":2104,"child":[{"type":"Script","props":{"y":-5,"x":-3,"width":13,"presetID":67,"isSensor":true,"height":24,"runtime":"Laya.BoxCollider"},"compId":2105},{"type":"Script","props":{"type":"static","presetID":68,"gravityScale":0,"runtime":"Laya.RigidBody"},"compId":2106}]},{"type":"Image","props":{"y":75,"x":114,"width":7,"skin":"Game/UI/MakeTailor/dotted1.png","rotation":85,"presetID":69,"pivotY":7,"pivotX":4,"name":"A","height":14},"compId":2107,"child":[{"type":"Script","props":{"y":-5,"x":-3,"width":13,"presetID":70,"isSensor":true,"height":24,"runtime":"Laya.BoxCollider"},"compId":2108},{"type":"Script","props":{"type":"static","presetID":71,"gravityScale":0,"runtime":"Laya.RigidBody"},"compId":2109}]},{"type":"Image","props":{"y":73,"x":135,"width":7,"skin":"Game/UI/MakeTailor/dotted1.png","rotation":84,"presetID":72,"pivotY":7,"pivotX":4,"name":"A","height":14},"compId":2110,"child":[{"type":"Script","props":{"y":-5,"x":-3,"width":13,"presetID":73,"isSensor":true,"height":24,"runtime":"Laya.BoxCollider"},"compId":2111},{"type":"Script","props":{"type":"static","presetID":74,"gravityScale":0,"runtime":"Laya.RigidBody"},"compId":2112}]},{"type":"Image","props":{"y":70,"x":155,"width":7,"skin":"Game/UI/MakeTailor/dotted1.png","rotation":77,"presetID":75,"pivotY":7,"pivotX":4,"name":"A","height":14},"compId":2113,"child":[{"type":"Script","props":{"y":-5,"x":-3,"width":13,"presetID":76,"isSensor":true,"height":24,"runtime":"Laya.BoxCollider"},"compId":2114},{"type":"Script","props":{"type":"static","presetID":77,"gravityScale":0,"runtime":"Laya.RigidBody"},"compId":2115}]},{"type":"Image","props":{"y":66,"x":172,"width":7,"skin":"Game/UI/MakeTailor/dotted1.png","rotation":77,"presetID":78,"pivotY":7,"pivotX":4,"name":"A","height":14},"compId":2116,"child":[{"type":"Script","props":{"y":-5,"x":-3,"width":13,"presetID":79,"isSensor":true,"height":24,"runtime":"Laya.BoxCollider"},"compId":2117},{"type":"Script","props":{"type":"static","presetID":80,"gravityScale":0,"runtime":"Laya.RigidBody"},"compId":2118}]}]},{"type":"Sprite","props":{"y":518,"x":123.5,"texture":"Game/UI/MakeTailor/diy_dress_001_final/x3.png","presetID":81,"name":"Line03"},"compId":2119,"child":[{"type":"Image","props":{"y":115,"x":8,"width":7,"skin":"Game/UI/MakeTailor/dotted1.png","rotation":94,"presetID":82,"pivotY":7,"pivotX":4,"name":"A","height":14},"compId":2120,"child":[{"type":"Script","props":{"y":-5,"x":-3,"width":13,"presetID":83,"isSensor":true,"height":24,"runtime":"Laya.BoxCollider"},"compId":2121},{"type":"Script","props":{"type":"static","presetID":84,"gravityScale":0,"runtime":"Laya.RigidBody"},"compId":2122}]},{"type":"Image","props":{"y":116,"x":24,"width":7,"skin":"Game/UI/MakeTailor/dotted1.png","rotation":94,"presetID":85,"pivotY":7,"pivotX":4,"name":"A","height":10},"compId":2123,"child":[{"type":"Script","props":{"y":-5,"x":-3,"width":13,"presetID":86,"isSensor":true,"height":19,"runtime":"Laya.BoxCollider"},"compId":2124},{"type":"Script","props":{"type":"static","presetID":87,"gravityScale":0,"runtime":"Laya.RigidBody"},"compId":2125}]},{"type":"Image","props":{"y":101,"x":35,"width":7,"skin":"Game/UI/MakeTailor/dotted1.png","rotation":14,"presetID":88,"pivotY":7,"pivotX":4,"name":"V","height":14},"compId":2126,"child":[{"type":"Script","props":{"y":-5,"x":-3,"width":13,"presetID":89,"isSensor":true,"height":24,"runtime":"Laya.BoxCollider"},"compId":2127},{"type":"Script","props":{"type":"static","presetID":90,"gravityScale":0,"runtime":"Laya.RigidBody"},"compId":2128}]},{"type":"Image","props":{"y":82,"x":40,"width":7,"skin":"Game/UI/MakeTailor/dotted1.png","rotation":14,"presetID":91,"pivotY":7,"pivotX":4,"name":"V","height":14},"compId":2129,"child":[{"type":"Script","props":{"y":-5,"x":-3,"width":13,"presetID":92,"isSensor":true,"height":24,"runtime":"Laya.BoxCollider"},"compId":2130},{"type":"Script","props":{"type":"static","presetID":93,"gravityScale":0,"runtime":"Laya.RigidBody"},"compId":2131}]},{"type":"Image","props":{"y":63,"x":45,"width":7,"skin":"Game/UI/MakeTailor/dotted1.png","rotation":14,"presetID":94,"pivotY":7,"pivotX":4,"name":"V","height":14},"compId":2132,"child":[{"type":"Script","props":{"y":-5,"x":-3,"width":13,"presetID":95,"isSensor":true,"height":24,"runtime":"Laya.BoxCollider"},"compId":2133},{"type":"Script","props":{"type":"static","presetID":96,"gravityScale":0,"runtime":"Laya.RigidBody"},"compId":2134}]},{"type":"Image","props":{"y":44,"x":50,"width":7,"skin":"Game/UI/MakeTailor/dotted1.png","rotation":14,"presetID":97,"pivotY":7,"pivotX":4,"name":"V","height":14},"compId":2135,"child":[{"type":"Script","props":{"y":-5,"x":-3,"width":13,"presetID":98,"isSensor":true,"height":24,"runtime":"Laya.BoxCollider"},"compId":2136},{"type":"Script","props":{"type":"static","presetID":99,"gravityScale":0,"runtime":"Laya.RigidBody"},"compId":2137}]},{"type":"Image","props":{"y":54,"x":60,"width":7,"skin":"Game/UI/MakeTailor/dotted1.png","rotation":-2,"presetID":100,"pivotY":7,"pivotX":4,"name":"V","height":14},"compId":2138,"child":[{"type":"Script","props":{"y":-5,"x":-3,"width":13,"presetID":101,"isSensor":true,"height":24,"runtime":"Laya.BoxCollider"},"compId":2139},{"type":"Script","props":{"type":"static","presetID":102,"gravityScale":0,"runtime":"Laya.RigidBody"},"compId":2140}]},{"type":"Image","props":{"y":76,"x":61,"width":7,"skin":"Game/UI/MakeTailor/dotted1.png","rotation":-2,"presetID":103,"pivotY":7,"pivotX":4,"name":"V","height":14},"compId":2141,"child":[{"type":"Script","props":{"y":-5,"x":-3,"width":13,"presetID":104,"isSensor":true,"height":24,"runtime":"Laya.BoxCollider"},"compId":2142},{"type":"Script","props":{"type":"static","presetID":105,"gravityScale":0,"runtime":"Laya.RigidBody"},"compId":2143}]},{"type":"Image","props":{"y":96,"x":62,"width":7,"skin":"Game/UI/MakeTailor/dotted1.png","rotation":-2,"presetID":106,"pivotY":7,"pivotX":4,"name":"V","height":14},"compId":2144,"child":[{"type":"Script","props":{"y":-5,"x":-3,"width":13,"presetID":107,"isSensor":true,"height":24,"runtime":"Laya.BoxCollider"},"compId":2145},{"type":"Script","props":{"type":"static","presetID":108,"gravityScale":0,"runtime":"Laya.RigidBody"},"compId":2146}]},{"type":"Image","props":{"y":116,"x":63,"width":7,"skin":"Game/UI/MakeTailor/dotted1.png","rotation":-2,"presetID":109,"pivotY":7,"pivotX":4,"name":"V","height":14},"compId":2147,"child":[{"type":"Script","props":{"y":-5,"x":-3,"width":13,"presetID":110,"isSensor":true,"height":24,"runtime":"Laya.BoxCollider"},"compId":2148},{"type":"Script","props":{"type":"static","presetID":111,"gravityScale":0,"runtime":"Laya.RigidBody"},"compId":2149}]},{"type":"Image","props":{"y":9,"x":57,"width":7,"skin":"Game/UI/MakeTailor/dotted1.png","rotation":3,"presetID":112,"pivotY":7,"pivotX":4,"name":"V","height":14},"compId":2150,"child":[{"type":"Script","props":{"y":-5,"x":-3,"width":13,"presetID":113,"isSensor":true,"height":24,"runtime":"Laya.BoxCollider"},"compId":2151},{"type":"Script","props":{"type":"static","presetID":114,"gravityScale":0,"runtime":"Laya.RigidBody"},"compId":2152}]},{"type":"Image","props":{"y":30,"x":57,"width":7,"skin":"Game/UI/MakeTailor/dotted1.png","rotation":3,"presetID":115,"pivotY":7,"pivotX":4,"name":"V","height":14},"compId":2153,"child":[{"type":"Script","props":{"y":-5,"x":-3,"width":13,"presetID":116,"isSensor":true,"height":24,"runtime":"Laya.BoxCollider"},"compId":2154},{"type":"Script","props":{"type":"static","presetID":117,"gravityScale":0,"runtime":"Laya.RigidBody"},"compId":2155}]},{"type":"Image","props":{"y":123,"x":79,"width":7,"skin":"Game/UI/MakeTailor/dotted1.png","rotation":94,"presetID":118,"pivotY":7,"pivotX":4,"name":"A","height":14},"compId":2156,"child":[{"type":"Script","props":{"y":-5,"x":-3,"width":13,"presetID":119,"isSensor":true,"height":24,"runtime":"Laya.BoxCollider"},"compId":2157},{"type":"Script","props":{"type":"static","presetID":120,"gravityScale":0,"runtime":"Laya.RigidBody"},"compId":2158}]},{"type":"Image","props":{"y":125,"x":101,"width":7,"skin":"Game/UI/MakeTailor/dotted1.png","rotation":94,"presetID":121,"pivotY":7,"pivotX":4,"name":"A","height":14},"compId":2159,"child":[{"type":"Script","props":{"y":-5,"x":-3,"width":13,"presetID":122,"isSensor":true,"height":24,"runtime":"Laya.BoxCollider"},"compId":2160},{"type":"Script","props":{"type":"static","presetID":123,"gravityScale":0,"runtime":"Laya.RigidBody"},"compId":2161}]},{"type":"Image","props":{"y":126,"x":122,"width":7,"skin":"Game/UI/MakeTailor/dotted1.png","rotation":93,"presetID":124,"pivotY":7,"pivotX":4,"name":"A","height":14},"compId":2162,"child":[{"type":"Script","props":{"y":-5,"x":-3,"width":13,"presetID":125,"isSensor":true,"height":24,"runtime":"Laya.BoxCollider"},"compId":2163},{"type":"Script","props":{"type":"static","presetID":126,"gravityScale":0,"runtime":"Laya.RigidBody"},"compId":2164}]},{"type":"Image","props":{"y":127,"x":142,"width":7,"skin":"Game/UI/MakeTailor/dotted1.png","rotation":92,"presetID":127,"pivotY":7,"pivotX":4,"name":"A","height":14},"compId":2165,"child":[{"type":"Script","props":{"y":-5,"x":-3,"width":13,"presetID":128,"isSensor":true,"height":24,"runtime":"Laya.BoxCollider"},"compId":2166},{"type":"Script","props":{"type":"static","presetID":129,"gravityScale":0,"runtime":"Laya.RigidBody"},"compId":2167}]},{"type":"Image","props":{"y":127,"x":163,"width":7,"skin":"Game/UI/MakeTailor/dotted1.png","rotation":89,"presetID":130,"pivotY":7,"pivotX":4,"name":"A","height":14},"compId":2168,"child":[{"type":"Script","props":{"y":-5,"x":-3,"width":13,"presetID":131,"isSensor":true,"height":24,"runtime":"Laya.BoxCollider"},"compId":2169},{"type":"Script","props":{"type":"static","presetID":132,"gravityScale":0,"runtime":"Laya.RigidBody"},"compId":2170}]},{"type":"Image","props":{"y":126,"x":184,"width":7,"skin":"Game/UI/MakeTailor/dotted1.png","rotation":85,"presetID":133,"pivotY":7,"pivotX":4,"name":"A","height":14},"compId":2171,"child":[{"type":"Script","props":{"y":-5,"x":-3,"width":13,"presetID":134,"isSensor":true,"height":24,"runtime":"Laya.BoxCollider"},"compId":2172},{"type":"Script","props":{"type":"static","presetID":135,"gravityScale":0,"runtime":"Laya.RigidBody"},"compId":2173}]},{"type":"Image","props":{"y":124,"x":205,"width":7,"skin":"Game/UI/MakeTailor/dotted1.png","rotation":83,"presetID":136,"pivotY":7,"pivotX":4,"name":"A","height":14},"compId":2174,"child":[{"type":"Script","props":{"y":-5,"x":-3,"width":13,"presetID":137,"isSensor":true,"height":24,"runtime":"Laya.BoxCollider"},"compId":2175},{"type":"Script","props":{"type":"static","presetID":138,"gravityScale":0,"runtime":"Laya.RigidBody"},"compId":2176}]},{"type":"Image","props":{"y":122,"x":221,"width":7,"skin":"Game/UI/MakeTailor/dotted1.png","rotation":82,"presetID":139,"pivotY":7,"pivotX":4,"name":"A","height":10},"compId":2177,"child":[{"type":"Script","props":{"y":-1,"x":-3,"width":13,"presetID":140,"isSensor":true,"height":14,"runtime":"Laya.BoxCollider"},"compId":2178},{"type":"Script","props":{"type":"static","presetID":141,"gravityScale":0,"runtime":"Laya.RigidBody"},"compId":2179}]},{"type":"Image","props":{"y":105,"x":223,"width":7,"skin":"Game/UI/MakeTailor/dotted1.png","rotation":-1,"presetID":142,"pivotY":7,"pivotX":4,"name":"V","height":14},"compId":2180,"child":[{"type":"Script","props":{"y":-4,"x":-3,"width":13,"presetID":143,"isSensor":true,"height":24,"runtime":"Laya.BoxCollider"},"compId":2181},{"type":"Script","props":{"y":1,"x":0,"type":"static","presetID":144,"gravityScale":0,"runtime":"Laya.RigidBody"},"compId":2182}]},{"type":"Image","props":{"y":84,"x":223,"width":7,"skin":"Game/UI/MakeTailor/dotted1.png","rotation":4,"presetID":145,"pivotY":7,"pivotX":4,"name":"V","height":14},"compId":2183,"child":[{"type":"Script","props":{"y":-4,"x":-3,"width":13,"presetID":146,"isSensor":true,"height":24,"runtime":"Laya.BoxCollider"},"compId":2184},{"type":"Script","props":{"y":1,"x":0,"type":"static","presetID":147,"gravityScale":0,"runtime":"Laya.RigidBody"},"compId":2185}]},{"type":"Image","props":{"y":64,"x":224,"width":7,"skin":"Game/UI/MakeTailor/dotted1.png","rotation":4,"presetID":148,"pivotY":7,"pivotX":4,"name":"V","height":14},"compId":2186,"child":[{"type":"Script","props":{"y":-4,"x":-3,"width":13,"presetID":149,"isSensor":true,"height":24,"runtime":"Laya.BoxCollider"},"compId":2187},{"type":"Script","props":{"y":1,"x":0,"type":"static","presetID":150,"gravityScale":0,"runtime":"Laya.RigidBody"},"compId":2188}]},{"type":"Image","props":{"y":43,"x":226,"width":7,"skin":"Game/UI/MakeTailor/dotted1.png","rotation":2,"presetID":151,"pivotY":7,"pivotX":4,"name":"V","height":14},"compId":2189,"child":[{"type":"Script","props":{"y":-4,"x":-3,"width":13,"presetID":152,"isSensor":true,"height":24,"runtime":"Laya.BoxCollider"},"compId":2190},{"type":"Script","props":{"y":1,"x":0,"type":"static","presetID":153,"gravityScale":0,"runtime":"Laya.RigidBody"},"compId":2191}]},{"type":"Image","props":{"y":22,"x":228,"width":7,"skin":"Game/UI/MakeTailor/dotted1.png","rotation":-2,"presetID":154,"pivotY":7,"pivotX":4,"name":"V","height":14},"compId":2192,"child":[{"type":"Script","props":{"y":-4,"x":-3,"width":13,"presetID":155,"isSensor":true,"height":24,"runtime":"Laya.BoxCollider"},"compId":2193},{"type":"Script","props":{"y":1,"x":0,"type":"static","presetID":156,"gravityScale":0,"runtime":"Laya.RigidBody"},"compId":2194}]},{"type":"Image","props":{"y":2,"x":228,"width":7,"skin":"Game/UI/MakeTailor/dotted1.png","rotation":-2,"presetID":157,"pivotY":7,"pivotX":4,"name":"V","height":14},"compId":2195,"child":[{"type":"Script","props":{"y":-4,"x":-3,"width":13,"presetID":158,"isSensor":true,"height":24,"runtime":"Laya.BoxCollider"},"compId":2196},{"type":"Script","props":{"y":1,"x":0,"type":"static","presetID":159,"gravityScale":0,"runtime":"Laya.RigidBody"},"compId":2197}]},{"type":"Image","props":{"y":39,"x":236,"width":7,"skin":"Game/UI/MakeTailor/dotted1.png","rotation":-14,"presetID":160,"pivotY":7,"pivotX":4,"name":"V","height":14},"compId":2198,"child":[{"type":"Script","props":{"y":-4,"x":-3,"width":13,"presetID":161,"isSensor":true,"height":24,"runtime":"Laya.BoxCollider"},"compId":2199},{"type":"Script","props":{"y":1,"x":0,"type":"static","presetID":162,"gravityScale":0,"runtime":"Laya.RigidBody"},"compId":2200}]},{"type":"Image","props":{"y":57,"x":241,"width":7,"skin":"Game/UI/MakeTailor/dotted1.png","rotation":-13,"presetID":163,"pivotY":7,"pivotX":4,"name":"V","height":14},"compId":2201,"child":[{"type":"Script","props":{"y":-4,"x":-3,"width":13,"presetID":164,"isSensor":true,"height":24,"runtime":"Laya.BoxCollider"},"compId":2202},{"type":"Script","props":{"y":1,"x":0,"type":"static","presetID":165,"gravityScale":0,"runtime":"Laya.RigidBody"},"compId":2203}]},{"type":"Image","props":{"y":76,"x":245,"width":7,"skin":"Game/UI/MakeTailor/dotted1.png","rotation":-10,"presetID":166,"pivotY":7,"pivotX":4,"name":"V","height":14},"compId":2204,"child":[{"type":"Script","props":{"y":-4,"x":-3,"width":13,"presetID":167,"isSensor":true,"height":24,"runtime":"Laya.BoxCollider"},"compId":2205},{"type":"Script","props":{"y":1,"x":0,"type":"static","presetID":168,"gravityScale":0,"runtime":"Laya.RigidBody"},"compId":2206}]},{"type":"Image","props":{"y":96,"x":250,"width":7,"skin":"Game/UI/MakeTailor/dotted1.png","rotation":-12,"presetID":169,"pivotY":7,"pivotX":4,"name":"V","height":14},"compId":2207,"child":[{"type":"Script","props":{"y":-4,"x":-3,"width":13,"presetID":170,"isSensor":true,"height":24,"runtime":"Laya.BoxCollider"},"compId":2208},{"type":"Script","props":{"y":1,"x":0,"type":"static","presetID":171,"gravityScale":0,"runtime":"Laya.RigidBody"},"compId":2209}]},{"type":"Image","props":{"y":115,"x":255,"width":7,"skin":"Game/UI/MakeTailor/dotted1.png","rotation":-16,"presetID":172,"pivotY":7,"pivotX":4,"name":"V","height":14},"compId":2210,"child":[{"type":"Script","props":{"y":-4,"x":-3,"width":13,"presetID":173,"isSensor":true,"height":24,"runtime":"Laya.BoxCollider"},"compId":2211},{"type":"Script","props":{"y":1,"x":0,"type":"static","presetID":174,"gravityScale":0,"runtime":"Laya.RigidBody"},"compId":2212}]},{"type":"Image","props":{"y":117,"x":273,"width":7,"skin":"Game/UI/MakeTailor/dotted1.png","rotation":85,"presetID":175,"pivotY":7,"pivotX":4,"name":"A","height":14},"compId":2213,"child":[{"type":"Script","props":{"y":-5,"x":-3,"width":13,"presetID":176,"isSensor":true,"height":24,"runtime":"Laya.BoxCollider"},"compId":2214},{"type":"Script","props":{"type":"static","presetID":177,"gravityScale":0,"runtime":"Laya.RigidBody"},"compId":2215}]}]}]}],"loadList":["Game/UI/MakeTailor/diy_dress_001_final/1.png","Game/UI/MakeTailor/diy_dress_001_final/s1.png","Game/UI/MakeTailor/diy_dress_001_final/s2.png","Game/UI/MakeTailor/diy_dress_001_final/s3.png","Game/UI/MakeTailor/diy_dress_001_final/x1.png","Game/UI/MakeTailor/dotted1.png","Game/UI/MakeTailor/diy_dress_001_final/x2.png","Game/UI/MakeTailor/diy_dress_001_final/x3.png"],"loadList3D":[]}