{"type":"Box","props":{"y":0,"x":0,"width":720,"scaleY":1,"scaleX":1,"presetID":1,"name":"diy_top_008_final","isPresetRoot":true,"height":720,"centerY":0,"centerX":0},"compId":6535,"child":[{"type":"Sprite","props":{"y":154,"x":57,"texture":"Game/UI/MakeTailor/diy_top_008_final/q1.png","presetID":2,"name":"Ultimately"},"compId":2577},{"type":"Sprite","props":{"y":415,"x":161,"width":398,"texture":"Game/UI/MakeTailor/diy_top_008_final/s2.png","presetID":3,"name":"Cloth07_D","height":195},"compId":2753},{"type":"Sprite","props":{"y":168,"x":-16,"width":91,"texture":"Game/UI/MakeTailor/diy_top_008_final/s7.png","presetID":4,"name":"Cloth06_L","height":128},"compId":2757},{"type":"Sprite","props":{"y":167,"x":643,"width":117,"texture":"Game/UI/MakeTailor/diy_top_008_final/s3.png","presetID":5,"name":"Cloth05_R","height":130},"compId":2758},{"type":"Sprite","props":{"y":236,"x":311,"width":98,"texture":"Game/UI/MakeTailor/diy_top_008_final/s1.png","presetID":6,"name":"Cloth04_RU","height":66},"compId":2751},{"type":"Sprite","props":{"y":158,"x":474,"width":146,"texture":"Game/UI/MakeTailor/diy_top_008_final/s4.png","presetID":7,"name":"Cloth03_RU","height":43},"compId":2752},{"type":"Sprite","props":{"y":158,"x":99,"width":147,"texture":"Game/UI/MakeTailor/diy_top_008_final/s6.png","presetID":8,"name":"Cloth02_LU","height":43},"compId":2756},{"type":"Sprite","props":{"y":150,"x":265,"width":188,"texture":"Game/UI/MakeTailor/diy_top_008_final/s5.png","presetID":9,"name":"Cloth01_U","height":63},"compId":2986},{"type":"Image","props":{"y":-152,"width":512,"presetID":10,"name":"LineParent","height":725,"centerX":-14},"compId":2578,"child":[{"type":"Sprite","props":{"y":558,"x":98.05776638804167,"width":344,"texture":"Game/UI/MakeTailor/diy_top_008_final/x2.png","presetID":11,"name":"Line07","height":21.634626257154984},"compId":2919,"child":[{"type":"Image","props":{"y":8,"x":11,"width":7,"skin":"Game/UI/MakeTailor/dotted1.png","rotation":98,"presetID":12,"pivotY":7,"pivotX":4,"name":"A","height":14},"compId":2920,"child":[{"type":"Script","props":{"y":-5,"x":-3,"width":13,"presetID":13,"isSensor":true,"height":24,"runtime":"Laya.BoxCollider"},"compId":2921},{"type":"Script","props":{"y":2,"x":0,"type":"static","presetID":14,"gravityScale":0,"runtime":"Laya.RigidBody"},"compId":2922}]},{"type":"Image","props":{"y":11,"x":31,"width":7,"skin":"Game/UI/MakeTailor/dotted1.png","rotation":96,"presetID":15,"pivotY":7,"pivotX":4,"name":"A","height":14},"compId":6685,"child":[{"type":"Script","props":{"y":-5,"x":-3,"width":13,"presetID":16,"isSensor":true,"height":24,"runtime":"Laya.BoxCollider"},"compId":6686},{"type":"Script","props":{"y":2,"x":0,"type":"static","presetID":17,"gravityScale":0,"runtime":"Laya.RigidBody"},"compId":6687}]},{"type":"Image","props":{"y":14,"x":52,"width":7,"skin":"Game/UI/MakeTailor/dotted1.png","rotation":94,"presetID":18,"pivotY":7,"pivotX":4,"name":"A","height":14},"compId":6688,"child":[{"type":"Script","props":{"y":-5,"x":-3,"width":13,"presetID":19,"isSensor":true,"height":24,"runtime":"Laya.BoxCollider"},"compId":6689},{"type":"Script","props":{"y":2,"x":0,"type":"static","presetID":20,"gravityScale":0,"runtime":"Laya.RigidBody"},"compId":6690}]},{"type":"Image","props":{"y":15,"x":73,"width":7,"skin":"Game/UI/MakeTailor/dotted1.png","rotation":93,"presetID":21,"pivotY":7,"pivotX":4,"name":"A","height":14},"compId":6691,"child":[{"type":"Script","props":{"y":-5,"x":-3,"width":13,"presetID":22,"isSensor":true,"height":24,"runtime":"Laya.BoxCollider"},"compId":6692},{"type":"Script","props":{"y":2,"x":0,"type":"static","presetID":23,"gravityScale":0,"runtime":"Laya.RigidBody"},"compId":6693}]},{"type":"Image","props":{"y":16,"x":93,"width":7,"skin":"Game/UI/MakeTailor/dotted1.png","rotation":91,"presetID":24,"pivotY":7,"pivotX":4,"name":"A","height":14},"compId":6694,"child":[{"type":"Script","props":{"y":-5,"x":-3,"width":13,"presetID":25,"isSensor":true,"height":24,"runtime":"Laya.BoxCollider"},"compId":6695},{"type":"Script","props":{"y":2,"x":0,"type":"static","presetID":26,"gravityScale":0,"runtime":"Laya.RigidBody"},"compId":6696}]},{"type":"Image","props":{"y":17,"x":114,"width":7,"skin":"Game/UI/MakeTailor/dotted1.png","rotation":91,"presetID":27,"pivotY":7,"pivotX":4,"name":"A","height":14},"compId":6697,"child":[{"type":"Script","props":{"y":-5,"x":-3,"width":13,"presetID":28,"isSensor":true,"height":24,"runtime":"Laya.BoxCollider"},"compId":6698},{"type":"Script","props":{"y":2,"x":0,"type":"static","presetID":29,"gravityScale":0,"runtime":"Laya.RigidBody"},"compId":6699}]},{"type":"Image","props":{"y":18,"x":134,"width":7,"skin":"Game/UI/MakeTailor/dotted1.png","rotation":90,"presetID":30,"pivotY":7,"pivotX":4,"name":"A","height":14},"compId":6700,"child":[{"type":"Script","props":{"y":-5,"x":-3,"width":13,"presetID":31,"isSensor":true,"height":24,"runtime":"Laya.BoxCollider"},"compId":6701},{"type":"Script","props":{"y":2,"x":0,"type":"static","presetID":32,"gravityScale":0,"runtime":"Laya.RigidBody"},"compId":6702}]},{"type":"Image","props":{"y":18,"x":154,"width":7,"skin":"Game/UI/MakeTailor/dotted1.png","rotation":90,"presetID":33,"pivotY":7,"pivotX":4,"name":"A","height":14},"compId":6703,"child":[{"type":"Script","props":{"y":-5,"x":-3,"width":13,"presetID":34,"isSensor":true,"height":24,"runtime":"Laya.BoxCollider"},"compId":6704},{"type":"Script","props":{"y":2,"x":0,"type":"static","presetID":35,"gravityScale":0,"runtime":"Laya.RigidBody"},"compId":6705}]},{"type":"Image","props":{"y":18,"x":175,"width":7,"skin":"Game/UI/MakeTailor/dotted1.png","rotation":90,"presetID":36,"pivotY":7,"pivotX":4,"name":"A","height":14},"compId":6706,"child":[{"type":"Script","props":{"y":-5,"x":-3,"width":13,"presetID":37,"isSensor":true,"height":24,"runtime":"Laya.BoxCollider"},"compId":6707},{"type":"Script","props":{"y":2,"x":0,"type":"static","presetID":38,"gravityScale":0,"runtime":"Laya.RigidBody"},"compId":6708}]},{"type":"Image","props":{"y":18,"x":196,"width":7,"skin":"Game/UI/MakeTailor/dotted1.png","rotation":90,"presetID":39,"pivotY":7,"pivotX":4,"name":"A","height":14},"compId":6709,"child":[{"type":"Script","props":{"y":-5,"x":-3,"width":13,"presetID":40,"isSensor":true,"height":24,"runtime":"Laya.BoxCollider"},"compId":6710},{"type":"Script","props":{"y":2,"x":0,"type":"static","presetID":41,"gravityScale":0,"runtime":"Laya.RigidBody"},"compId":6711}]},{"type":"Image","props":{"y":18,"x":218,"width":7,"skin":"Game/UI/MakeTailor/dotted1.png","rotation":90,"presetID":42,"pivotY":7,"pivotX":4,"name":"A","height":14},"compId":6712,"child":[{"type":"Script","props":{"y":-5,"x":-3,"width":13,"presetID":43,"isSensor":true,"height":24,"runtime":"Laya.BoxCollider"},"compId":6713},{"type":"Script","props":{"y":2,"x":0,"type":"static","presetID":44,"gravityScale":0,"runtime":"Laya.RigidBody"},"compId":6714}]},{"type":"Image","props":{"y":18,"x":239,"width":7,"skin":"Game/UI/MakeTailor/dotted1.png","rotation":90,"presetID":45,"pivotY":7,"pivotX":4,"name":"A","height":14},"compId":6715,"child":[{"type":"Script","props":{"y":-5,"x":-3,"width":13,"presetID":46,"isSensor":true,"height":24,"runtime":"Laya.BoxCollider"},"compId":6716},{"type":"Script","props":{"y":2,"x":0,"type":"static","presetID":47,"gravityScale":0,"runtime":"Laya.RigidBody"},"compId":6717}]},{"type":"Image","props":{"y":18,"x":260,"width":7,"skin":"Game/UI/MakeTailor/dotted1.png","rotation":87,"presetID":48,"pivotY":7,"pivotX":4,"name":"A","height":14},"compId":6718,"child":[{"type":"Script","props":{"y":-5,"x":-3,"width":13,"presetID":49,"isSensor":true,"height":24,"runtime":"Laya.BoxCollider"},"compId":6719},{"type":"Script","props":{"y":2,"x":0,"type":"static","presetID":50,"gravityScale":0,"runtime":"Laya.RigidBody"},"compId":6720}]},{"type":"Image","props":{"y":17,"x":280,"width":7,"skin":"Game/UI/MakeTailor/dotted1.png","rotation":85,"presetID":51,"pivotY":7,"pivotX":4,"name":"A","height":14},"compId":6721,"child":[{"type":"Script","props":{"y":-5,"x":-3,"width":13,"presetID":52,"isSensor":true,"height":24,"runtime":"Laya.BoxCollider"},"compId":6722},{"type":"Script","props":{"y":2,"x":0,"type":"static","presetID":53,"gravityScale":0,"runtime":"Laya.RigidBody"},"compId":6723}]},{"type":"Image","props":{"y":15,"x":301,"width":7,"skin":"Game/UI/MakeTailor/dotted1.png","rotation":82,"presetID":54,"pivotY":7,"pivotX":4,"name":"A","height":14},"compId":6724,"child":[{"type":"Script","props":{"y":-5,"x":-3,"width":13,"presetID":55,"isSensor":true,"height":24,"runtime":"Laya.BoxCollider"},"compId":6725},{"type":"Script","props":{"y":2,"x":0,"type":"static","presetID":56,"gravityScale":0,"runtime":"Laya.RigidBody"},"compId":6726}]},{"type":"Image","props":{"y":12,"x":320,"width":7,"skin":"Game/UI/MakeTailor/dotted1.png","rotation":78,"presetID":57,"pivotY":7,"pivotX":4,"name":"A","height":14},"compId":6727,"child":[{"type":"Script","props":{"y":-5,"x":-3,"width":13,"presetID":58,"isSensor":true,"height":24,"runtime":"Laya.BoxCollider"},"compId":6728},{"type":"Script","props":{"y":2,"x":0,"type":"static","presetID":59,"gravityScale":0,"runtime":"Laya.RigidBody"},"compId":6729}]},{"type":"Image","props":{"y":8,"x":338,"width":7,"skin":"Game/UI/MakeTailor/dotted1.png","rotation":76,"presetID":60,"pivotY":7,"pivotX":4,"name":"A","height":14},"compId":6730,"child":[{"type":"Script","props":{"y":-5,"x":-3,"width":13,"presetID":61,"isSensor":true,"height":24,"runtime":"Laya.BoxCollider"},"compId":6731},{"type":"Script","props":{"y":2,"x":0,"type":"static","presetID":62,"gravityScale":0,"runtime":"Laya.RigidBody"},"compId":6732}]}]},{"type":"Sprite","props":{"y":321,"x":-38.07106777397176,"width":28,"texture":"Game/UI/MakeTailor/diy_top_008_final/x7.png","presetID":63,"name":"Line06","height":126.05300766517317},"compId":2872,"child":[{"type":"Image","props":{"y":11,"x":3,"width":7,"skin":"Game/UI/MakeTailor/dotted1.png","rotation":-2,"presetID":64,"pivotY":7,"pivotX":4,"name":"V","height":14},"compId":2873,"child":[{"type":"Script","props":{"y":-5,"x":-3,"width":13,"presetID":65,"isSensor":true,"height":24,"runtime":"Laya.BoxCollider"},"compId":2874},{"type":"Script","props":{"y":2,"x":0,"type":"static","presetID":66,"gravityScale":0,"runtime":"Laya.RigidBody"},"compId":2875}]},{"type":"Image","props":{"y":33,"x":4,"width":7,"skin":"Game/UI/MakeTailor/dotted1.png","rotation":-2,"presetID":67,"pivotY":7,"pivotX":4,"name":"V","height":14},"compId":5983,"child":[{"type":"Script","props":{"y":-5,"x":-3,"width":13,"presetID":68,"isSensor":true,"height":24,"runtime":"Laya.BoxCollider"},"compId":5984},{"type":"Script","props":{"y":2,"x":0,"type":"static","presetID":69,"gravityScale":0,"runtime":"Laya.RigidBody"},"compId":5985}]},{"type":"Image","props":{"y":57,"x":5,"width":7,"skin":"Game/UI/MakeTailor/dotted1.png","rotation":-5,"presetID":70,"pivotY":7,"pivotX":4,"name":"V","height":14},"compId":5986,"child":[{"type":"Script","props":{"y":-5,"x":-3,"width":13,"presetID":71,"isSensor":true,"height":24,"runtime":"Laya.BoxCollider"},"compId":5987},{"type":"Script","props":{"y":2,"x":0,"type":"static","presetID":72,"gravityScale":0,"runtime":"Laya.RigidBody"},"compId":5988}]},{"type":"Image","props":{"y":77,"x":7,"width":7,"skin":"Game/UI/MakeTailor/dotted1.png","rotation":-8,"presetID":73,"pivotY":7,"pivotX":4,"name":"V","height":14},"compId":5989,"child":[{"type":"Script","props":{"y":-5,"x":-3,"width":13,"presetID":74,"isSensor":true,"height":24,"runtime":"Laya.BoxCollider"},"compId":5990},{"type":"Script","props":{"y":2,"x":0,"type":"static","presetID":75,"gravityScale":0,"runtime":"Laya.RigidBody"},"compId":5991}]},{"type":"Image","props":{"y":98,"x":12,"width":7,"skin":"Game/UI/MakeTailor/dotted1.png","rotation":-20,"presetID":76,"pivotY":7,"pivotX":4,"name":"V","height":14},"compId":6679,"child":[{"type":"Script","props":{"y":-5,"x":-3,"width":13,"presetID":77,"isSensor":true,"height":24,"runtime":"Laya.BoxCollider"},"compId":6680},{"type":"Script","props":{"y":2,"x":0,"type":"static","presetID":78,"gravityScale":0,"runtime":"Laya.RigidBody"},"compId":6681}]},{"type":"Image","props":{"y":118,"x":21,"width":7,"skin":"Game/UI/MakeTailor/dotted1.png","rotation":-27,"presetID":79,"pivotY":7,"pivotX":4,"name":"V","height":14},"compId":6682,"child":[{"type":"Script","props":{"y":-5,"x":-3,"width":13,"presetID":80,"isSensor":true,"height":24,"runtime":"Laya.BoxCollider"},"compId":6683},{"type":"Script","props":{"y":2,"x":0,"type":"static","presetID":81,"gravityScale":0,"runtime":"Laya.RigidBody"},"compId":6684}]}]},{"type":"Sprite","props":{"y":319,"x":551,"width":27,"texture":"Game/UI/MakeTailor/diy_top_008_final/x3.png","presetID":82,"name":"Line05","height":128},"compId":2900,"child":[{"type":"Image","props":{"y":9,"x":23,"width":7,"skin":"Game/UI/MakeTailor/dotted1.png","rotation":-2,"presetID":83,"pivotY":7,"pivotX":4,"name":"V","height":14},"compId":5964,"child":[{"type":"Script","props":{"y":-5,"x":-3,"width":13,"presetID":84,"isSensor":true,"height":24,"runtime":"Laya.BoxCollider"},"compId":5970},{"type":"Script","props":{"y":1,"x":0,"type":"static","presetID":85,"gravityScale":0,"runtime":"Laya.RigidBody"},"compId":5971}]},{"type":"Image","props":{"y":30,"x":23,"width":7,"skin":"Game/UI/MakeTailor/dotted1.png","rotation":0,"presetID":86,"pivotY":7,"pivotX":4,"name":"V","height":14},"compId":5965,"child":[{"type":"Script","props":{"y":-5,"x":-3,"width":13,"presetID":87,"isSensor":true,"height":24,"runtime":"Laya.BoxCollider"},"compId":5972},{"type":"Script","props":{"y":1,"x":0,"type":"static","presetID":88,"gravityScale":0,"runtime":"Laya.RigidBody"},"compId":5973}]},{"type":"Image","props":{"y":52,"x":23,"width":7,"skin":"Game/UI/MakeTailor/dotted1.png","rotation":3,"presetID":89,"pivotY":7,"pivotX":4,"name":"V","height":14},"compId":5966,"child":[{"type":"Script","props":{"y":-5,"x":-3,"width":13,"presetID":90,"isSensor":true,"height":24,"runtime":"Laya.BoxCollider"},"compId":5974},{"type":"Script","props":{"y":1,"x":0,"type":"static","presetID":91,"gravityScale":0,"runtime":"Laya.RigidBody"},"compId":5975}]},{"type":"Image","props":{"y":74,"x":21,"width":7,"skin":"Game/UI/MakeTailor/dotted1.png","rotation":7,"presetID":92,"pivotY":7,"pivotX":4,"name":"V","height":14},"compId":5967,"child":[{"type":"Script","props":{"y":-5,"x":-3,"width":13,"presetID":93,"isSensor":true,"height":24,"runtime":"Laya.BoxCollider"},"compId":5976},{"type":"Script","props":{"y":1,"x":0,"type":"static","presetID":94,"gravityScale":0,"runtime":"Laya.RigidBody"},"compId":5977}]},{"type":"Image","props":{"y":95,"x":17,"width":7,"skin":"Game/UI/MakeTailor/dotted1.png","rotation":15,"presetID":95,"pivotY":7,"pivotX":4,"name":"V","height":14},"compId":5968,"child":[{"type":"Script","props":{"y":-5,"x":-3,"width":13,"presetID":96,"isSensor":true,"height":24,"runtime":"Laya.BoxCollider"},"compId":5978},{"type":"Script","props":{"y":1,"x":0,"type":"static","presetID":97,"gravityScale":0,"runtime":"Laya.RigidBody"},"compId":5979}]},{"type":"Image","props":{"y":115,"x":9,"width":7,"skin":"Game/UI/MakeTailor/dotted1.png","rotation":24,"presetID":98,"pivotY":7,"pivotX":4,"name":"V","height":14},"compId":5969,"child":[{"type":"Script","props":{"y":-5,"x":-3,"width":13,"presetID":99,"isSensor":true,"height":24,"runtime":"Laya.BoxCollider"},"compId":5980},{"type":"Script","props":{"y":1,"x":0,"type":"static","presetID":100,"gravityScale":0,"runtime":"Laya.RigidBody"},"compId":5981}]}]},{"type":"Sprite","props":{"y":383.5000000937821,"x":215.55776638804167,"width":109,"texture":"Game/UI/MakeTailor/diy_top_008_final/x1.png","presetID":101,"name":"Line04","height":77},"compId":2754,"child":[{"type":"Image","props":{"y":24,"x":7,"width":7,"skin":"Game/UI/MakeTailor/dotted1.png","rotation":-26,"presetID":102,"pivotY":7,"pivotX":4,"name":"V","height":14},"compId":2844,"child":[{"type":"Script","props":{"y":-5,"x":-3,"width":13,"presetID":103,"isSensor":true,"height":24,"runtime":"Laya.BoxCollider"},"compId":2845},{"type":"Script","props":{"y":1,"x":0,"type":"static","presetID":104,"gravityScale":0,"runtime":"Laya.RigidBody"},"compId":2846}]},{"type":"Image","props":{"y":41,"x":19,"width":7,"skin":"Game/UI/MakeTailor/dotted1.png","rotation":-39,"presetID":105,"pivotY":7,"pivotX":4,"name":"V","height":14},"compId":6640,"child":[{"type":"Script","props":{"y":-5,"x":-3,"width":13,"presetID":106,"isSensor":true,"height":24,"runtime":"Laya.BoxCollider"},"compId":6641},{"type":"Script","props":{"y":1,"x":0,"type":"static","presetID":107,"gravityScale":0,"runtime":"Laya.RigidBody"},"compId":6642}]},{"type":"Image","props":{"y":56,"x":33,"width":7,"skin":"Game/UI/MakeTailor/dotted1.png","rotation":-44,"presetID":108,"pivotY":7,"pivotX":4,"name":"V","height":14},"compId":6643,"child":[{"type":"Script","props":{"y":-5,"x":-3,"width":13,"presetID":109,"isSensor":true,"height":24,"runtime":"Laya.BoxCollider"},"compId":6644},{"type":"Script","props":{"y":1,"x":0,"type":"static","presetID":110,"gravityScale":0,"runtime":"Laya.RigidBody"},"compId":6645}]},{"type":"Image","props":{"y":70,"x":48,"width":7,"skin":"Game/UI/MakeTailor/dotted1.png","rotation":-48,"presetID":111,"pivotY":7,"pivotX":4,"name":"V","height":14},"compId":6646,"child":[{"type":"Script","props":{"y":-5,"x":-3,"width":13,"presetID":112,"isSensor":true,"height":24,"runtime":"Laya.BoxCollider"},"compId":6647},{"type":"Script","props":{"y":1,"x":0,"type":"static","presetID":113,"gravityScale":0,"runtime":"Laya.RigidBody"},"compId":6648}]},{"type":"Image","props":{"y":68,"x":66,"width":7,"skin":"Game/UI/MakeTailor/dotted1.png","rotation":52,"presetID":114,"pivotY":7,"pivotX":4,"name":"V","height":14},"compId":6649,"child":[{"type":"Script","props":{"y":-5,"x":-3,"width":13,"presetID":115,"isSensor":true,"height":24,"runtime":"Laya.BoxCollider"},"compId":6650},{"type":"Script","props":{"y":1,"x":0,"type":"static","presetID":116,"gravityScale":0,"runtime":"Laya.RigidBody"},"compId":6651}]},{"type":"Image","props":{"y":55,"x":82,"width":7,"skin":"Game/UI/MakeTailor/dotted1.png","rotation":46,"presetID":117,"pivotY":7,"pivotX":4,"name":"V","height":14},"compId":6652,"child":[{"type":"Script","props":{"y":-5,"x":-3,"width":13,"presetID":118,"isSensor":true,"height":24,"runtime":"Laya.BoxCollider"},"compId":6653},{"type":"Script","props":{"y":1,"x":0,"type":"static","presetID":119,"gravityScale":0,"runtime":"Laya.RigidBody"},"compId":6654}]},{"type":"Image","props":{"y":40,"x":97,"width":7,"skin":"Game/UI/MakeTailor/dotted1.png","rotation":39,"presetID":120,"pivotY":7,"pivotX":4,"name":"V","height":14},"compId":6655,"child":[{"type":"Script","props":{"y":-5,"x":-3,"width":13,"presetID":121,"isSensor":true,"height":24,"runtime":"Laya.BoxCollider"},"compId":6656},{"type":"Script","props":{"y":1,"x":0,"type":"static","presetID":122,"gravityScale":0,"runtime":"Laya.RigidBody"},"compId":6657}]},{"type":"Image","props":{"y":21,"x":105,"width":7,"skin":"Game/UI/MakeTailor/dotted1.png","rotation":8,"presetID":123,"pivotY":7,"pivotX":4,"name":"V","height":14},"compId":6658,"child":[{"type":"Script","props":{"y":-5,"x":-3,"width":13,"presetID":124,"isSensor":true,"height":24,"runtime":"Laya.BoxCollider"},"compId":6659},{"type":"Script","props":{"y":1,"x":0,"type":"static","presetID":125,"gravityScale":0,"runtime":"Laya.RigidBody"},"compId":6660}]},{"type":"Image","props":{"y":7,"x":95,"width":7,"skin":"Game/UI/MakeTailor/dotted1.png","rotation":108,"presetID":126,"pivotY":7,"pivotX":4,"name":"A","height":14},"compId":6661,"child":[{"type":"Script","props":{"y":-5,"x":-3,"width":13,"presetID":127,"isSensor":true,"height":24,"runtime":"Laya.BoxCollider"},"compId":6662},{"type":"Script","props":{"y":1,"x":0,"type":"static","presetID":128,"gravityScale":0,"runtime":"Laya.RigidBody"},"compId":6663}]},{"type":"Image","props":{"y":6,"x":76,"width":7,"skin":"Game/UI/MakeTailor/dotted1.png","rotation":84,"presetID":129,"pivotY":7,"pivotX":4,"name":"A","height":14},"compId":6664,"child":[{"type":"Script","props":{"y":-5,"x":-3,"width":13,"presetID":130,"isSensor":true,"height":24,"runtime":"Laya.BoxCollider"},"compId":6665},{"type":"Script","props":{"y":1,"x":0,"type":"static","presetID":131,"gravityScale":0,"runtime":"Laya.RigidBody"},"compId":6666}]},{"type":"Image","props":{"y":12,"x":61,"width":7,"skin":"Game/UI/MakeTailor/dotted1.png","rotation":54,"presetID":132,"pivotY":7,"pivotX":4,"name":"A","height":14},"compId":6667,"child":[{"type":"Script","props":{"y":-5,"x":-3,"width":13,"presetID":133,"isSensor":true,"height":24,"runtime":"Laya.BoxCollider"},"compId":6668},{"type":"Script","props":{"y":1,"x":0,"type":"static","presetID":134,"gravityScale":0,"runtime":"Laya.RigidBody"},"compId":6669}]},{"type":"Image","props":{"y":9,"x":44,"width":7,"skin":"Game/UI/MakeTailor/dotted1.png","rotation":113,"presetID":135,"pivotY":7,"pivotX":4,"name":"A","height":14},"compId":6670,"child":[{"type":"Script","props":{"y":-5,"x":-3,"width":13,"presetID":136,"isSensor":true,"height":24,"runtime":"Laya.BoxCollider"},"compId":6671},{"type":"Script","props":{"y":1,"x":0,"type":"static","presetID":137,"gravityScale":0,"runtime":"Laya.RigidBody"},"compId":6672}]},{"type":"Image","props":{"y":3,"x":25,"width":7,"skin":"Game/UI/MakeTailor/dotted1.png","rotation":100,"presetID":138,"pivotY":7,"pivotX":4,"name":"A","height":14},"compId":6673,"child":[{"type":"Script","props":{"y":-5,"x":-3,"width":13,"presetID":139,"isSensor":true,"height":24,"runtime":"Laya.BoxCollider"},"compId":6674},{"type":"Script","props":{"y":1,"x":0,"type":"static","presetID":140,"gravityScale":0,"runtime":"Laya.RigidBody"},"compId":6675}]},{"type":"Image","props":{"y":8,"x":8,"width":7,"skin":"Game/UI/MakeTailor/dotted1.png","rotation":40,"presetID":141,"pivotY":7,"pivotX":4,"name":"A","height":14},"compId":6676,"child":[{"type":"Script","props":{"y":-5,"x":-3,"width":13,"presetID":142,"isSensor":true,"height":24,"runtime":"Laya.BoxCollider"},"compId":6677},{"type":"Script","props":{"y":1,"x":0,"type":"static","presetID":143,"gravityScale":0,"runtime":"Laya.RigidBody"},"compId":6678}]}]},{"type":"Sprite","props":{"y":308.5,"x":379,"width":156,"texture":"Game/UI/MakeTailor/diy_top_008_final/x4.png","presetID":144,"name":"Line03","height":49},"compId":2653,"child":[{"type":"Image","props":{"y":7,"x":8,"width":7,"skin":"Game/UI/MakeTailor/dotted1.png","rotation":-23,"presetID":145,"pivotY":7,"pivotX":4,"name":"V","height":14},"compId":6613,"child":[{"type":"Script","props":{"y":-5,"x":-3,"width":13,"presetID":146,"isSensor":true,"height":24,"runtime":"Laya.BoxCollider"},"compId":6622},{"type":"Script","props":{"type":"static","presetID":147,"gravityScale":0,"runtime":"Laya.RigidBody"},"compId":6623}]},{"type":"Image","props":{"y":23,"x":19,"width":7,"skin":"Game/UI/MakeTailor/dotted1.png","rotation":-46,"presetID":148,"pivotY":7,"pivotX":4,"name":"V","height":14},"compId":6614,"child":[{"type":"Script","props":{"y":-5,"x":-3,"width":13,"presetID":149,"isSensor":true,"height":24,"runtime":"Laya.BoxCollider"},"compId":6624},{"type":"Script","props":{"type":"static","presetID":150,"gravityScale":0,"runtime":"Laya.RigidBody"},"compId":6625}]},{"type":"Image","props":{"y":36,"x":35,"width":7,"skin":"Game/UI/MakeTailor/dotted1.png","rotation":115,"presetID":151,"pivotY":7,"pivotX":4,"name":"A","height":14},"compId":6615,"child":[{"type":"Script","props":{"y":-5,"x":-3,"width":13,"presetID":152,"isSensor":true,"height":24,"runtime":"Laya.BoxCollider"},"compId":6626},{"type":"Script","props":{"type":"static","presetID":153,"gravityScale":0,"runtime":"Laya.RigidBody"},"compId":6627}]},{"type":"Image","props":{"y":43,"x":55,"width":7,"skin":"Game/UI/MakeTailor/dotted1.png","rotation":101,"presetID":154,"pivotY":7,"pivotX":4,"name":"A","height":14},"compId":6616,"child":[{"type":"Script","props":{"y":-5,"x":-3,"width":13,"presetID":155,"isSensor":true,"height":24,"runtime":"Laya.BoxCollider"},"compId":6628},{"type":"Script","props":{"type":"static","presetID":156,"gravityScale":0,"runtime":"Laya.RigidBody"},"compId":6629}]},{"type":"Image","props":{"y":46,"x":76,"width":7,"skin":"Game/UI/MakeTailor/dotted1.png","rotation":93,"presetID":157,"pivotY":7,"pivotX":4,"name":"A","height":14},"compId":6617,"child":[{"type":"Script","props":{"y":-5,"x":-3,"width":13,"presetID":158,"isSensor":true,"height":24,"runtime":"Laya.BoxCollider"},"compId":6630},{"type":"Script","props":{"type":"static","presetID":159,"gravityScale":0,"runtime":"Laya.RigidBody"},"compId":6631}]},{"type":"Image","props":{"y":45,"x":97,"width":7,"skin":"Game/UI/MakeTailor/dotted1.png","rotation":81,"presetID":160,"pivotY":7,"pivotX":4,"name":"A","height":14},"compId":6618,"child":[{"type":"Script","props":{"y":-5,"x":-3,"width":13,"presetID":161,"isSensor":true,"height":24,"runtime":"Laya.BoxCollider"},"compId":6632},{"type":"Script","props":{"type":"static","presetID":162,"gravityScale":0,"runtime":"Laya.RigidBody"},"compId":6633}]},{"type":"Image","props":{"y":40,"x":117,"width":7,"skin":"Game/UI/MakeTailor/dotted1.png","rotation":69,"presetID":163,"pivotY":7,"pivotX":4,"name":"A","height":14},"compId":6619,"child":[{"type":"Script","props":{"y":-5,"x":-3,"width":13,"presetID":164,"isSensor":true,"height":24,"runtime":"Laya.BoxCollider"},"compId":6634},{"type":"Script","props":{"type":"static","presetID":165,"gravityScale":0,"runtime":"Laya.RigidBody"},"compId":6635}]},{"type":"Image","props":{"y":30,"x":135,"width":7,"skin":"Game/UI/MakeTailor/dotted1.png","rotation":50,"presetID":166,"pivotY":7,"pivotX":4,"name":"V","height":14},"compId":6620,"child":[{"type":"Script","props":{"y":-5,"x":-3,"width":13,"presetID":167,"isSensor":true,"height":24,"runtime":"Laya.BoxCollider"},"compId":6636},{"type":"Script","props":{"type":"static","presetID":168,"gravityScale":0,"runtime":"Laya.RigidBody"},"compId":6637}]},{"type":"Image","props":{"y":16,"x":149,"width":7,"skin":"Game/UI/MakeTailor/dotted1.png","rotation":32,"presetID":169,"pivotY":7,"pivotX":4,"name":"V","height":14},"compId":6621,"child":[{"type":"Script","props":{"y":-5,"x":-3,"width":13,"presetID":170,"isSensor":true,"height":24,"runtime":"Laya.BoxCollider"},"compId":6638},{"type":"Script","props":{"type":"static","presetID":171,"gravityScale":0,"runtime":"Laya.RigidBody"},"compId":6639}]}]},{"type":"Sprite","props":{"y":308.5,"x":5,"width":156,"texture":"Game/UI/MakeTailor/diy_top_008_final/x6.png","presetID":172,"name":"Line02","height":49},"compId":2601,"child":[{"type":"Image","props":{"y":19,"x":9,"width":7,"skin":"Game/UI/MakeTailor/dotted1.png","rotation":-38,"presetID":173,"pivotY":7,"pivotX":4,"name":"V","height":14},"compId":2650,"child":[{"type":"Script","props":{"y":-5,"x":-3,"width":13,"presetID":174,"isSensor":true,"height":24,"runtime":"Laya.BoxCollider"},"compId":2651},{"type":"Script","props":{"type":"static","presetID":175,"gravityScale":0,"runtime":"Laya.RigidBody"},"compId":2652}]},{"type":"Image","props":{"y":32,"x":24,"width":7,"skin":"Game/UI/MakeTailor/dotted1.png","rotation":-60,"presetID":176,"pivotY":7,"pivotX":4,"name":"V","height":14},"compId":6580,"child":[{"type":"Script","props":{"y":-5,"x":-3,"width":13,"presetID":177,"isSensor":true,"height":24,"runtime":"Laya.BoxCollider"},"compId":6581},{"type":"Script","props":{"type":"static","presetID":178,"gravityScale":0,"runtime":"Laya.RigidBody"},"compId":6582}]},{"type":"Image","props":{"y":42,"x":43,"width":7,"skin":"Game/UI/MakeTailor/dotted1.png","rotation":105,"presetID":179,"pivotY":7,"pivotX":4,"name":"A","height":14},"compId":6583,"child":[{"type":"Script","props":{"y":-5,"x":-3,"width":13,"presetID":180,"isSensor":true,"height":24,"runtime":"Laya.BoxCollider"},"compId":6584},{"type":"Script","props":{"type":"static","presetID":181,"gravityScale":0,"runtime":"Laya.RigidBody"},"compId":6585}]},{"type":"Image","props":{"y":46,"x":63,"width":7,"skin":"Game/UI/MakeTailor/dotted1.png","rotation":94,"presetID":182,"pivotY":7,"pivotX":4,"name":"A","height":14},"compId":6595,"child":[{"type":"Script","props":{"y":-5,"x":-3,"width":13,"presetID":183,"isSensor":true,"height":24,"runtime":"Laya.BoxCollider"},"compId":6596},{"type":"Script","props":{"type":"static","presetID":184,"gravityScale":0,"runtime":"Laya.RigidBody"},"compId":6597}]},{"type":"Image","props":{"y":47,"x":84,"width":7,"skin":"Game/UI/MakeTailor/dotted1.png","rotation":88,"presetID":185,"pivotY":7,"pivotX":4,"name":"A","height":14},"compId":6598,"child":[{"type":"Script","props":{"y":-5,"x":-3,"width":13,"presetID":186,"isSensor":true,"height":24,"runtime":"Laya.BoxCollider"},"compId":6599},{"type":"Script","props":{"type":"static","presetID":187,"gravityScale":0,"runtime":"Laya.RigidBody"},"compId":6600}]},{"type":"Image","props":{"y":44,"x":106,"width":7,"skin":"Game/UI/MakeTailor/dotted1.png","rotation":76,"presetID":188,"pivotY":7,"pivotX":4,"name":"A","height":14},"compId":6601,"child":[{"type":"Script","props":{"y":-5,"x":-3,"width":13,"presetID":189,"isSensor":true,"height":24,"runtime":"Laya.BoxCollider"},"compId":6602},{"type":"Script","props":{"type":"static","presetID":190,"gravityScale":0,"runtime":"Laya.RigidBody"},"compId":6603}]},{"type":"Image","props":{"y":36,"x":125,"width":7,"skin":"Game/UI/MakeTailor/dotted1.png","rotation":56,"presetID":191,"pivotY":7,"pivotX":4,"name":"A","height":14},"compId":6604,"child":[{"type":"Script","props":{"y":-5,"x":-3,"width":13,"presetID":192,"isSensor":true,"height":24,"runtime":"Laya.BoxCollider"},"compId":6605},{"type":"Script","props":{"type":"static","presetID":193,"gravityScale":0,"runtime":"Laya.RigidBody"},"compId":6606}]},{"type":"Image","props":{"y":22,"x":140,"width":7,"skin":"Game/UI/MakeTailor/dotted1.png","rotation":39,"presetID":194,"pivotY":7,"pivotX":4,"name":"V","height":14},"compId":6607,"child":[{"type":"Script","props":{"y":-5,"x":-3,"width":13,"presetID":195,"isSensor":true,"height":24,"runtime":"Laya.BoxCollider"},"compId":6608},{"type":"Script","props":{"type":"static","presetID":196,"gravityScale":0,"runtime":"Laya.RigidBody"},"compId":6609}]},{"type":"Image","props":{"y":8,"x":150,"width":7,"skin":"Game/UI/MakeTailor/dotted1.png","rotation":32,"presetID":197,"pivotY":7,"pivotX":4,"name":"V","height":14},"compId":6610,"child":[{"type":"Script","props":{"y":-5,"x":-3,"width":13,"presetID":198,"isSensor":true,"height":24,"runtime":"Laya.BoxCollider"},"compId":6611},{"type":"Script","props":{"type":"static","presetID":199,"gravityScale":0,"runtime":"Laya.RigidBody"},"compId":6612}]}]},{"type":"Sprite","props":{"y":306.5,"x":171.55776638804167,"width":195,"texture":"Game/UI/MakeTailor/diy_top_008_final/x5.png","rotation":0,"presetID":200,"name":"Line01","height":61},"compId":2579,"child":[{"type":"Image","props":{"y":10,"x":7,"width":7,"skin":"Game/UI/MakeTailor/dotted1.png","rotation":-28,"presetID":201,"pivotY":7,"pivotX":4,"name":"V","height":14},"compId":5886,"child":[{"type":"Script","props":{"y":-5,"x":-3,"width":13,"presetID":202,"isSensor":true,"height":24,"runtime":"Laya.BoxCollider"},"compId":5887},{"type":"Script","props":{"type":"static","presetID":203,"gravityScale":0,"runtime":"Laya.RigidBody"},"compId":5888}]},{"type":"Image","props":{"y":27,"x":18,"width":7,"skin":"Game/UI/MakeTailor/dotted1.png","rotation":-40,"presetID":204,"pivotY":7,"pivotX":4,"name":"V","height":14},"compId":6538,"child":[{"type":"Script","props":{"y":-5,"x":-3,"width":13,"presetID":205,"isSensor":true,"height":24,"runtime":"Laya.BoxCollider"},"compId":6539},{"type":"Script","props":{"type":"static","presetID":206,"gravityScale":0,"runtime":"Laya.RigidBody"},"compId":6540}]},{"type":"Image","props":{"y":40,"x":33,"width":7,"skin":"Game/UI/MakeTailor/dotted1.png","rotation":-54,"presetID":207,"pivotY":7,"pivotX":4,"name":"V","height":14},"compId":6541,"child":[{"type":"Script","props":{"y":-5,"x":-3,"width":13,"presetID":208,"isSensor":true,"height":24,"runtime":"Laya.BoxCollider"},"compId":6542},{"type":"Script","props":{"type":"static","presetID":209,"gravityScale":0,"runtime":"Laya.RigidBody"},"compId":6543}]},{"type":"Image","props":{"y":51,"x":50,"width":7,"skin":"Game/UI/MakeTailor/dotted1.png","rotation":109,"presetID":210,"pivotY":7,"pivotX":4,"name":"A","height":14},"compId":6544,"child":[{"type":"Script","props":{"y":-5,"x":-3,"width":13,"presetID":211,"isSensor":true,"height":24,"runtime":"Laya.BoxCollider"},"compId":6545},{"type":"Script","props":{"type":"static","presetID":212,"gravityScale":0,"runtime":"Laya.RigidBody"},"compId":6546}]},{"type":"Image","props":{"y":57,"x":71,"width":7,"skin":"Game/UI/MakeTailor/dotted1.png","rotation":97,"presetID":213,"pivotY":7,"pivotX":4,"name":"A","height":14},"compId":6547,"child":[{"type":"Script","props":{"y":-5,"x":-3,"width":13,"presetID":214,"isSensor":true,"height":24,"runtime":"Laya.BoxCollider"},"compId":6548},{"type":"Script","props":{"type":"static","presetID":215,"gravityScale":0,"runtime":"Laya.RigidBody"},"compId":6549}]},{"type":"Image","props":{"y":59,"x":93,"width":7,"skin":"Game/UI/MakeTailor/dotted1.png","rotation":91,"presetID":216,"pivotY":7,"pivotX":4,"name":"A","height":14},"compId":6559,"child":[{"type":"Script","props":{"y":-5,"x":-3,"width":13,"presetID":217,"isSensor":true,"height":24,"runtime":"Laya.BoxCollider"},"compId":6560},{"type":"Script","props":{"type":"static","presetID":218,"gravityScale":0,"runtime":"Laya.RigidBody"},"compId":6561}]},{"type":"Image","props":{"y":59,"x":114,"width":7,"skin":"Game/UI/MakeTailor/dotted1.png","rotation":87,"presetID":219,"pivotY":7,"pivotX":4,"name":"A","height":14},"compId":6562,"child":[{"type":"Script","props":{"y":-5,"x":-3,"width":13,"presetID":220,"isSensor":true,"height":24,"runtime":"Laya.BoxCollider"},"compId":6563},{"type":"Script","props":{"type":"static","presetID":221,"gravityScale":0,"runtime":"Laya.RigidBody"},"compId":6564}]},{"type":"Image","props":{"y":56,"x":134,"width":7,"skin":"Game/UI/MakeTailor/dotted1.png","rotation":77,"presetID":222,"pivotY":7,"pivotX":4,"name":"A","height":14},"compId":6565,"child":[{"type":"Script","props":{"y":-5,"x":-3,"width":13,"presetID":223,"isSensor":true,"height":24,"runtime":"Laya.BoxCollider"},"compId":6566},{"type":"Script","props":{"type":"static","presetID":224,"gravityScale":0,"runtime":"Laya.RigidBody"},"compId":6567}]},{"type":"Image","props":{"y":50,"x":153,"width":7,"skin":"Game/UI/MakeTailor/dotted1.png","rotation":67,"presetID":225,"pivotY":7,"pivotX":4,"name":"A","height":14},"compId":6568,"child":[{"type":"Script","props":{"y":-5,"x":-3,"width":13,"presetID":226,"isSensor":true,"height":24,"runtime":"Laya.BoxCollider"},"compId":6569},{"type":"Script","props":{"type":"static","presetID":227,"gravityScale":0,"runtime":"Laya.RigidBody"},"compId":6570}]},{"type":"Image","props":{"y":39,"x":171,"width":7,"skin":"Game/UI/MakeTailor/dotted1.png","rotation":43,"presetID":228,"pivotY":7,"pivotX":4,"name":"V","height":14},"compId":6571,"child":[{"type":"Script","props":{"y":-5,"x":-3,"width":13,"presetID":229,"isSensor":true,"height":24,"runtime":"Laya.BoxCollider"},"compId":6572},{"type":"Script","props":{"type":"static","presetID":230,"gravityScale":0,"runtime":"Laya.RigidBody"},"compId":6573}]},{"type":"Image","props":{"y":23,"x":183,"width":7,"skin":"Game/UI/MakeTailor/dotted1.png","rotation":32,"presetID":231,"pivotY":7,"pivotX":4,"name":"V","height":14},"compId":6574,"child":[{"type":"Script","props":{"y":-5,"x":-3,"width":13,"presetID":232,"isSensor":true,"height":24,"runtime":"Laya.BoxCollider"},"compId":6575},{"type":"Script","props":{"type":"static","presetID":233,"gravityScale":0,"runtime":"Laya.RigidBody"},"compId":6576}]},{"type":"Image","props":{"y":7,"x":190,"width":7,"skin":"Game/UI/MakeTailor/dotted1.png","rotation":17,"presetID":234,"pivotY":7,"pivotX":4,"name":"V","height":14},"compId":6577,"child":[{"type":"Script","props":{"y":-5,"x":-3,"width":13,"presetID":235,"isSensor":true,"height":24,"runtime":"Laya.BoxCollider"},"compId":6578},{"type":"Script","props":{"type":"static","presetID":236,"gravityScale":0,"runtime":"Laya.RigidBody"},"compId":6579}]}]}]}],"loadList":["Game/UI/MakeTailor/diy_top_008_final/q1.png","Game/UI/MakeTailor/diy_top_008_final/s2.png","Game/UI/MakeTailor/diy_top_008_final/s7.png","Game/UI/MakeTailor/diy_top_008_final/s3.png","Game/UI/MakeTailor/diy_top_008_final/s1.png","Game/UI/MakeTailor/diy_top_008_final/s4.png","Game/UI/MakeTailor/diy_top_008_final/s6.png","Game/UI/MakeTailor/diy_top_008_final/s5.png","Game/UI/MakeTailor/diy_top_008_final/x2.png","Game/UI/MakeTailor/dotted1.png","Game/UI/MakeTailor/diy_top_008_final/x7.png","Game/UI/MakeTailor/diy_top_008_final/x3.png","Game/UI/MakeTailor/diy_top_008_final/x1.png","Game/UI/MakeTailor/diy_top_008_final/x4.png","Game/UI/MakeTailor/diy_top_008_final/x6.png","Game/UI/MakeTailor/diy_top_008_final/x5.png"],"loadList3D":[]}