{"type":"Box","props":{"y":0,"x":0,"width":720,"scaleY":0.9,"scaleX":0.9,"presetID":1,"name":"diy_top_005_final","isPresetRoot":true,"height":720,"centerY":0,"centerX":0},"compId":3965,"child":[{"type":"Sprite","props":{"y":210.5,"x":513,"width":52,"texture":"Game/UI/MakeTailor/diy_top_005_final/s3.png","presetID":2,"name":"Cloth05_R","height":281},"compId":2758},{"type":"Sprite","props":{"y":37,"x":496.5,"texture":"Game/UI/MakeTailor/diy_top_005_final/s5-2.png","presetID":3,"name":"Cloth02_R"},"compId":2756},{"type":"Sprite","props":{"y":495,"x":148.5,"width":433,"texture":"Game/UI/MakeTailor/diy_top_005_final/s5.png","presetID":4,"name":"Cloth03_D","height":200},"compId":2752},{"type":"Sprite","props":{"y":216.5,"x":166,"width":52,"texture":"Game/UI/MakeTailor/diy_top_005_final/s4.png","presetID":5,"name":"Cloth04_L","height":318},"compId":2751},{"type":"Sprite","props":{"y":10,"x":2.5,"texture":"Game/UI/MakeTailor/diy_top_005_final/s1.png","presetID":6,"name":"Cloth01_LU"},"compId":2986},{"type":"Sprite","props":{"y":23,"x":-272,"texture":"Game/UI/MakeTailor/diy_top_005_final/q1.png","presetID":7,"name":"Ultimately"},"compId":2577},{"type":"Image","props":{"y":23,"width":512,"presetID":8,"name":"LineParent","height":725,"centerX":-3},"compId":2578,"child":[{"type":"Sprite","props":{"y":7,"x":104,"texture":"Game/UI/MakeTailor/diy_top_005_final/x1.png","presetID":9,"name":"Line01"},"compId":2579,"child":[{"type":"Image","props":{"y":170,"x":8,"width":7,"skin":"Game/UI/MakeTailor/dotted1.png","rotation":48,"presetID":10,"pivotY":7,"pivotX":4,"name":"A","height":14},"compId":2598,"child":[{"type":"Script","props":{"y":-5,"x":-3,"width":13,"presetID":11,"isSensor":true,"height":24,"runtime":"Laya.BoxCollider"},"compId":2599},{"type":"Script","props":{"type":"static","presetID":12,"gravityScale":0,"runtime":"Laya.RigidBody"},"compId":2600}]},{"type":"Image","props":{"y":156,"x":24,"width":7,"skin":"Game/UI/MakeTailor/dotted1.png","rotation":48,"presetID":13,"pivotY":7,"pivotX":4,"name":"A","height":14},"compId":3969,"child":[{"type":"Script","props":{"y":-5,"x":-3,"width":13,"presetID":14,"isSensor":true,"height":24,"runtime":"Laya.BoxCollider"},"compId":3970},{"type":"Script","props":{"type":"static","presetID":15,"gravityScale":0,"runtime":"Laya.RigidBody"},"compId":3971}]},{"type":"Image","props":{"y":142,"x":40,"width":7,"skin":"Game/UI/MakeTailor/dotted1.png","rotation":52,"presetID":16,"pivotY":7,"pivotX":4,"name":"A","height":14},"compId":3972,"child":[{"type":"Script","props":{"y":-5,"x":-3,"width":13,"presetID":17,"isSensor":true,"height":24,"runtime":"Laya.BoxCollider"},"compId":3973},{"type":"Script","props":{"type":"static","presetID":18,"gravityScale":0,"runtime":"Laya.RigidBody"},"compId":3974}]},{"type":"Image","props":{"y":130,"x":57,"width":7,"skin":"Game/UI/MakeTailor/dotted1.png","rotation":56,"presetID":19,"pivotY":7,"pivotX":4,"name":"A","height":14},"compId":3975,"child":[{"type":"Script","props":{"y":-5,"x":-3,"width":13,"presetID":20,"isSensor":true,"height":24,"runtime":"Laya.BoxCollider"},"compId":3976},{"type":"Script","props":{"type":"static","presetID":21,"gravityScale":0,"runtime":"Laya.RigidBody"},"compId":3977}]},{"type":"Image","props":{"y":119,"x":76,"width":7,"skin":"Game/UI/MakeTailor/dotted1.png","rotation":64,"presetID":22,"pivotY":7,"pivotX":4,"name":"A","height":14},"compId":3978,"child":[{"type":"Script","props":{"y":-5,"x":-3,"width":13,"presetID":23,"isSensor":true,"height":24,"runtime":"Laya.BoxCollider"},"compId":3979},{"type":"Script","props":{"type":"static","presetID":24,"gravityScale":0,"runtime":"Laya.RigidBody"},"compId":3980}]},{"type":"Image","props":{"y":109,"x":95,"width":7,"skin":"Game/UI/MakeTailor/dotted1.png","rotation":63,"presetID":25,"pivotY":7,"pivotX":4,"name":"A","height":14},"compId":3981,"child":[{"type":"Script","props":{"y":-5,"x":-3,"width":13,"presetID":26,"isSensor":true,"height":24,"runtime":"Laya.BoxCollider"},"compId":3982},{"type":"Script","props":{"type":"static","presetID":27,"gravityScale":0,"runtime":"Laya.RigidBody"},"compId":3983}]},{"type":"Image","props":{"y":100,"x":114,"width":7,"skin":"Game/UI/MakeTailor/dotted1.png","rotation":66,"presetID":28,"pivotY":7,"pivotX":4,"name":"A","height":14},"compId":3984,"child":[{"type":"Script","props":{"y":-5,"x":-3,"width":13,"presetID":29,"isSensor":true,"height":24,"runtime":"Laya.BoxCollider"},"compId":3985},{"type":"Script","props":{"type":"static","presetID":30,"gravityScale":0,"runtime":"Laya.RigidBody"},"compId":3986}]},{"type":"Image","props":{"y":92,"x":132,"width":7,"skin":"Game/UI/MakeTailor/dotted1.png","rotation":67,"presetID":31,"pivotY":7,"pivotX":4,"name":"A","height":14},"compId":3990,"child":[{"type":"Script","props":{"y":-5,"x":-3,"width":13,"presetID":32,"isSensor":true,"height":24,"runtime":"Laya.BoxCollider"},"compId":3991},{"type":"Script","props":{"type":"static","presetID":33,"gravityScale":0,"runtime":"Laya.RigidBody"},"compId":3992}]},{"type":"Image","props":{"y":84,"x":151,"width":7,"skin":"Game/UI/MakeTailor/dotted1.png","rotation":65,"presetID":34,"pivotY":7,"pivotX":4,"name":"A","height":14},"compId":3999,"child":[{"type":"Script","props":{"y":-5,"x":-3,"width":13,"presetID":35,"isSensor":true,"height":24,"runtime":"Laya.BoxCollider"},"compId":4000},{"type":"Script","props":{"type":"static","presetID":36,"gravityScale":0,"runtime":"Laya.RigidBody"},"compId":4001}]},{"type":"Image","props":{"y":75,"x":169,"width":7,"skin":"Game/UI/MakeTailor/dotted1.png","rotation":64,"presetID":37,"pivotY":7,"pivotX":4,"name":"A","height":14},"compId":4002,"child":[{"type":"Script","props":{"y":-5,"x":-3,"width":13,"presetID":38,"isSensor":true,"height":24,"runtime":"Laya.BoxCollider"},"compId":4003},{"type":"Script","props":{"type":"static","presetID":39,"gravityScale":0,"runtime":"Laya.RigidBody"},"compId":4004}]},{"type":"Image","props":{"y":66,"x":188,"width":7,"skin":"Game/UI/MakeTailor/dotted1.png","rotation":64,"presetID":40,"pivotY":7,"pivotX":4,"name":"A","height":14},"compId":4005,"child":[{"type":"Script","props":{"y":-5,"x":-3,"width":13,"presetID":41,"isSensor":true,"height":24,"runtime":"Laya.BoxCollider"},"compId":4006},{"type":"Script","props":{"type":"static","presetID":42,"gravityScale":0,"runtime":"Laya.RigidBody"},"compId":4007}]},{"type":"Image","props":{"y":56,"x":206,"width":7,"skin":"Game/UI/MakeTailor/dotted1.png","rotation":58,"presetID":43,"pivotY":7,"pivotX":4,"name":"A","height":14},"compId":4008,"child":[{"type":"Script","props":{"y":-5,"x":-3,"width":13,"presetID":44,"isSensor":true,"height":24,"runtime":"Laya.BoxCollider"},"compId":4009},{"type":"Script","props":{"type":"static","presetID":45,"gravityScale":0,"runtime":"Laya.RigidBody"},"compId":4010}]},{"type":"Image","props":{"y":44,"x":224,"width":7,"skin":"Game/UI/MakeTailor/dotted1.png","rotation":52,"presetID":46,"pivotY":7,"pivotX":4,"name":"A","height":14},"compId":4011,"child":[{"type":"Script","props":{"y":-5,"x":-3,"width":13,"presetID":47,"isSensor":true,"height":24,"runtime":"Laya.BoxCollider"},"compId":4012},{"type":"Script","props":{"type":"static","presetID":48,"gravityScale":0,"runtime":"Laya.RigidBody"},"compId":4013}]},{"type":"Image","props":{"y":30,"x":239,"width":7,"skin":"Game/UI/MakeTailor/dotted1.png","rotation":44,"presetID":49,"pivotY":7,"pivotX":4,"name":"A","height":14},"compId":4014,"child":[{"type":"Script","props":{"y":-5,"x":-3,"width":13,"presetID":50,"isSensor":true,"height":24,"runtime":"Laya.BoxCollider"},"compId":4015},{"type":"Script","props":{"type":"static","presetID":51,"gravityScale":0,"runtime":"Laya.RigidBody"},"compId":4016}]},{"type":"Image","props":{"y":13,"x":251,"width":7,"skin":"Game/UI/MakeTailor/dotted1.png","rotation":32,"presetID":52,"pivotY":7,"pivotX":4,"name":"A","height":14},"compId":4017,"child":[{"type":"Script","props":{"y":-5,"x":-3,"width":13,"presetID":53,"isSensor":true,"height":24,"runtime":"Laya.BoxCollider"},"compId":4018},{"type":"Script","props":{"type":"static","presetID":54,"gravityScale":0,"runtime":"Laya.RigidBody"},"compId":4019}]}]},{"type":"Sprite","props":{"y":15,"x":394,"texture":"Game/UI/MakeTailor/diy_top_005_final/x2.png","presetID":55,"name":"Line02"},"compId":2601,"child":[{"type":"Image","props":{"y":11,"x":17,"width":7,"skin":"Game/UI/MakeTailor/dotted1.png","rotation":19,"presetID":56,"pivotY":7,"pivotX":4,"name":"V","height":14},"compId":2650,"child":[{"type":"Script","props":{"y":-5,"x":-3,"width":13,"presetID":57,"isSensor":true,"height":24,"runtime":"Laya.BoxCollider"},"compId":2651},{"type":"Script","props":{"type":"static","presetID":58,"gravityScale":0,"runtime":"Laya.RigidBody"},"compId":2652}]},{"type":"Image","props":{"y":30,"x":11,"width":7,"skin":"Game/UI/MakeTailor/dotted1.png","rotation":17,"presetID":59,"pivotY":7,"pivotX":4,"name":"V","height":14},"compId":4020,"child":[{"type":"Script","props":{"y":-5,"x":-3,"width":13,"presetID":60,"isSensor":true,"height":24,"runtime":"Laya.BoxCollider"},"compId":4021},{"type":"Script","props":{"type":"static","presetID":61,"gravityScale":0,"runtime":"Laya.RigidBody"},"compId":4022}]},{"type":"Image","props":{"y":50,"x":6,"width":7,"skin":"Game/UI/MakeTailor/dotted1.png","rotation":8,"presetID":62,"pivotY":7,"pivotX":4,"name":"V","height":14},"compId":4023,"child":[{"type":"Script","props":{"y":-5,"x":-3,"width":13,"presetID":63,"isSensor":true,"height":24,"runtime":"Laya.BoxCollider"},"compId":4024},{"type":"Script","props":{"type":"static","presetID":64,"gravityScale":0,"runtime":"Laya.RigidBody"},"compId":4025}]},{"type":"Image","props":{"y":71,"x":5,"width":7,"skin":"Game/UI/MakeTailor/dotted1.png","rotation":-1,"presetID":65,"pivotY":7,"pivotX":4,"name":"V","height":14},"compId":4026,"child":[{"type":"Script","props":{"y":-5,"x":-3,"width":13,"presetID":66,"isSensor":true,"height":24,"runtime":"Laya.BoxCollider"},"compId":4027},{"type":"Script","props":{"type":"static","presetID":67,"gravityScale":0,"runtime":"Laya.RigidBody"},"compId":4028}]},{"type":"Image","props":{"y":92,"x":7,"width":7,"skin":"Game/UI/MakeTailor/dotted1.png","rotation":-9,"presetID":68,"pivotY":7,"pivotX":4,"name":"V","height":14},"compId":4029,"child":[{"type":"Script","props":{"y":-5,"x":-3,"width":13,"presetID":69,"isSensor":true,"height":24,"runtime":"Laya.BoxCollider"},"compId":4030},{"type":"Script","props":{"type":"static","presetID":70,"gravityScale":0,"runtime":"Laya.RigidBody"},"compId":4031}]},{"type":"Image","props":{"y":112,"x":12,"width":7,"skin":"Game/UI/MakeTailor/dotted1.png","rotation":-16,"presetID":71,"pivotY":7,"pivotX":4,"name":"V","height":14},"compId":4032,"child":[{"type":"Script","props":{"y":-5,"x":-3,"width":13,"presetID":72,"isSensor":true,"height":24,"runtime":"Laya.BoxCollider"},"compId":4033},{"type":"Script","props":{"type":"static","presetID":73,"gravityScale":0,"runtime":"Laya.RigidBody"},"compId":4034}]},{"type":"Image","props":{"y":131,"x":17,"width":7,"skin":"Game/UI/MakeTailor/dotted1.png","rotation":-16,"presetID":74,"pivotY":7,"pivotX":4,"name":"V","height":14},"compId":4035,"child":[{"type":"Script","props":{"y":-5,"x":-3,"width":13,"presetID":75,"isSensor":true,"height":24,"runtime":"Laya.BoxCollider"},"compId":4036},{"type":"Script","props":{"type":"static","presetID":76,"gravityScale":0,"runtime":"Laya.RigidBody"},"compId":4037}]},{"type":"Image","props":{"y":150,"x":24,"width":7,"skin":"Game/UI/MakeTailor/dotted1.png","rotation":-19,"presetID":77,"pivotY":7,"pivotX":4,"name":"V","height":14},"compId":4038,"child":[{"type":"Script","props":{"y":-5,"x":-3,"width":13,"presetID":78,"isSensor":true,"height":24,"runtime":"Laya.BoxCollider"},"compId":4039},{"type":"Script","props":{"type":"static","presetID":79,"gravityScale":0,"runtime":"Laya.RigidBody"},"compId":4040}]},{"type":"Image","props":{"y":169,"x":31,"width":7,"skin":"Game/UI/MakeTailor/dotted1.png","rotation":-19,"presetID":80,"pivotY":7,"pivotX":4,"name":"V","height":14},"compId":4041,"child":[{"type":"Script","props":{"y":-5,"x":-3,"width":13,"presetID":81,"isSensor":true,"height":24,"runtime":"Laya.BoxCollider"},"compId":4042},{"type":"Script","props":{"type":"static","presetID":82,"gravityScale":0,"runtime":"Laya.RigidBody"},"compId":4043}]}]},{"type":"Sprite","props":{"y":474,"x":52,"texture":"Game/UI/MakeTailor/diy_top_005_final/x5.png","presetID":83,"name":"Line03"},"compId":2653,"child":[{"type":"Image","props":{"y":66,"x":19,"width":7,"skin":"Game/UI/MakeTailor/dotted1.png","rotation":101,"presetID":84,"pivotY":7,"pivotX":4,"name":"A","height":14},"compId":2744,"child":[{"type":"Script","props":{"y":-4,"x":-3,"width":13,"presetID":85,"isSensor":true,"height":24,"runtime":"Laya.BoxCollider"},"compId":2745},{"type":"Script","props":{"y":1,"x":0,"type":"static","presetID":86,"gravityScale":0,"runtime":"Laya.RigidBody"},"compId":2746}]},{"type":"Image","props":{"y":71,"x":40,"width":7,"skin":"Game/UI/MakeTailor/dotted1.png","rotation":101,"presetID":87,"pivotY":7,"pivotX":4,"name":"A","height":14},"compId":4044,"child":[{"type":"Script","props":{"y":-4,"x":-3,"width":13,"presetID":88,"isSensor":true,"height":24,"runtime":"Laya.BoxCollider"},"compId":4045},{"type":"Script","props":{"y":1,"x":0,"type":"static","presetID":89,"gravityScale":0,"runtime":"Laya.RigidBody"},"compId":4046}]},{"type":"Image","props":{"y":76,"x":63,"width":7,"skin":"Game/UI/MakeTailor/dotted1.png","rotation":97,"presetID":90,"pivotY":7,"pivotX":4,"name":"A","height":14},"compId":4047,"child":[{"type":"Script","props":{"y":-4,"x":-3,"width":13,"presetID":91,"isSensor":true,"height":24,"runtime":"Laya.BoxCollider"},"compId":4048},{"type":"Script","props":{"y":1,"x":0,"type":"static","presetID":92,"gravityScale":0,"runtime":"Laya.RigidBody"},"compId":4049}]},{"type":"Image","props":{"y":79,"x":85,"width":7,"skin":"Game/UI/MakeTailor/dotted1.png","rotation":95,"presetID":93,"pivotY":7,"pivotX":4,"name":"A","height":14},"compId":4050,"child":[{"type":"Script","props":{"y":-4,"x":-3,"width":13,"presetID":94,"isSensor":true,"height":24,"runtime":"Laya.BoxCollider"},"compId":4051},{"type":"Script","props":{"y":1,"x":0,"type":"static","presetID":95,"gravityScale":0,"runtime":"Laya.RigidBody"},"compId":4052}]},{"type":"Image","props":{"y":81,"x":106,"width":7,"skin":"Game/UI/MakeTailor/dotted1.png","rotation":92,"presetID":96,"pivotY":7,"pivotX":4,"name":"A","height":14},"compId":4053,"child":[{"type":"Script","props":{"y":-4,"x":-3,"width":13,"presetID":97,"isSensor":true,"height":24,"runtime":"Laya.BoxCollider"},"compId":4054},{"type":"Script","props":{"y":1,"x":0,"type":"static","presetID":98,"gravityScale":0,"runtime":"Laya.RigidBody"},"compId":4055}]},{"type":"Image","props":{"y":81,"x":128,"width":7,"skin":"Game/UI/MakeTailor/dotted1.png","rotation":90,"presetID":99,"pivotY":7,"pivotX":4,"name":"A","height":14},"compId":4056,"child":[{"type":"Script","props":{"y":-4,"x":-3,"width":13,"presetID":100,"isSensor":true,"height":24,"runtime":"Laya.BoxCollider"},"compId":4057},{"type":"Script","props":{"y":1,"x":0,"type":"static","presetID":101,"gravityScale":0,"runtime":"Laya.RigidBody"},"compId":4058}]},{"type":"Image","props":{"y":80,"x":149,"width":7,"skin":"Game/UI/MakeTailor/dotted1.png","rotation":86,"presetID":102,"pivotY":7,"pivotX":4,"name":"A","height":14},"compId":4059,"child":[{"type":"Script","props":{"y":-4,"x":-3,"width":13,"presetID":103,"isSensor":true,"height":24,"runtime":"Laya.BoxCollider"},"compId":4060},{"type":"Script","props":{"y":1,"x":0,"type":"static","presetID":104,"gravityScale":0,"runtime":"Laya.RigidBody"},"compId":4061}]},{"type":"Image","props":{"y":77,"x":171,"width":7,"skin":"Game/UI/MakeTailor/dotted1.png","rotation":78,"presetID":105,"pivotY":7,"pivotX":4,"name":"A","height":14},"compId":4062,"child":[{"type":"Script","props":{"y":-4,"x":-3,"width":13,"presetID":106,"isSensor":true,"height":24,"runtime":"Laya.BoxCollider"},"compId":4063},{"type":"Script","props":{"y":1,"x":0,"type":"static","presetID":107,"gravityScale":0,"runtime":"Laya.RigidBody"},"compId":4064}]},{"type":"Image","props":{"y":72,"x":192,"width":7,"skin":"Game/UI/MakeTailor/dotted1.png","rotation":78,"presetID":108,"pivotY":7,"pivotX":4,"name":"A","height":14},"compId":4065,"child":[{"type":"Script","props":{"y":-4,"x":-3,"width":13,"presetID":109,"isSensor":true,"height":24,"runtime":"Laya.BoxCollider"},"compId":4066},{"type":"Script","props":{"y":1,"x":0,"type":"static","presetID":110,"gravityScale":0,"runtime":"Laya.RigidBody"},"compId":4067}]},{"type":"Image","props":{"y":68,"x":213,"width":7,"skin":"Game/UI/MakeTailor/dotted1.png","rotation":78,"presetID":111,"pivotY":7,"pivotX":4,"name":"A","height":14},"compId":4068,"child":[{"type":"Script","props":{"y":-4,"x":-3,"width":13,"presetID":112,"isSensor":true,"height":24,"runtime":"Laya.BoxCollider"},"compId":4069},{"type":"Script","props":{"y":1,"x":0,"type":"static","presetID":113,"gravityScale":0,"runtime":"Laya.RigidBody"},"compId":4070}]},{"type":"Image","props":{"y":63,"x":234,"width":7,"skin":"Game/UI/MakeTailor/dotted1.png","rotation":78,"presetID":114,"pivotY":7,"pivotX":4,"name":"A","height":14},"compId":4071,"child":[{"type":"Script","props":{"y":-4,"x":-3,"width":13,"presetID":115,"isSensor":true,"height":24,"runtime":"Laya.BoxCollider"},"compId":4072},{"type":"Script","props":{"y":1,"x":0,"type":"static","presetID":116,"gravityScale":0,"runtime":"Laya.RigidBody"},"compId":4073}]},{"type":"Image","props":{"y":58,"x":254,"width":7,"skin":"Game/UI/MakeTailor/dotted1.png","rotation":75,"presetID":117,"pivotY":7,"pivotX":4,"name":"A","height":14},"compId":4074,"child":[{"type":"Script","props":{"y":-4,"x":-3,"width":13,"presetID":118,"isSensor":true,"height":24,"runtime":"Laya.BoxCollider"},"compId":4075},{"type":"Script","props":{"y":1,"x":0,"type":"static","presetID":119,"gravityScale":0,"runtime":"Laya.RigidBody"},"compId":4076}]},{"type":"Image","props":{"y":53,"x":274,"width":7,"skin":"Game/UI/MakeTailor/dotted1.png","rotation":74,"presetID":120,"pivotY":7,"pivotX":4,"name":"A","height":14},"compId":4077,"child":[{"type":"Script","props":{"y":-4,"x":-3,"width":13,"presetID":121,"isSensor":true,"height":24,"runtime":"Laya.BoxCollider"},"compId":4078},{"type":"Script","props":{"y":1,"x":0,"type":"static","presetID":122,"gravityScale":0,"runtime":"Laya.RigidBody"},"compId":4079}]},{"type":"Image","props":{"y":47,"x":294,"width":7,"skin":"Game/UI/MakeTailor/dotted1.png","rotation":74,"presetID":123,"pivotY":7,"pivotX":4,"name":"A","height":14},"compId":4080,"child":[{"type":"Script","props":{"y":-4,"x":-3,"width":13,"presetID":124,"isSensor":true,"height":24,"runtime":"Laya.BoxCollider"},"compId":4081},{"type":"Script","props":{"y":1,"x":0,"type":"static","presetID":125,"gravityScale":0,"runtime":"Laya.RigidBody"},"compId":4082}]},{"type":"Image","props":{"y":41,"x":314,"width":7,"skin":"Game/UI/MakeTailor/dotted1.png","rotation":72,"presetID":126,"pivotY":7,"pivotX":4,"name":"A","height":14},"compId":4083,"child":[{"type":"Script","props":{"y":-4,"x":-3,"width":13,"presetID":127,"isSensor":true,"height":24,"runtime":"Laya.BoxCollider"},"compId":4084},{"type":"Script","props":{"y":1,"x":0,"type":"static","presetID":128,"gravityScale":0,"runtime":"Laya.RigidBody"},"compId":4085}]},{"type":"Image","props":{"y":34,"x":334,"width":7,"skin":"Game/UI/MakeTailor/dotted1.png","rotation":68,"presetID":129,"pivotY":7,"pivotX":4,"name":"A","height":14},"compId":4086,"child":[{"type":"Script","props":{"y":-4,"x":-3,"width":13,"presetID":130,"isSensor":true,"height":24,"runtime":"Laya.BoxCollider"},"compId":4087},{"type":"Script","props":{"y":1,"x":0,"type":"static","presetID":131,"gravityScale":0,"runtime":"Laya.RigidBody"},"compId":4088}]},{"type":"Image","props":{"y":26,"x":353,"width":7,"skin":"Game/UI/MakeTailor/dotted1.png","rotation":67,"presetID":132,"pivotY":7,"pivotX":4,"name":"A","height":14},"compId":4089,"child":[{"type":"Script","props":{"y":-4,"x":-3,"width":13,"presetID":133,"isSensor":true,"height":24,"runtime":"Laya.BoxCollider"},"compId":4090},{"type":"Script","props":{"y":1,"x":0,"type":"static","presetID":134,"gravityScale":0,"runtime":"Laya.RigidBody"},"compId":4091}]},{"type":"Image","props":{"y":18,"x":372,"width":7,"skin":"Game/UI/MakeTailor/dotted1.png","rotation":67,"presetID":135,"pivotY":7,"pivotX":4,"name":"A","height":14},"compId":4092,"child":[{"type":"Script","props":{"y":-4,"x":-3,"width":13,"presetID":136,"isSensor":true,"height":24,"runtime":"Laya.BoxCollider"},"compId":4093},{"type":"Script","props":{"y":1,"x":0,"type":"static","presetID":137,"gravityScale":0,"runtime":"Laya.RigidBody"},"compId":4094}]},{"type":"Image","props":{"y":10,"x":391,"width":7,"skin":"Game/UI/MakeTailor/dotted1.png","rotation":67,"presetID":138,"pivotY":7,"pivotX":4,"name":"A","height":14},"compId":4095,"child":[{"type":"Script","props":{"y":-4,"x":-3,"width":13,"presetID":139,"isSensor":true,"height":24,"runtime":"Laya.BoxCollider"},"compId":4096},{"type":"Script","props":{"y":1,"x":0,"type":"static","presetID":140,"gravityScale":0,"runtime":"Laya.RigidBody"},"compId":4097}]},{"type":"Image","props":{"y":4,"x":406,"width":7,"skin":"Game/UI/MakeTailor/dotted1.png","rotation":67,"presetID":141,"pivotY":7,"pivotX":4,"name":"A","height":10},"compId":4098,"child":[{"type":"Script","props":{"y":-4,"x":-3,"width":13,"presetID":142,"isSensor":true,"height":24,"runtime":"Laya.BoxCollider"},"compId":4099},{"type":"Script","props":{"y":1,"x":0,"type":"static","presetID":143,"gravityScale":0,"runtime":"Laya.RigidBody"},"compId":4100}]}]},{"type":"Sprite","props":{"y":187.50000009378215,"x":42,"texture":"Game/UI/MakeTailor/diy_top_005_final/x4.png","presetID":144,"name":"Line04"},"compId":2754,"child":[{"type":"Image","props":{"y":9,"x":67,"width":7,"skin":"Game/UI/MakeTailor/dotted1.png","rotation":-8,"presetID":145,"pivotY":7,"pivotX":4,"name":"V","height":14},"compId":2844,"child":[{"type":"Script","props":{"y":-4,"x":-3,"width":13,"presetID":146,"isSensor":true,"height":24,"runtime":"Laya.BoxCollider"},"compId":2845},{"type":"Script","props":{"y":1,"x":0,"type":"static","presetID":147,"gravityScale":0,"runtime":"Laya.RigidBody"},"compId":2846}]},{"type":"Image","props":{"y":28,"x":70,"width":7,"skin":"Game/UI/MakeTailor/dotted1.png","rotation":-8,"presetID":148,"pivotY":7,"pivotX":4,"name":"V","height":14},"compId":4101,"child":[{"type":"Script","props":{"y":-4,"x":-3,"width":13,"presetID":149,"isSensor":true,"height":24,"runtime":"Laya.BoxCollider"},"compId":4102},{"type":"Script","props":{"y":1,"x":0,"type":"static","presetID":150,"gravityScale":0,"runtime":"Laya.RigidBody"},"compId":4103}]},{"type":"Image","props":{"y":48,"x":72,"width":7,"skin":"Game/UI/MakeTailor/dotted1.png","rotation":-5,"presetID":151,"pivotY":7,"pivotX":4,"name":"V","height":14},"compId":4104,"child":[{"type":"Script","props":{"y":-4,"x":-3,"width":13,"presetID":152,"isSensor":true,"height":24,"runtime":"Laya.BoxCollider"},"compId":4105},{"type":"Script","props":{"y":1,"x":0,"type":"static","presetID":153,"gravityScale":0,"runtime":"Laya.RigidBody"},"compId":4106}]},{"type":"Image","props":{"y":66,"x":74,"width":7,"skin":"Game/UI/MakeTailor/dotted1.png","rotation":-5,"presetID":154,"pivotY":7,"pivotX":4,"name":"V","height":14},"compId":4107,"child":[{"type":"Script","props":{"y":-4,"x":-3,"width":13,"presetID":155,"isSensor":true,"height":24,"runtime":"Laya.BoxCollider"},"compId":4108},{"type":"Script","props":{"y":1,"x":0,"type":"static","presetID":156,"gravityScale":0,"runtime":"Laya.RigidBody"},"compId":4109}]},{"type":"Image","props":{"y":85,"x":76,"width":7,"skin":"Game/UI/MakeTailor/dotted1.png","rotation":-5,"presetID":157,"pivotY":7,"pivotX":4,"name":"V","height":14},"compId":4110,"child":[{"type":"Script","props":{"y":-4,"x":-3,"width":13,"presetID":158,"isSensor":true,"height":24,"runtime":"Laya.BoxCollider"},"compId":4111},{"type":"Script","props":{"y":1,"x":0,"type":"static","presetID":159,"gravityScale":0,"runtime":"Laya.RigidBody"},"compId":4112}]},{"type":"Image","props":{"y":105,"x":77,"width":7,"skin":"Game/UI/MakeTailor/dotted1.png","rotation":-1,"presetID":160,"pivotY":7,"pivotX":4,"name":"V","height":14},"compId":4113,"child":[{"type":"Script","props":{"y":-4,"x":-3,"width":13,"presetID":161,"isSensor":true,"height":24,"runtime":"Laya.BoxCollider"},"compId":4114},{"type":"Script","props":{"y":1,"x":0,"type":"static","presetID":162,"gravityScale":0,"runtime":"Laya.RigidBody"},"compId":4115}]},{"type":"Image","props":{"y":126,"x":77,"width":7,"skin":"Game/UI/MakeTailor/dotted1.png","rotation":2,"presetID":163,"pivotY":7,"pivotX":4,"name":"V","height":14},"compId":4116,"child":[{"type":"Script","props":{"y":-4,"x":-3,"width":13,"presetID":164,"isSensor":true,"height":24,"runtime":"Laya.BoxCollider"},"compId":4117},{"type":"Script","props":{"y":1,"x":0,"type":"static","presetID":165,"gravityScale":0,"runtime":"Laya.RigidBody"},"compId":4118}]},{"type":"Image","props":{"y":146,"x":76,"width":7,"skin":"Game/UI/MakeTailor/dotted1.png","rotation":6,"presetID":166,"pivotY":7,"pivotX":4,"name":"V","height":14},"compId":4119,"child":[{"type":"Script","props":{"y":-4,"x":-3,"width":13,"presetID":167,"isSensor":true,"height":24,"runtime":"Laya.BoxCollider"},"compId":4120},{"type":"Script","props":{"y":1,"x":0,"type":"static","presetID":168,"gravityScale":0,"runtime":"Laya.RigidBody"},"compId":4121}]},{"type":"Image","props":{"y":165,"x":74,"width":7,"skin":"Game/UI/MakeTailor/dotted1.png","rotation":8,"presetID":169,"pivotY":7,"pivotX":4,"name":"V","height":14},"compId":4122,"child":[{"type":"Script","props":{"y":-4,"x":-3,"width":13,"presetID":170,"isSensor":true,"height":24,"runtime":"Laya.BoxCollider"},"compId":4123},{"type":"Script","props":{"y":1,"x":0,"type":"static","presetID":171,"gravityScale":0,"runtime":"Laya.RigidBody"},"compId":4124}]},{"type":"Image","props":{"y":185,"x":71,"width":7,"skin":"Game/UI/MakeTailor/dotted1.png","rotation":8,"presetID":172,"pivotY":7,"pivotX":4,"name":"V","height":14},"compId":4125,"child":[{"type":"Script","props":{"y":-4,"x":-3,"width":13,"presetID":173,"isSensor":true,"height":24,"runtime":"Laya.BoxCollider"},"compId":4126},{"type":"Script","props":{"y":1,"x":0,"type":"static","presetID":174,"gravityScale":0,"runtime":"Laya.RigidBody"},"compId":4127}]},{"type":"Image","props":{"y":204,"x":68,"width":7,"skin":"Game/UI/MakeTailor/dotted1.png","rotation":11,"presetID":175,"pivotY":7,"pivotX":4,"name":"V","height":14},"compId":4128,"child":[{"type":"Script","props":{"y":-4,"x":-3,"width":13,"presetID":176,"isSensor":true,"height":24,"runtime":"Laya.BoxCollider"},"compId":4129},{"type":"Script","props":{"y":1,"x":0,"type":"static","presetID":177,"gravityScale":0,"runtime":"Laya.RigidBody"},"compId":4130}]},{"type":"Image","props":{"y":222,"x":63,"width":7,"skin":"Game/UI/MakeTailor/dotted1.png","rotation":17,"presetID":178,"pivotY":7,"pivotX":4,"name":"V","height":14},"compId":4131,"child":[{"type":"Script","props":{"y":-4,"x":-3,"width":13,"presetID":179,"isSensor":true,"height":24,"runtime":"Laya.BoxCollider"},"compId":4132},{"type":"Script","props":{"y":1,"x":0,"type":"static","presetID":180,"gravityScale":0,"runtime":"Laya.RigidBody"},"compId":4133}]},{"type":"Image","props":{"y":239,"x":57,"width":7,"skin":"Game/UI/MakeTailor/dotted1.png","rotation":24,"presetID":181,"pivotY":7,"pivotX":4,"name":"V","height":14},"compId":4134,"child":[{"type":"Script","props":{"y":-4,"x":-3,"width":13,"presetID":182,"isSensor":true,"height":24,"runtime":"Laya.BoxCollider"},"compId":4135},{"type":"Script","props":{"y":1,"x":0,"type":"static","presetID":183,"gravityScale":0,"runtime":"Laya.RigidBody"},"compId":4136}]},{"type":"Image","props":{"y":257,"x":49,"width":7,"skin":"Game/UI/MakeTailor/dotted1.png","rotation":24,"presetID":184,"pivotY":7,"pivotX":4,"name":"V","height":14},"compId":4137,"child":[{"type":"Script","props":{"y":-4,"x":-3,"width":13,"presetID":185,"isSensor":true,"height":24,"runtime":"Laya.BoxCollider"},"compId":4138},{"type":"Script","props":{"y":1,"x":0,"type":"static","presetID":186,"gravityScale":0,"runtime":"Laya.RigidBody"},"compId":4139}]},{"type":"Image","props":{"y":277,"x":41,"width":7,"skin":"Game/UI/MakeTailor/dotted1.png","rotation":20,"presetID":187,"pivotY":7,"pivotX":4,"name":"V","height":14},"compId":4140,"child":[{"type":"Script","props":{"y":-4,"x":-3,"width":13,"presetID":188,"isSensor":true,"height":24,"runtime":"Laya.BoxCollider"},"compId":4141},{"type":"Script","props":{"y":1,"x":0,"type":"static","presetID":189,"gravityScale":0,"runtime":"Laya.RigidBody"},"compId":4142}]},{"type":"Image","props":{"y":296,"x":35,"width":7,"skin":"Game/UI/MakeTailor/dotted1.png","rotation":18,"presetID":190,"pivotY":7,"pivotX":4,"name":"V","height":14},"compId":4143,"child":[{"type":"Script","props":{"y":-4,"x":-3,"width":13,"presetID":191,"isSensor":true,"height":24,"runtime":"Laya.BoxCollider"},"compId":4144},{"type":"Script","props":{"y":1,"x":0,"type":"static","presetID":192,"gravityScale":0,"runtime":"Laya.RigidBody"},"compId":4145}]},{"type":"Image","props":{"y":316,"x":29,"width":7,"skin":"Game/UI/MakeTailor/dotted1.png","rotation":15,"presetID":193,"pivotY":7,"pivotX":4,"name":"V","height":14},"compId":4146,"child":[{"type":"Script","props":{"y":-4,"x":-3,"width":13,"presetID":194,"isSensor":true,"height":24,"runtime":"Laya.BoxCollider"},"compId":4147},{"type":"Script","props":{"y":1,"x":0,"type":"static","presetID":195,"gravityScale":0,"runtime":"Laya.RigidBody"},"compId":4148}]},{"type":"Image","props":{"y":333,"x":25,"width":7,"skin":"Game/UI/MakeTailor/dotted1.png","rotation":15,"presetID":196,"pivotY":7,"pivotX":4,"name":"V","height":14},"compId":4149,"child":[{"type":"Script","props":{"y":-4,"x":-3,"width":13,"presetID":197,"isSensor":true,"height":24,"runtime":"Laya.BoxCollider"},"compId":4150},{"type":"Script","props":{"y":1,"x":0,"type":"static","presetID":198,"gravityScale":0,"runtime":"Laya.RigidBody"},"compId":4151}]}]},{"type":"Sprite","props":{"y":186,"x":408,"width":56,"texture":"Game/UI/MakeTailor/diy_top_005_final/x3.png","presetID":199,"name":"Line05","height":287},"compId":2900,"child":[{"type":"Image","props":{"y":10,"x":16,"width":7,"skin":"Game/UI/MakeTailor/dotted1.png","rotation":16,"presetID":200,"pivotY":7,"pivotX":4,"name":"V","height":14},"compId":2901,"child":[{"type":"Script","props":{"y":-5,"x":-3,"width":13,"presetID":201,"isSensor":true,"height":24,"runtime":"Laya.BoxCollider"},"compId":2902},{"type":"Script","props":{"y":2,"x":0,"type":"static","presetID":202,"gravityScale":0,"runtime":"Laya.RigidBody"},"compId":2903}]},{"type":"Image","props":{"y":30,"x":11,"width":7,"skin":"Game/UI/MakeTailor/dotted1.png","rotation":16,"presetID":203,"pivotY":7,"pivotX":4,"name":"V","height":14},"compId":4152,"child":[{"type":"Script","props":{"y":-5,"x":-3,"width":13,"presetID":204,"isSensor":true,"height":24,"runtime":"Laya.BoxCollider"},"compId":4153},{"type":"Script","props":{"y":2,"x":0,"type":"static","presetID":205,"gravityScale":0,"runtime":"Laya.RigidBody"},"compId":4154}]},{"type":"Image","props":{"y":51,"x":6,"width":7,"skin":"Game/UI/MakeTailor/dotted1.png","rotation":9,"presetID":206,"pivotY":7,"pivotX":4,"name":"V","height":14},"compId":4155,"child":[{"type":"Script","props":{"y":-5,"x":-3,"width":13,"presetID":207,"isSensor":true,"height":24,"runtime":"Laya.BoxCollider"},"compId":4156},{"type":"Script","props":{"y":2,"x":0,"type":"static","presetID":208,"gravityScale":0,"runtime":"Laya.RigidBody"},"compId":4157}]},{"type":"Image","props":{"y":72,"x":4,"width":7,"skin":"Game/UI/MakeTailor/dotted1.png","rotation":1,"presetID":209,"pivotY":7,"pivotX":4,"name":"V","height":14},"compId":4158,"child":[{"type":"Script","props":{"y":-5,"x":-3,"width":13,"presetID":210,"isSensor":true,"height":24,"runtime":"Laya.BoxCollider"},"compId":4159},{"type":"Script","props":{"y":2,"x":0,"type":"static","presetID":211,"gravityScale":0,"runtime":"Laya.RigidBody"},"compId":4160}]},{"type":"Image","props":{"y":93,"x":5,"width":7,"skin":"Game/UI/MakeTailor/dotted1.png","rotation":-5,"presetID":212,"pivotY":7,"pivotX":4,"name":"V","height":14},"compId":4161,"child":[{"type":"Script","props":{"y":-5,"x":-3,"width":13,"presetID":213,"isSensor":true,"height":24,"runtime":"Laya.BoxCollider"},"compId":4162},{"type":"Script","props":{"y":2,"x":0,"type":"static","presetID":214,"gravityScale":0,"runtime":"Laya.RigidBody"},"compId":4163}]},{"type":"Image","props":{"y":114,"x":7,"width":7,"skin":"Game/UI/MakeTailor/dotted1.png","rotation":-9,"presetID":215,"pivotY":7,"pivotX":4,"name":"V","height":14},"compId":4164,"child":[{"type":"Script","props":{"y":-5,"x":-3,"width":13,"presetID":216,"isSensor":true,"height":24,"runtime":"Laya.BoxCollider"},"compId":4165},{"type":"Script","props":{"y":2,"x":0,"type":"static","presetID":217,"gravityScale":0,"runtime":"Laya.RigidBody"},"compId":4166}]},{"type":"Image","props":{"y":134,"x":11,"width":7,"skin":"Game/UI/MakeTailor/dotted1.png","rotation":-10,"presetID":218,"pivotY":7,"pivotX":4,"name":"V","height":14},"compId":4167,"child":[{"type":"Script","props":{"y":-5,"x":-3,"width":13,"presetID":219,"isSensor":true,"height":24,"runtime":"Laya.BoxCollider"},"compId":4168},{"type":"Script","props":{"y":2,"x":0,"type":"static","presetID":220,"gravityScale":0,"runtime":"Laya.RigidBody"},"compId":4169}]},{"type":"Image","props":{"y":155,"x":15,"width":7,"skin":"Game/UI/MakeTailor/dotted1.png","rotation":-12,"presetID":221,"pivotY":7,"pivotX":4,"name":"V","height":14},"compId":4170,"child":[{"type":"Script","props":{"y":-5,"x":-3,"width":13,"presetID":222,"isSensor":true,"height":24,"runtime":"Laya.BoxCollider"},"compId":4171},{"type":"Script","props":{"y":2,"x":0,"type":"static","presetID":223,"gravityScale":0,"runtime":"Laya.RigidBody"},"compId":4172}]},{"type":"Image","props":{"y":175,"x":20,"width":7,"skin":"Game/UI/MakeTailor/dotted1.png","rotation":-15,"presetID":224,"pivotY":7,"pivotX":4,"name":"V","height":14},"compId":4173,"child":[{"type":"Script","props":{"y":-5,"x":-3,"width":13,"presetID":225,"isSensor":true,"height":24,"runtime":"Laya.BoxCollider"},"compId":4174},{"type":"Script","props":{"y":2,"x":0,"type":"static","presetID":226,"gravityScale":0,"runtime":"Laya.RigidBody"},"compId":4175}]},{"type":"Image","props":{"y":195,"x":25,"width":7,"skin":"Game/UI/MakeTailor/dotted1.png","rotation":-15,"presetID":227,"pivotY":7,"pivotX":4,"name":"V","height":14},"compId":4176,"child":[{"type":"Script","props":{"y":-5,"x":-3,"width":13,"presetID":228,"isSensor":true,"height":24,"runtime":"Laya.BoxCollider"},"compId":4177},{"type":"Script","props":{"y":2,"x":0,"type":"static","presetID":229,"gravityScale":0,"runtime":"Laya.RigidBody"},"compId":4178}]},{"type":"Image","props":{"y":216,"x":32,"width":7,"skin":"Game/UI/MakeTailor/dotted1.png","rotation":-18,"presetID":230,"pivotY":7,"pivotX":4,"name":"V","height":14},"compId":4179,"child":[{"type":"Script","props":{"y":-5,"x":-3,"width":13,"presetID":231,"isSensor":true,"height":24,"runtime":"Laya.BoxCollider"},"compId":4180},{"type":"Script","props":{"y":2,"x":0,"type":"static","presetID":232,"gravityScale":0,"runtime":"Laya.RigidBody"},"compId":4181}]},{"type":"Image","props":{"y":236,"x":38,"width":7,"skin":"Game/UI/MakeTailor/dotted1.png","rotation":-15,"presetID":233,"pivotY":7,"pivotX":4,"name":"V","height":14},"compId":4182,"child":[{"type":"Script","props":{"y":-5,"x":-3,"width":13,"presetID":234,"isSensor":true,"height":24,"runtime":"Laya.BoxCollider"},"compId":4183},{"type":"Script","props":{"y":2,"x":0,"type":"static","presetID":235,"gravityScale":0,"runtime":"Laya.RigidBody"},"compId":4184}]},{"type":"Image","props":{"y":255,"x":44,"width":7,"skin":"Game/UI/MakeTailor/dotted1.png","rotation":-19,"presetID":236,"pivotY":7,"pivotX":4,"name":"V","height":14},"compId":4185,"child":[{"type":"Script","props":{"y":-5,"x":-3,"width":13,"presetID":237,"isSensor":true,"height":24,"runtime":"Laya.BoxCollider"},"compId":4186},{"type":"Script","props":{"y":2,"x":0,"type":"static","presetID":238,"gravityScale":0,"runtime":"Laya.RigidBody"},"compId":4187}]},{"type":"Image","props":{"y":273,"x":52,"width":7,"skin":"Game/UI/MakeTailor/dotted1.png","rotation":-19,"presetID":239,"pivotY":7,"pivotX":4,"name":"V","height":14},"compId":4188,"child":[{"type":"Script","props":{"y":-5,"x":-3,"width":13,"presetID":240,"isSensor":true,"height":24,"runtime":"Laya.BoxCollider"},"compId":4189},{"type":"Script","props":{"y":2,"x":0,"type":"static","presetID":241,"gravityScale":0,"runtime":"Laya.RigidBody"},"compId":4190}]}]}]}],"loadList":["Game/UI/MakeTailor/diy_top_005_final/s3.png","Game/UI/MakeTailor/diy_top_005_final/s5-2.png","Game/UI/MakeTailor/diy_top_005_final/s5.png","Game/UI/MakeTailor/diy_top_005_final/s4.png","Game/UI/MakeTailor/diy_top_005_final/s1.png","Game/UI/MakeTailor/diy_top_005_final/q1.png","Game/UI/MakeTailor/diy_top_005_final/x1.png","Game/UI/MakeTailor/dotted1.png","Game/UI/MakeTailor/diy_top_005_final/x2.png","Game/UI/MakeTailor/diy_top_005_final/x5.png","Game/UI/MakeTailor/diy_top_005_final/x4.png","Game/UI/MakeTailor/diy_top_005_final/x3.png"],"loadList3D":[]}