{"type":"Box","props":{"y":0,"x":0,"width":720,"scaleY":1,"scaleX":1,"presetID":1,"name":"diy_top_004_final","isPresetRoot":true,"height":720,"centerY":0,"centerX":0},"compId":6119,"child":[{"type":"Sprite","props":{"y":78,"x":192,"texture":"Game/UI/MakeTailor/diy_top_004_final/q1.png","presetID":2,"name":"Ultimately"},"compId":2577},{"type":"Sprite","props":{"y":534,"x":174,"width":396,"texture":"Game/UI/MakeTailor/diy_top_004_final/s1.png","presetID":3,"name":"Cloth06_D","height":119},"compId":2757},{"type":"Sprite","props":{"y":251,"x":497,"width":55,"texture":"Game/UI/MakeTailor/diy_top_004_final/s3.png","presetID":4,"name":"Cloth05_R","height":286},"compId":2758},{"type":"Sprite","props":{"y":248,"x":192,"width":53,"texture":"Game/UI/MakeTailor/diy_top_004_final/s2.png","presetID":5,"name":"Cloth04_L","height":283},"compId":2751},{"type":"Sprite","props":{"y":80,"x":485,"width":223,"texture":"Game/UI/MakeTailor/diy_top_004_final/s4.png","presetID":6,"name":"Cloth03_R","height":139},"compId":2752},{"type":"Sprite","props":{"y":80,"x":39,"width":227,"texture":"Game/UI/MakeTailor/diy_top_004_final/s6.png","presetID":7,"name":"Cloth02_L","height":138},"compId":2756},{"type":"Sprite","props":{"y":71,"x":286,"width":175,"texture":"Game/UI/MakeTailor/diy_top_004_final/s5.png","presetID":8,"name":"Cloth01_U","height":156},"compId":2986},{"type":"Image","props":{"y":-40,"width":512,"presetID":9,"name":"LineParent","height":725,"centerX":-1},"compId":2578,"child":[{"type":"Sprite","props":{"y":572.5,"x":87.61553277608334,"width":365,"texture":"Game/UI/MakeTailor/diy_top_004_final/x1.png","presetID":10,"name":"Line06","height":22},"compId":2872,"child":[{"type":"Image","props":{"y":8,"x":15,"width":7,"skin":"Game/UI/MakeTailor/dotted1.png","rotation":102,"presetID":11,"pivotY":7,"pivotX":4,"name":"A","height":14},"compId":2873,"child":[{"type":"Script","props":{"y":-5,"x":-3,"width":13,"presetID":12,"isSensor":true,"height":24,"runtime":"Laya.BoxCollider"},"compId":2874},{"type":"Script","props":{"y":2,"x":0,"type":"static","presetID":13,"gravityScale":0,"runtime":"Laya.RigidBody"},"compId":2875}]},{"type":"Image","props":{"y":12,"x":37,"width":7,"skin":"Game/UI/MakeTailor/dotted1.png","rotation":97,"presetID":14,"pivotY":7,"pivotX":4,"name":"A","height":14},"compId":6303,"child":[{"type":"Script","props":{"y":-4,"x":-3,"width":13,"presetID":15,"isSensor":true,"height":24,"runtime":"Laya.BoxCollider"},"compId":6304},{"type":"Script","props":{"y":3,"x":0,"type":"static","presetID":16,"gravityScale":0,"runtime":"Laya.RigidBody"},"compId":6305}]},{"type":"Image","props":{"y":15,"x":58,"width":7,"skin":"Game/UI/MakeTailor/dotted1.png","rotation":96,"presetID":17,"pivotY":7,"pivotX":4,"name":"A","height":14},"compId":6306,"child":[{"type":"Script","props":{"y":-4,"x":-3,"width":13,"presetID":18,"isSensor":true,"height":24,"runtime":"Laya.BoxCollider"},"compId":6307},{"type":"Script","props":{"y":3,"x":0,"type":"static","presetID":19,"gravityScale":0,"runtime":"Laya.RigidBody"},"compId":6308}]},{"type":"Image","props":{"y":17,"x":79,"width":7,"skin":"Game/UI/MakeTailor/dotted1.png","rotation":94,"presetID":20,"pivotY":7,"pivotX":4,"name":"A","height":14},"compId":6309,"child":[{"type":"Script","props":{"y":-4,"x":-3,"width":13,"presetID":21,"isSensor":true,"height":24,"runtime":"Laya.BoxCollider"},"compId":6310},{"type":"Script","props":{"y":3,"x":0,"type":"static","presetID":22,"gravityScale":0,"runtime":"Laya.RigidBody"},"compId":6311}]},{"type":"Image","props":{"y":18,"x":100,"width":7,"skin":"Game/UI/MakeTailor/dotted1.png","rotation":92,"presetID":23,"pivotY":7,"pivotX":4,"name":"A","height":14},"compId":6312,"child":[{"type":"Script","props":{"y":-4,"x":-3,"width":13,"presetID":24,"isSensor":true,"height":24,"runtime":"Laya.BoxCollider"},"compId":6313},{"type":"Script","props":{"y":3,"x":0,"type":"static","presetID":25,"gravityScale":0,"runtime":"Laya.RigidBody"},"compId":6314}]},{"type":"Image","props":{"y":19,"x":123,"width":7,"skin":"Game/UI/MakeTailor/dotted1.png","rotation":92,"presetID":26,"pivotY":7,"pivotX":4,"name":"A","height":14},"compId":6315,"child":[{"type":"Script","props":{"y":-4,"x":-3,"width":13,"presetID":27,"isSensor":true,"height":24,"runtime":"Laya.BoxCollider"},"compId":6316},{"type":"Script","props":{"y":3,"x":0,"type":"static","presetID":28,"gravityScale":0,"runtime":"Laya.RigidBody"},"compId":6317}]},{"type":"Image","props":{"y":19,"x":144,"width":7,"skin":"Game/UI/MakeTailor/dotted1.png","rotation":90,"presetID":29,"pivotY":7,"pivotX":4,"name":"A","height":14},"compId":6318,"child":[{"type":"Script","props":{"y":-4,"x":-3,"width":13,"presetID":30,"isSensor":true,"height":24,"runtime":"Laya.BoxCollider"},"compId":6319},{"type":"Script","props":{"y":3,"x":0,"type":"static","presetID":31,"gravityScale":0,"runtime":"Laya.RigidBody"},"compId":6320}]},{"type":"Image","props":{"y":19,"x":166,"width":7,"skin":"Game/UI/MakeTailor/dotted1.png","rotation":90,"presetID":32,"pivotY":7,"pivotX":4,"name":"A","height":14},"compId":6321,"child":[{"type":"Script","props":{"y":-4,"x":-3,"width":13,"presetID":33,"isSensor":true,"height":24,"runtime":"Laya.BoxCollider"},"compId":6322},{"type":"Script","props":{"y":3,"x":0,"type":"static","presetID":34,"gravityScale":0,"runtime":"Laya.RigidBody"},"compId":6323}]},{"type":"Image","props":{"y":19,"x":188,"width":7,"skin":"Game/UI/MakeTailor/dotted1.png","rotation":90,"presetID":35,"pivotY":7,"pivotX":4,"name":"A","height":14},"compId":6324,"child":[{"type":"Script","props":{"y":-4,"x":-3,"width":13,"presetID":36,"isSensor":true,"height":24,"runtime":"Laya.BoxCollider"},"compId":6325},{"type":"Script","props":{"y":3,"x":0,"type":"static","presetID":37,"gravityScale":0,"runtime":"Laya.RigidBody"},"compId":6326}]},{"type":"Image","props":{"y":19,"x":210,"width":7,"skin":"Game/UI/MakeTailor/dotted1.png","rotation":90,"presetID":38,"pivotY":7,"pivotX":4,"name":"A","height":14},"compId":6327,"child":[{"type":"Script","props":{"y":-4,"x":-3,"width":13,"presetID":39,"isSensor":true,"height":24,"runtime":"Laya.BoxCollider"},"compId":6328},{"type":"Script","props":{"y":3,"x":0,"type":"static","presetID":40,"gravityScale":0,"runtime":"Laya.RigidBody"},"compId":6329}]},{"type":"Image","props":{"y":19,"x":232,"width":7,"skin":"Game/UI/MakeTailor/dotted1.png","rotation":88,"presetID":41,"pivotY":7,"pivotX":4,"name":"A","height":14},"compId":6330,"child":[{"type":"Script","props":{"y":-4,"x":-3,"width":13,"presetID":42,"isSensor":true,"height":24,"runtime":"Laya.BoxCollider"},"compId":6331},{"type":"Script","props":{"y":3,"x":0,"type":"static","presetID":43,"gravityScale":0,"runtime":"Laya.RigidBody"},"compId":6332}]},{"type":"Image","props":{"y":18,"x":253,"width":7,"skin":"Game/UI/MakeTailor/dotted1.png","rotation":87,"presetID":44,"pivotY":7,"pivotX":4,"name":"A","height":14},"compId":6333,"child":[{"type":"Script","props":{"y":-4,"x":-3,"width":13,"presetID":45,"isSensor":true,"height":24,"runtime":"Laya.BoxCollider"},"compId":6334},{"type":"Script","props":{"y":3,"x":0,"type":"static","presetID":46,"gravityScale":0,"runtime":"Laya.RigidBody"},"compId":6335}]},{"type":"Image","props":{"y":17,"x":275,"width":7,"skin":"Game/UI/MakeTailor/dotted1.png","rotation":85,"presetID":47,"pivotY":7,"pivotX":4,"name":"A","height":14},"compId":6336,"child":[{"type":"Script","props":{"y":-4,"x":-3,"width":13,"presetID":48,"isSensor":true,"height":24,"runtime":"Laya.BoxCollider"},"compId":6337},{"type":"Script","props":{"y":3,"x":0,"type":"static","presetID":49,"gravityScale":0,"runtime":"Laya.RigidBody"},"compId":6338}]},{"type":"Image","props":{"y":15,"x":296,"width":7,"skin":"Game/UI/MakeTailor/dotted1.png","rotation":83,"presetID":50,"pivotY":7,"pivotX":4,"name":"A","height":14},"compId":6339,"child":[{"type":"Script","props":{"y":-4,"x":-3,"width":13,"presetID":51,"isSensor":true,"height":24,"runtime":"Laya.BoxCollider"},"compId":6340},{"type":"Script","props":{"y":3,"x":0,"type":"static","presetID":52,"gravityScale":0,"runtime":"Laya.RigidBody"},"compId":6341}]},{"type":"Image","props":{"y":12,"x":317,"width":7,"skin":"Game/UI/MakeTailor/dotted1.png","rotation":83,"presetID":53,"pivotY":7,"pivotX":4,"name":"A","height":14},"compId":6342,"child":[{"type":"Script","props":{"y":-4,"x":-3,"width":13,"presetID":54,"isSensor":true,"height":24,"runtime":"Laya.BoxCollider"},"compId":6343},{"type":"Script","props":{"y":3,"x":0,"type":"static","presetID":55,"gravityScale":0,"runtime":"Laya.RigidBody"},"compId":6344}]},{"type":"Image","props":{"y":9,"x":338,"width":7,"skin":"Game/UI/MakeTailor/dotted1.png","rotation":79,"presetID":56,"pivotY":7,"pivotX":4,"name":"A","height":14},"compId":6348,"child":[{"type":"Script","props":{"y":-4,"x":-3,"width":13,"presetID":57,"isSensor":true,"height":24,"runtime":"Laya.BoxCollider"},"compId":6349},{"type":"Script","props":{"y":3,"x":0,"type":"static","presetID":58,"gravityScale":0,"runtime":"Laya.RigidBody"},"compId":6350}]}]},{"type":"Sprite","props":{"y":286.5,"x":393.55776638804167,"width":56,"texture":"Game/UI/MakeTailor/diy_top_004_final/x3.png","presetID":59,"name":"Line05","height":295},"compId":2900,"child":[{"type":"Image","props":{"y":15,"x":21,"width":7,"skin":"Game/UI/MakeTailor/dotted1.png","rotation":13,"presetID":60,"pivotY":7,"pivotX":4,"name":"V","height":14},"compId":5964,"child":[{"type":"Script","props":{"y":-4,"x":-3,"width":13,"presetID":61,"isSensor":true,"height":24,"runtime":"Laya.BoxCollider"},"compId":5970},{"type":"Script","props":{"y":2,"x":0,"type":"static","presetID":62,"gravityScale":0,"runtime":"Laya.RigidBody"},"compId":5971}]},{"type":"Image","props":{"y":34,"x":17,"width":7,"skin":"Game/UI/MakeTailor/dotted1.png","rotation":13,"presetID":63,"pivotY":7,"pivotX":4,"name":"V","height":14},"compId":6255,"child":[{"type":"Script","props":{"y":-4,"x":-3,"width":13,"presetID":64,"isSensor":true,"height":24,"runtime":"Laya.BoxCollider"},"compId":6256},{"type":"Script","props":{"y":2,"x":0,"type":"static","presetID":65,"gravityScale":0,"runtime":"Laya.RigidBody"},"compId":6257}]},{"type":"Image","props":{"y":54,"x":12,"width":7,"skin":"Game/UI/MakeTailor/dotted1.png","rotation":13,"presetID":66,"pivotY":7,"pivotX":4,"name":"V","height":14},"compId":6258,"child":[{"type":"Script","props":{"y":-4,"x":-3,"width":13,"presetID":67,"isSensor":true,"height":24,"runtime":"Laya.BoxCollider"},"compId":6259},{"type":"Script","props":{"y":2,"x":0,"type":"static","presetID":68,"gravityScale":0,"runtime":"Laya.RigidBody"},"compId":6260}]},{"type":"Image","props":{"y":74,"x":7,"width":7,"skin":"Game/UI/MakeTailor/dotted1.png","rotation":11,"presetID":69,"pivotY":7,"pivotX":4,"name":"V","height":14},"compId":6261,"child":[{"type":"Script","props":{"y":-4,"x":-3,"width":13,"presetID":70,"isSensor":true,"height":24,"runtime":"Laya.BoxCollider"},"compId":6262},{"type":"Script","props":{"y":2,"x":0,"type":"static","presetID":71,"gravityScale":0,"runtime":"Laya.RigidBody"},"compId":6263}]},{"type":"Image","props":{"y":94,"x":4,"width":7,"skin":"Game/UI/MakeTailor/dotted1.png","rotation":2,"presetID":72,"pivotY":7,"pivotX":4,"name":"V","height":14},"compId":6264,"child":[{"type":"Script","props":{"y":-4,"x":-3,"width":13,"presetID":73,"isSensor":true,"height":24,"runtime":"Laya.BoxCollider"},"compId":6265},{"type":"Script","props":{"y":2,"x":0,"type":"static","presetID":74,"gravityScale":0,"runtime":"Laya.RigidBody"},"compId":6266}]},{"type":"Image","props":{"y":114,"x":4,"width":7,"skin":"Game/UI/MakeTailor/dotted1.png","rotation":-2,"presetID":75,"pivotY":7,"pivotX":4,"name":"V","height":14},"compId":6270,"child":[{"type":"Script","props":{"y":-4,"x":-3,"width":13,"presetID":76,"isSensor":true,"height":24,"runtime":"Laya.BoxCollider"},"compId":6271},{"type":"Script","props":{"y":2,"x":0,"type":"static","presetID":77,"gravityScale":0,"runtime":"Laya.RigidBody"},"compId":6272}]},{"type":"Image","props":{"y":134,"x":5,"width":7,"skin":"Game/UI/MakeTailor/dotted1.png","rotation":-2,"presetID":78,"pivotY":7,"pivotX":4,"name":"V","height":14},"compId":6273,"child":[{"type":"Script","props":{"y":-4,"x":-3,"width":13,"presetID":79,"isSensor":true,"height":24,"runtime":"Laya.BoxCollider"},"compId":6274},{"type":"Script","props":{"y":2,"x":0,"type":"static","presetID":80,"gravityScale":0,"runtime":"Laya.RigidBody"},"compId":6275}]},{"type":"Image","props":{"y":155,"x":7,"width":7,"skin":"Game/UI/MakeTailor/dotted1.png","rotation":-5,"presetID":81,"pivotY":7,"pivotX":4,"name":"V","height":14},"compId":6276,"child":[{"type":"Script","props":{"y":-4,"x":-3,"width":13,"presetID":82,"isSensor":true,"height":24,"runtime":"Laya.BoxCollider"},"compId":6277},{"type":"Script","props":{"y":2,"x":0,"type":"static","presetID":83,"gravityScale":0,"runtime":"Laya.RigidBody"},"compId":6278}]},{"type":"Image","props":{"y":175,"x":10,"width":7,"skin":"Game/UI/MakeTailor/dotted1.png","rotation":-11,"presetID":84,"pivotY":7,"pivotX":4,"name":"V","height":14},"compId":6279,"child":[{"type":"Script","props":{"y":-4,"x":-3,"width":13,"presetID":85,"isSensor":true,"height":24,"runtime":"Laya.BoxCollider"},"compId":6280},{"type":"Script","props":{"y":2,"x":0,"type":"static","presetID":86,"gravityScale":0,"runtime":"Laya.RigidBody"},"compId":6281}]},{"type":"Image","props":{"y":194,"x":14,"width":7,"skin":"Game/UI/MakeTailor/dotted1.png","rotation":-11,"presetID":87,"pivotY":7,"pivotX":4,"name":"V","height":14},"compId":6282,"child":[{"type":"Script","props":{"y":-4,"x":-3,"width":13,"presetID":88,"isSensor":true,"height":24,"runtime":"Laya.BoxCollider"},"compId":6283},{"type":"Script","props":{"y":2,"x":0,"type":"static","presetID":89,"gravityScale":0,"runtime":"Laya.RigidBody"},"compId":6284}]},{"type":"Image","props":{"y":213,"x":18,"width":7,"skin":"Game/UI/MakeTailor/dotted1.png","rotation":-11,"presetID":90,"pivotY":7,"pivotX":4,"name":"V","height":14},"compId":6285,"child":[{"type":"Script","props":{"y":-4,"x":-3,"width":13,"presetID":91,"isSensor":true,"height":24,"runtime":"Laya.BoxCollider"},"compId":6286},{"type":"Script","props":{"y":2,"x":0,"type":"static","presetID":92,"gravityScale":0,"runtime":"Laya.RigidBody"},"compId":6287}]},{"type":"Image","props":{"y":233,"x":23,"width":7,"skin":"Game/UI/MakeTailor/dotted1.png","rotation":-17,"presetID":93,"pivotY":7,"pivotX":4,"name":"V","height":14},"compId":6288,"child":[{"type":"Script","props":{"y":-4,"x":-3,"width":13,"presetID":94,"isSensor":true,"height":24,"runtime":"Laya.BoxCollider"},"compId":6289},{"type":"Script","props":{"y":2,"x":0,"type":"static","presetID":95,"gravityScale":0,"runtime":"Laya.RigidBody"},"compId":6290}]},{"type":"Image","props":{"y":253,"x":31,"width":7,"skin":"Game/UI/MakeTailor/dotted1.png","rotation":-23,"presetID":96,"pivotY":7,"pivotX":4,"name":"V","height":14},"compId":6291,"child":[{"type":"Script","props":{"y":-4,"x":-3,"width":13,"presetID":97,"isSensor":true,"height":24,"runtime":"Laya.BoxCollider"},"compId":6292},{"type":"Script","props":{"y":2,"x":0,"type":"static","presetID":98,"gravityScale":0,"runtime":"Laya.RigidBody"},"compId":6293}]},{"type":"Image","props":{"y":271,"x":40,"width":7,"skin":"Game/UI/MakeTailor/dotted1.png","rotation":-28,"presetID":99,"pivotY":7,"pivotX":4,"name":"V","height":14},"compId":6294,"child":[{"type":"Script","props":{"y":-4,"x":-3,"width":13,"presetID":100,"isSensor":true,"height":24,"runtime":"Laya.BoxCollider"},"compId":6295},{"type":"Script","props":{"y":2,"x":0,"type":"static","presetID":101,"gravityScale":0,"runtime":"Laya.RigidBody"},"compId":6296}]},{"type":"Image","props":{"y":288,"x":51,"width":7,"skin":"Game/UI/MakeTailor/dotted1.png","rotation":-36,"presetID":102,"pivotY":7,"pivotX":4,"name":"V","height":14},"compId":6297,"child":[{"type":"Script","props":{"y":-4,"x":-3,"width":13,"presetID":103,"isSensor":true,"height":24,"runtime":"Laya.BoxCollider"},"compId":6298},{"type":"Script","props":{"y":2,"x":0,"type":"static","presetID":104,"gravityScale":0,"runtime":"Laya.RigidBody"},"compId":6299}]}]},{"type":"Sprite","props":{"y":280.5,"x":87.5,"texture":"Game/UI/MakeTailor/diy_top_004_final/x2.png","presetID":105,"name":"Line04"},"compId":2754,"child":[{"type":"Image","props":{"y":15,"x":40,"width":7,"skin":"Game/UI/MakeTailor/dotted1.png","rotation":-15,"presetID":106,"pivotY":7,"pivotX":4,"name":"V","height":14},"compId":2844,"child":[{"type":"Script","props":{"y":-5,"x":-3,"width":13,"presetID":107,"isSensor":true,"height":24,"runtime":"Laya.BoxCollider"},"compId":2845},{"type":"Script","props":{"y":1,"x":0,"type":"static","presetID":108,"gravityScale":0,"runtime":"Laya.RigidBody"},"compId":2846}]},{"type":"Image","props":{"y":34,"x":45,"width":7,"skin":"Game/UI/MakeTailor/dotted1.png","rotation":-12,"presetID":109,"pivotY":7,"pivotX":4,"name":"V","height":14},"compId":6213,"child":[{"type":"Script","props":{"y":-5,"x":-3,"width":13,"presetID":110,"isSensor":true,"height":24,"runtime":"Laya.BoxCollider"},"compId":6214},{"type":"Script","props":{"y":1,"x":0,"type":"static","presetID":111,"gravityScale":0,"runtime":"Laya.RigidBody"},"compId":6215}]},{"type":"Image","props":{"y":54,"x":49,"width":7,"skin":"Game/UI/MakeTailor/dotted1.png","rotation":-12,"presetID":112,"pivotY":7,"pivotX":4,"name":"V","height":14},"compId":6216,"child":[{"type":"Script","props":{"y":-5,"x":-3,"width":13,"presetID":113,"isSensor":true,"height":24,"runtime":"Laya.BoxCollider"},"compId":6217},{"type":"Script","props":{"y":1,"x":0,"type":"static","presetID":114,"gravityScale":0,"runtime":"Laya.RigidBody"},"compId":6218}]},{"type":"Image","props":{"y":75,"x":53,"width":7,"skin":"Game/UI/MakeTailor/dotted1.png","rotation":-9,"presetID":115,"pivotY":7,"pivotX":4,"name":"V","height":14},"compId":6219,"child":[{"type":"Script","props":{"y":-5,"x":-3,"width":13,"presetID":116,"isSensor":true,"height":24,"runtime":"Laya.BoxCollider"},"compId":6220},{"type":"Script","props":{"y":1,"x":0,"type":"static","presetID":117,"gravityScale":0,"runtime":"Laya.RigidBody"},"compId":6221}]},{"type":"Image","props":{"y":95,"x":56,"width":7,"skin":"Game/UI/MakeTailor/dotted1.png","rotation":-3,"presetID":118,"pivotY":7,"pivotX":4,"name":"V","height":14},"compId":6222,"child":[{"type":"Script","props":{"y":-5,"x":-3,"width":13,"presetID":119,"isSensor":true,"height":24,"runtime":"Laya.BoxCollider"},"compId":6223},{"type":"Script","props":{"y":1,"x":0,"type":"static","presetID":120,"gravityScale":0,"runtime":"Laya.RigidBody"},"compId":6224}]},{"type":"Image","props":{"y":116,"x":57,"width":7,"skin":"Game/UI/MakeTailor/dotted1.png","rotation":4,"presetID":121,"pivotY":7,"pivotX":4,"name":"V","height":14},"compId":6225,"child":[{"type":"Script","props":{"y":-5,"x":-3,"width":13,"presetID":122,"isSensor":true,"height":24,"runtime":"Laya.BoxCollider"},"compId":6226},{"type":"Script","props":{"y":1,"x":0,"type":"static","presetID":123,"gravityScale":0,"runtime":"Laya.RigidBody"},"compId":6227}]},{"type":"Image","props":{"y":136,"x":56,"width":7,"skin":"Game/UI/MakeTailor/dotted1.png","rotation":6,"presetID":124,"pivotY":7,"pivotX":4,"name":"V","height":14},"compId":6228,"child":[{"type":"Script","props":{"y":-5,"x":-3,"width":13,"presetID":125,"isSensor":true,"height":24,"runtime":"Laya.BoxCollider"},"compId":6229},{"type":"Script","props":{"y":1,"x":0,"type":"static","presetID":126,"gravityScale":0,"runtime":"Laya.RigidBody"},"compId":6230}]},{"type":"Image","props":{"y":157,"x":54,"width":7,"skin":"Game/UI/MakeTailor/dotted1.png","rotation":6,"presetID":127,"pivotY":7,"pivotX":4,"name":"V","height":14},"compId":6231,"child":[{"type":"Script","props":{"y":-5,"x":-3,"width":13,"presetID":128,"isSensor":true,"height":24,"runtime":"Laya.BoxCollider"},"compId":6232},{"type":"Script","props":{"y":1,"x":0,"type":"static","presetID":129,"gravityScale":0,"runtime":"Laya.RigidBody"},"compId":6233}]},{"type":"Image","props":{"y":178,"x":52,"width":7,"skin":"Game/UI/MakeTailor/dotted1.png","rotation":8,"presetID":130,"pivotY":7,"pivotX":4,"name":"V","height":14},"compId":6234,"child":[{"type":"Script","props":{"y":-5,"x":-3,"width":13,"presetID":131,"isSensor":true,"height":24,"runtime":"Laya.BoxCollider"},"compId":6235},{"type":"Script","props":{"y":1,"x":0,"type":"static","presetID":132,"gravityScale":0,"runtime":"Laya.RigidBody"},"compId":6236}]},{"type":"Image","props":{"y":199,"x":47,"width":7,"skin":"Game/UI/MakeTailor/dotted1.png","rotation":16,"presetID":133,"pivotY":7,"pivotX":4,"name":"V","height":14},"compId":6237,"child":[{"type":"Script","props":{"y":-5,"x":-3,"width":13,"presetID":134,"isSensor":true,"height":24,"runtime":"Laya.BoxCollider"},"compId":6238},{"type":"Script","props":{"y":1,"x":0,"type":"static","presetID":135,"gravityScale":0,"runtime":"Laya.RigidBody"},"compId":6239}]},{"type":"Image","props":{"y":218,"x":41,"width":7,"skin":"Game/UI/MakeTailor/dotted1.png","rotation":20,"presetID":136,"pivotY":7,"pivotX":4,"name":"V","height":14},"compId":6240,"child":[{"type":"Script","props":{"y":-5,"x":-3,"width":13,"presetID":137,"isSensor":true,"height":24,"runtime":"Laya.BoxCollider"},"compId":6241},{"type":"Script","props":{"y":1,"x":0,"type":"static","presetID":138,"gravityScale":0,"runtime":"Laya.RigidBody"},"compId":6242}]},{"type":"Image","props":{"y":237,"x":34,"width":7,"skin":"Game/UI/MakeTailor/dotted1.png","rotation":25,"presetID":139,"pivotY":7,"pivotX":4,"name":"V","height":14},"compId":6243,"child":[{"type":"Script","props":{"y":-5,"x":-3,"width":13,"presetID":140,"isSensor":true,"height":24,"runtime":"Laya.BoxCollider"},"compId":6244},{"type":"Script","props":{"y":1,"x":0,"type":"static","presetID":141,"gravityScale":0,"runtime":"Laya.RigidBody"},"compId":6245}]},{"type":"Image","props":{"y":255,"x":26,"width":7,"skin":"Game/UI/MakeTailor/dotted1.png","rotation":27,"presetID":142,"pivotY":7,"pivotX":4,"name":"V","height":14},"compId":6246,"child":[{"type":"Script","props":{"y":-5,"x":-3,"width":13,"presetID":143,"isSensor":true,"height":24,"runtime":"Laya.BoxCollider"},"compId":6247},{"type":"Script","props":{"y":1,"x":0,"type":"static","presetID":144,"gravityScale":0,"runtime":"Laya.RigidBody"},"compId":6248}]},{"type":"Image","props":{"y":272,"x":17,"width":7,"skin":"Game/UI/MakeTailor/dotted1.png","rotation":30,"presetID":145,"pivotY":7,"pivotX":4,"name":"V","height":14},"compId":6249,"child":[{"type":"Script","props":{"y":-5,"x":-3,"width":13,"presetID":146,"isSensor":true,"height":24,"runtime":"Laya.BoxCollider"},"compId":6250},{"type":"Script","props":{"y":1,"x":0,"type":"static","presetID":147,"gravityScale":0,"runtime":"Laya.RigidBody"},"compId":6251}]},{"type":"Image","props":{"y":290,"x":7,"width":7,"skin":"Game/UI/MakeTailor/dotted1.png","rotation":33,"presetID":148,"pivotY":7,"pivotX":4,"name":"V","height":14},"compId":6252,"child":[{"type":"Script","props":{"y":-5,"x":-3,"width":13,"presetID":149,"isSensor":true,"height":24,"runtime":"Laya.BoxCollider"},"compId":6253},{"type":"Script","props":{"y":1,"x":0,"type":"static","presetID":150,"gravityScale":0,"runtime":"Laya.RigidBody"},"compId":6254}]}]},{"type":"Sprite","props":{"y":119,"x":377.55776638804167,"width":42,"texture":"Game/UI/MakeTailor/diy_top_004_final/x4.png","presetID":151,"name":"Line03","height":141},"compId":2653,"child":[{"type":"Image","props":{"y":11,"x":5,"width":7,"skin":"Game/UI/MakeTailor/dotted1.png","rotation":0,"presetID":152,"pivotY":7,"pivotX":4,"name":"V","height":14},"compId":2744,"child":[{"type":"Script","props":{"y":-5,"x":-3,"width":13,"presetID":153,"isSensor":true,"height":24,"runtime":"Laya.BoxCollider"},"compId":2745},{"type":"Script","props":{"y":1,"x":0,"type":"static","presetID":154,"gravityScale":0,"runtime":"Laya.RigidBody"},"compId":2746}]},{"type":"Image","props":{"y":32,"x":5,"width":7,"skin":"Game/UI/MakeTailor/dotted1.png","rotation":0,"presetID":155,"pivotY":7,"pivotX":4,"name":"V","height":14},"compId":6192,"child":[{"type":"Script","props":{"y":-5,"x":-3,"width":13,"presetID":156,"isSensor":true,"height":24,"runtime":"Laya.BoxCollider"},"compId":6193},{"type":"Script","props":{"y":1,"x":0,"type":"static","presetID":157,"gravityScale":0,"runtime":"Laya.RigidBody"},"compId":6194}]},{"type":"Image","props":{"y":52,"x":7,"width":7,"skin":"Game/UI/MakeTailor/dotted1.png","rotation":-7,"presetID":158,"pivotY":7,"pivotX":4,"name":"V","height":14},"compId":6195,"child":[{"type":"Script","props":{"y":-5,"x":-3,"width":13,"presetID":159,"isSensor":true,"height":24,"runtime":"Laya.BoxCollider"},"compId":6196},{"type":"Script","props":{"y":1,"x":0,"type":"static","presetID":160,"gravityScale":0,"runtime":"Laya.RigidBody"},"compId":6197}]},{"type":"Image","props":{"y":73,"x":11,"width":7,"skin":"Game/UI/MakeTailor/dotted1.png","rotation":-14,"presetID":161,"pivotY":7,"pivotX":4,"name":"V","height":14},"compId":6198,"child":[{"type":"Script","props":{"y":-5,"x":-3,"width":13,"presetID":162,"isSensor":true,"height":24,"runtime":"Laya.BoxCollider"},"compId":6199},{"type":"Script","props":{"y":1,"x":0,"type":"static","presetID":163,"gravityScale":0,"runtime":"Laya.RigidBody"},"compId":6200}]},{"type":"Image","props":{"y":93,"x":17,"width":7,"skin":"Game/UI/MakeTailor/dotted1.png","rotation":-20,"presetID":164,"pivotY":7,"pivotX":4,"name":"V","height":14},"compId":6201,"child":[{"type":"Script","props":{"y":-5,"x":-3,"width":13,"presetID":165,"isSensor":true,"height":24,"runtime":"Laya.BoxCollider"},"compId":6202},{"type":"Script","props":{"y":1,"x":0,"type":"static","presetID":166,"gravityScale":0,"runtime":"Laya.RigidBody"},"compId":6203}]},{"type":"Image","props":{"y":111,"x":25,"width":7,"skin":"Game/UI/MakeTailor/dotted1.png","rotation":-27,"presetID":167,"pivotY":7,"pivotX":4,"name":"V","height":14},"compId":6204,"child":[{"type":"Script","props":{"y":-5,"x":-3,"width":13,"presetID":168,"isSensor":true,"height":24,"runtime":"Laya.BoxCollider"},"compId":6205},{"type":"Script","props":{"y":1,"x":0,"type":"static","presetID":169,"gravityScale":0,"runtime":"Laya.RigidBody"},"compId":6206}]},{"type":"Image","props":{"y":129,"x":36,"width":7,"skin":"Game/UI/MakeTailor/dotted1.png","rotation":-34,"presetID":170,"pivotY":7,"pivotX":4,"name":"V","height":14},"compId":6207,"child":[{"type":"Script","props":{"y":-5,"x":-3,"width":13,"presetID":171,"isSensor":true,"height":24,"runtime":"Laya.BoxCollider"},"compId":6208},{"type":"Script","props":{"y":1,"x":0,"type":"static","presetID":172,"gravityScale":0,"runtime":"Laya.RigidBody"},"compId":6209}]}]},{"type":"Sprite","props":{"y":120.5,"x":121,"width":43,"texture":"Game/UI/MakeTailor/diy_top_004_final/x6.png","presetID":173,"name":"Line02","height":140},"compId":2601,"child":[{"type":"Image","props":{"y":10,"x":40,"width":7,"skin":"Game/UI/MakeTailor/dotted1.png","rotation":-5,"presetID":174,"pivotY":7,"pivotX":4,"name":"V","height":14},"compId":2650,"child":[{"type":"Script","props":{"y":-5,"x":-3,"width":13,"presetID":175,"isSensor":true,"height":24,"runtime":"Laya.BoxCollider"},"compId":2651},{"type":"Script","props":{"type":"static","presetID":176,"gravityScale":0,"runtime":"Laya.RigidBody"},"compId":2652}]},{"type":"Image","props":{"y":31,"x":41,"width":7,"skin":"Game/UI/MakeTailor/dotted1.png","rotation":1,"presetID":177,"pivotY":7,"pivotX":4,"name":"V","height":14},"compId":6174,"child":[{"type":"Script","props":{"y":-5,"x":-3,"width":13,"presetID":178,"isSensor":true,"height":24,"runtime":"Laya.BoxCollider"},"compId":6175},{"type":"Script","props":{"type":"static","presetID":179,"gravityScale":0,"runtime":"Laya.RigidBody"},"compId":6176}]},{"type":"Image","props":{"y":52,"x":39,"width":7,"skin":"Game/UI/MakeTailor/dotted1.png","rotation":8,"presetID":180,"pivotY":7,"pivotX":4,"name":"V","height":14},"compId":6177,"child":[{"type":"Script","props":{"y":-5,"x":-3,"width":13,"presetID":181,"isSensor":true,"height":24,"runtime":"Laya.BoxCollider"},"compId":6178},{"type":"Script","props":{"type":"static","presetID":182,"gravityScale":0,"runtime":"Laya.RigidBody"},"compId":6179}]},{"type":"Image","props":{"y":72,"x":35,"width":7,"skin":"Game/UI/MakeTailor/dotted1.png","rotation":15,"presetID":183,"pivotY":7,"pivotX":4,"name":"V","height":14},"compId":6180,"child":[{"type":"Script","props":{"y":-5,"x":-3,"width":13,"presetID":184,"isSensor":true,"height":24,"runtime":"Laya.BoxCollider"},"compId":6181},{"type":"Script","props":{"type":"static","presetID":185,"gravityScale":0,"runtime":"Laya.RigidBody"},"compId":6182}]},{"type":"Image","props":{"y":93,"x":28,"width":7,"skin":"Game/UI/MakeTailor/dotted1.png","rotation":20,"presetID":186,"pivotY":7,"pivotX":4,"name":"V","height":14},"compId":6183,"child":[{"type":"Script","props":{"y":-5,"x":-3,"width":13,"presetID":187,"isSensor":true,"height":24,"runtime":"Laya.BoxCollider"},"compId":6184},{"type":"Script","props":{"type":"static","presetID":188,"gravityScale":0,"runtime":"Laya.RigidBody"},"compId":6185}]},{"type":"Image","props":{"y":112,"x":19,"width":7,"skin":"Game/UI/MakeTailor/dotted1.png","rotation":29,"presetID":189,"pivotY":7,"pivotX":4,"name":"V","height":14},"compId":6186,"child":[{"type":"Script","props":{"y":-5,"x":-3,"width":13,"presetID":190,"isSensor":true,"height":24,"runtime":"Laya.BoxCollider"},"compId":6187},{"type":"Script","props":{"type":"static","presetID":191,"gravityScale":0,"runtime":"Laya.RigidBody"},"compId":6188}]},{"type":"Image","props":{"y":129,"x":8,"width":7,"skin":"Game/UI/MakeTailor/dotted1.png","rotation":39,"presetID":192,"pivotY":7,"pivotX":4,"name":"V","height":14},"compId":6189,"child":[{"type":"Script","props":{"y":-5,"x":-3,"width":13,"presetID":193,"isSensor":true,"height":24,"runtime":"Laya.BoxCollider"},"compId":6190},{"type":"Script","props":{"type":"static","presetID":194,"gravityScale":0,"runtime":"Laya.RigidBody"},"compId":6191}]}]},{"type":"Sprite","props":{"y":117.5,"x":181.61553277608334,"texture":"Game/UI/MakeTailor/diy_top_004_final/x5.png","rotation":0,"presetID":195,"name":"Line01"},"compId":2579,"child":[{"type":"Image","props":{"y":10,"x":5,"width":7,"skin":"Game/UI/MakeTailor/dotted1.png","rotation":-5,"presetID":196,"pivotY":7,"pivotX":4,"name":"V","height":14},"compId":2598,"child":[{"type":"Script","props":{"y":-5,"x":-3,"width":13,"presetID":197,"isSensor":true,"height":24,"runtime":"Laya.BoxCollider"},"compId":2599},{"type":"Script","props":{"type":"static","presetID":198,"gravityScale":0,"runtime":"Laya.RigidBody"},"compId":2600}]},{"type":"Image","props":{"y":31,"x":8,"width":7,"skin":"Game/UI/MakeTailor/dotted1.png","rotation":-8,"presetID":199,"pivotY":7,"pivotX":4,"name":"V","height":14},"compId":6120,"child":[{"type":"Script","props":{"y":-5,"x":-3,"width":13,"presetID":200,"isSensor":true,"height":24,"runtime":"Laya.BoxCollider"},"compId":6121},{"type":"Script","props":{"type":"static","presetID":201,"gravityScale":0,"runtime":"Laya.RigidBody"},"compId":6122}]},{"type":"Image","props":{"y":52,"x":13,"width":7,"skin":"Game/UI/MakeTailor/dotted1.png","rotation":-16,"presetID":202,"pivotY":7,"pivotX":4,"name":"V","height":14},"compId":6123,"child":[{"type":"Script","props":{"y":-5,"x":-3,"width":13,"presetID":203,"isSensor":true,"height":24,"runtime":"Laya.BoxCollider"},"compId":6124},{"type":"Script","props":{"type":"static","presetID":204,"gravityScale":0,"runtime":"Laya.RigidBody"},"compId":6125}]},{"type":"Image","props":{"y":73,"x":20,"width":7,"skin":"Game/UI/MakeTailor/dotted1.png","rotation":-23,"presetID":205,"pivotY":7,"pivotX":4,"name":"V","height":14},"compId":6126,"child":[{"type":"Script","props":{"y":-5,"x":-3,"width":13,"presetID":206,"isSensor":true,"height":24,"runtime":"Laya.BoxCollider"},"compId":6127},{"type":"Script","props":{"type":"static","presetID":207,"gravityScale":0,"runtime":"Laya.RigidBody"},"compId":6128}]},{"type":"Image","props":{"y":92,"x":30,"width":7,"skin":"Game/UI/MakeTailor/dotted1.png","rotation":-30,"presetID":208,"pivotY":7,"pivotX":4,"name":"V","height":14},"compId":6129,"child":[{"type":"Script","props":{"y":-5,"x":-3,"width":13,"presetID":209,"isSensor":true,"height":24,"runtime":"Laya.BoxCollider"},"compId":6130},{"type":"Script","props":{"type":"static","presetID":210,"gravityScale":0,"runtime":"Laya.RigidBody"},"compId":6131}]},{"type":"Image","props":{"y":110,"x":42,"width":7,"skin":"Game/UI/MakeTailor/dotted1.png","rotation":-35,"presetID":211,"pivotY":7,"pivotX":4,"name":"V","height":14},"compId":6132,"child":[{"type":"Script","props":{"y":-5,"x":-3,"width":13,"presetID":212,"isSensor":true,"height":24,"runtime":"Laya.BoxCollider"},"compId":6133},{"type":"Script","props":{"type":"static","presetID":213,"gravityScale":0,"runtime":"Laya.RigidBody"},"compId":6134}]},{"type":"Image","props":{"y":126,"x":55,"width":7,"skin":"Game/UI/MakeTailor/dotted1.png","rotation":-42,"presetID":214,"pivotY":7,"pivotX":4,"name":"V","height":14},"compId":6135,"child":[{"type":"Script","props":{"y":-5,"x":-3,"width":13,"presetID":215,"isSensor":true,"height":24,"runtime":"Laya.BoxCollider"},"compId":6136},{"type":"Script","props":{"type":"static","presetID":216,"gravityScale":0,"runtime":"Laya.RigidBody"},"compId":6137}]},{"type":"Image","props":{"y":140,"x":70,"width":7,"skin":"Game/UI/MakeTailor/dotted1.png","rotation":-50,"presetID":217,"pivotY":7,"pivotX":4,"name":"V","height":14},"compId":6138,"child":[{"type":"Script","props":{"y":-5,"x":-3,"width":13,"presetID":218,"isSensor":true,"height":24,"runtime":"Laya.BoxCollider"},"compId":6139},{"type":"Script","props":{"type":"static","presetID":219,"gravityScale":0,"runtime":"Laya.RigidBody"},"compId":6140}]},{"type":"Image","props":{"y":152,"x":85,"width":7,"skin":"Game/UI/MakeTailor/dotted1.png","rotation":-50,"presetID":220,"pivotY":7,"pivotX":4,"name":"V","height":10},"compId":6141,"child":[{"type":"Script","props":{"y":-5,"x":-3,"width":13,"presetID":221,"isSensor":true,"height":16,"runtime":"Laya.BoxCollider"},"compId":6142},{"type":"Script","props":{"type":"static","presetID":222,"gravityScale":0,"runtime":"Laya.RigidBody"},"compId":6143}]},{"type":"Image","props":{"y":152,"x":96,"width":7,"skin":"Game/UI/MakeTailor/dotted1.png","rotation":47,"presetID":223,"pivotY":7,"pivotX":4,"name":"V","height":10},"compId":6144,"child":[{"type":"Script","props":{"y":-5,"x":-3,"width":13,"presetID":224,"isSensor":true,"height":16,"runtime":"Laya.BoxCollider"},"compId":6145},{"type":"Script","props":{"type":"static","presetID":225,"gravityScale":0,"runtime":"Laya.RigidBody"},"compId":6146}]},{"type":"Image","props":{"y":138,"x":111,"width":7,"skin":"Game/UI/MakeTailor/dotted1.png","rotation":45,"presetID":226,"pivotY":7,"pivotX":4,"name":"V","height":14},"compId":6147,"child":[{"type":"Script","props":{"y":-5,"x":-3,"width":13,"presetID":227,"isSensor":true,"height":24,"runtime":"Laya.BoxCollider"},"compId":6148},{"type":"Script","props":{"type":"static","presetID":228,"gravityScale":0,"runtime":"Laya.RigidBody"},"compId":6149}]},{"type":"Image","props":{"y":123,"x":126,"width":7,"skin":"Game/UI/MakeTailor/dotted1.png","rotation":42,"presetID":229,"pivotY":7,"pivotX":4,"name":"V","height":14},"compId":6150,"child":[{"type":"Script","props":{"y":-5,"x":-3,"width":13,"presetID":230,"isSensor":true,"height":24,"runtime":"Laya.BoxCollider"},"compId":6151},{"type":"Script","props":{"type":"static","presetID":231,"gravityScale":0,"runtime":"Laya.RigidBody"},"compId":6152}]},{"type":"Image","props":{"y":107,"x":138,"width":7,"skin":"Game/UI/MakeTailor/dotted1.png","rotation":34,"presetID":232,"pivotY":7,"pivotX":4,"name":"V","height":14},"compId":6153,"child":[{"type":"Script","props":{"y":-5,"x":-3,"width":13,"presetID":233,"isSensor":true,"height":24,"runtime":"Laya.BoxCollider"},"compId":6154},{"type":"Script","props":{"type":"static","presetID":234,"gravityScale":0,"runtime":"Laya.RigidBody"},"compId":6155}]},{"type":"Image","props":{"y":90,"x":148,"width":7,"skin":"Game/UI/MakeTailor/dotted1.png","rotation":29,"presetID":235,"pivotY":7,"pivotX":4,"name":"V","height":14},"compId":6156,"child":[{"type":"Script","props":{"y":-5,"x":-3,"width":13,"presetID":236,"isSensor":true,"height":24,"runtime":"Laya.BoxCollider"},"compId":6157},{"type":"Script","props":{"type":"static","presetID":237,"gravityScale":0,"runtime":"Laya.RigidBody"},"compId":6158}]},{"type":"Image","props":{"y":71,"x":158,"width":7,"skin":"Game/UI/MakeTailor/dotted1.png","rotation":25,"presetID":238,"pivotY":7,"pivotX":4,"name":"V","height":14},"compId":6159,"child":[{"type":"Script","props":{"y":-5,"x":-3,"width":13,"presetID":239,"isSensor":true,"height":24,"runtime":"Laya.BoxCollider"},"compId":6160},{"type":"Script","props":{"type":"static","presetID":240,"gravityScale":0,"runtime":"Laya.RigidBody"},"compId":6161}]},{"type":"Image","props":{"y":52,"x":165,"width":7,"skin":"Game/UI/MakeTailor/dotted1.png","rotation":17,"presetID":241,"pivotY":7,"pivotX":4,"name":"V","height":14},"compId":6162,"child":[{"type":"Script","props":{"y":-5,"x":-3,"width":13,"presetID":242,"isSensor":true,"height":24,"runtime":"Laya.BoxCollider"},"compId":6163},{"type":"Script","props":{"type":"static","presetID":243,"gravityScale":0,"runtime":"Laya.RigidBody"},"compId":6164}]},{"type":"Image","props":{"y":32,"x":170,"width":7,"skin":"Game/UI/MakeTailor/dotted1.png","rotation":12,"presetID":244,"pivotY":7,"pivotX":4,"name":"V","height":14},"compId":6168,"child":[{"type":"Script","props":{"y":-5,"x":-3,"width":13,"presetID":245,"isSensor":true,"height":24,"runtime":"Laya.BoxCollider"},"compId":6169},{"type":"Script","props":{"type":"static","presetID":246,"gravityScale":0,"runtime":"Laya.RigidBody"},"compId":6170}]},{"type":"Image","props":{"y":12,"x":174,"width":7,"skin":"Game/UI/MakeTailor/dotted1.png","rotation":8,"presetID":247,"pivotY":7,"pivotX":4,"name":"V","height":14},"compId":6171,"child":[{"type":"Script","props":{"y":-5,"x":-3,"width":13,"presetID":248,"isSensor":true,"height":24,"runtime":"Laya.BoxCollider"},"compId":6172},{"type":"Script","props":{"type":"static","presetID":249,"gravityScale":0,"runtime":"Laya.RigidBody"},"compId":6173}]}]}]}],"loadList":["Game/UI/MakeTailor/diy_top_004_final/q1.png","Game/UI/MakeTailor/diy_top_004_final/s1.png","Game/UI/MakeTailor/diy_top_004_final/s3.png","Game/UI/MakeTailor/diy_top_004_final/s2.png","Game/UI/MakeTailor/diy_top_004_final/s4.png","Game/UI/MakeTailor/diy_top_004_final/s6.png","Game/UI/MakeTailor/diy_top_004_final/s5.png","Game/UI/MakeTailor/diy_top_004_final/x1.png","Game/UI/MakeTailor/dotted1.png","Game/UI/MakeTailor/diy_top_004_final/x3.png","Game/UI/MakeTailor/diy_top_004_final/x2.png","Game/UI/MakeTailor/diy_top_004_final/x4.png","Game/UI/MakeTailor/diy_top_004_final/x6.png","Game/UI/MakeTailor/diy_top_004_final/x5.png"],"loadList3D":[]}