{"type":"Box","props":{"y":0,"x":0,"width":720,"presetID":1,"name":"diy_bottom_003_final","isPresetRoot":true,"height":720,"centerY":0,"centerX":0},"compId":3686,"child":[{"type":"Sprite","props":{"y":-14,"x":-275.5,"width":1280,"texture":"Game/UI/MakeTailor/diy_bottom_003_final/q1.png","presetID":2,"name":"Cloth01_U","height":720},"compId":2986},{"type":"Sprite","props":{"y":133,"x":191,"texture":"Game/UI/MakeTailor/diy_bottom_003_final/s1.png","presetID":3,"name":"Ultimately"},"compId":2577},{"type":"Image","props":{"y":-16,"width":512,"presetID":4,"name":"LineParent","height":725,"centerX":0},"compId":2578,"child":[{"type":"Sprite","props":{"y":145,"x":87,"texture":"Game/UI/MakeTailor/diy_bottom_003_final/x1.png","presetID":5,"name":"Line01"},"compId":2579,"child":[{"type":"Image","props":{"y":548,"x":6,"width":7,"skin":"Game/UI/MakeTailor/dotted1.png","rotation":8,"presetID":6,"pivotY":7,"pivotX":4,"name":"V","height":14},"compId":2598,"child":[{"type":"Script","props":{"y":-5,"x":-3,"width":13,"presetID":7,"isSensor":true,"height":24,"runtime":"Laya.BoxCollider"},"compId":2599},{"type":"Script","props":{"y":13,"x":0,"type":"static","presetID":8,"gravityScale":0,"runtime":"Laya.RigidBody"},"compId":2600}]},{"type":"Image","props":{"y":528,"x":9,"width":7,"skin":"Game/UI/MakeTailor/dotted1.png","rotation":8,"presetID":9,"pivotY":7,"pivotX":4,"name":"V","height":14},"compId":3693,"child":[{"type":"Script","props":{"y":-5,"x":-3,"width":13,"presetID":10,"isSensor":true,"height":24,"runtime":"Laya.BoxCollider"},"compId":3694},{"type":"Script","props":{"y":13,"x":0,"type":"static","presetID":11,"gravityScale":0,"runtime":"Laya.RigidBody"},"compId":3695}]},{"type":"Image","props":{"y":508,"x":12,"width":7,"skin":"Game/UI/MakeTailor/dotted1.png","rotation":8,"presetID":12,"pivotY":7,"pivotX":4,"name":"V","height":14},"compId":3696,"child":[{"type":"Script","props":{"y":-5,"x":-3,"width":13,"presetID":13,"isSensor":true,"height":24,"runtime":"Laya.BoxCollider"},"compId":3697},{"type":"Script","props":{"y":13,"x":0,"type":"static","presetID":14,"gravityScale":0,"runtime":"Laya.RigidBody"},"compId":3698}]},{"type":"Image","props":{"y":488,"x":15,"width":7,"skin":"Game/UI/MakeTailor/dotted1.png","rotation":8,"presetID":15,"pivotY":7,"pivotX":4,"name":"V","height":14},"compId":3699,"child":[{"type":"Script","props":{"y":-5,"x":-3,"width":13,"presetID":16,"isSensor":true,"height":24,"runtime":"Laya.BoxCollider"},"compId":3700},{"type":"Script","props":{"y":13,"x":0,"type":"static","presetID":17,"gravityScale":0,"runtime":"Laya.RigidBody"},"compId":3701}]},{"type":"Image","props":{"y":468,"x":17,"width":7,"skin":"Game/UI/MakeTailor/dotted1.png","rotation":8,"presetID":18,"pivotY":7,"pivotX":4,"name":"V","height":14},"compId":3702,"child":[{"type":"Script","props":{"y":-5,"x":-3,"width":13,"presetID":19,"isSensor":true,"height":24,"runtime":"Laya.BoxCollider"},"compId":3703},{"type":"Script","props":{"y":13,"x":0,"type":"static","presetID":20,"gravityScale":0,"runtime":"Laya.RigidBody"},"compId":3704}]},{"type":"Image","props":{"y":448,"x":19,"width":7,"skin":"Game/UI/MakeTailor/dotted1.png","rotation":8,"presetID":21,"pivotY":7,"pivotX":4,"name":"V","height":14},"compId":3705,"child":[{"type":"Script","props":{"y":-5,"x":-3,"width":13,"presetID":22,"isSensor":true,"height":24,"runtime":"Laya.BoxCollider"},"compId":3706},{"type":"Script","props":{"y":13,"x":0,"type":"static","presetID":23,"gravityScale":0,"runtime":"Laya.RigidBody"},"compId":3707}]},{"type":"Image","props":{"y":428,"x":23,"width":7,"skin":"Game/UI/MakeTailor/dotted1.png","rotation":8,"presetID":24,"pivotY":7,"pivotX":4,"name":"V","height":14},"compId":3708,"child":[{"type":"Script","props":{"y":-5,"x":-3,"width":13,"presetID":25,"isSensor":true,"height":24,"runtime":"Laya.BoxCollider"},"compId":3709},{"type":"Script","props":{"y":13,"x":0,"type":"static","presetID":26,"gravityScale":0,"runtime":"Laya.RigidBody"},"compId":3710}]},{"type":"Image","props":{"y":408,"x":26,"width":7,"skin":"Game/UI/MakeTailor/dotted1.png","rotation":8,"presetID":27,"pivotY":7,"pivotX":4,"name":"V","height":14},"compId":3711,"child":[{"type":"Script","props":{"y":-5,"x":-3,"width":13,"presetID":28,"isSensor":true,"height":24,"runtime":"Laya.BoxCollider"},"compId":3712},{"type":"Script","props":{"y":13,"x":0,"type":"static","presetID":29,"gravityScale":0,"runtime":"Laya.RigidBody"},"compId":3713}]},{"type":"Image","props":{"y":388,"x":29,"width":7,"skin":"Game/UI/MakeTailor/dotted1.png","rotation":8,"presetID":30,"pivotY":7,"pivotX":4,"name":"V","height":14},"compId":3714,"child":[{"type":"Script","props":{"y":-5,"x":-3,"width":13,"presetID":31,"isSensor":true,"height":24,"runtime":"Laya.BoxCollider"},"compId":3715},{"type":"Script","props":{"y":13,"x":0,"type":"static","presetID":32,"gravityScale":0,"runtime":"Laya.RigidBody"},"compId":3716}]},{"type":"Image","props":{"y":368,"x":32,"width":7,"skin":"Game/UI/MakeTailor/dotted1.png","rotation":8,"presetID":33,"pivotY":7,"pivotX":4,"name":"V","height":14},"compId":3717,"child":[{"type":"Script","props":{"y":-5,"x":-3,"width":13,"presetID":34,"isSensor":true,"height":24,"runtime":"Laya.BoxCollider"},"compId":3718},{"type":"Script","props":{"y":13,"x":0,"type":"static","presetID":35,"gravityScale":0,"runtime":"Laya.RigidBody"},"compId":3719}]},{"type":"Image","props":{"y":348,"x":35,"width":7,"skin":"Game/UI/MakeTailor/dotted1.png","rotation":8,"presetID":36,"pivotY":7,"pivotX":4,"name":"V","height":14},"compId":3720,"child":[{"type":"Script","props":{"y":-5,"x":-3,"width":13,"presetID":37,"isSensor":true,"height":24,"runtime":"Laya.BoxCollider"},"compId":3721},{"type":"Script","props":{"y":13,"x":0,"type":"static","presetID":38,"gravityScale":0,"runtime":"Laya.RigidBody"},"compId":3722}]},{"type":"Image","props":{"y":327,"x":38,"width":7,"skin":"Game/UI/MakeTailor/dotted1.png","rotation":8,"presetID":39,"pivotY":7,"pivotX":4,"name":"V","height":14},"compId":3723,"child":[{"type":"Script","props":{"y":-5,"x":-3,"width":13,"presetID":40,"isSensor":true,"height":24,"runtime":"Laya.BoxCollider"},"compId":3724},{"type":"Script","props":{"y":13,"x":0,"type":"static","presetID":41,"gravityScale":0,"runtime":"Laya.RigidBody"},"compId":3725}]},{"type":"Image","props":{"y":307,"x":41,"width":7,"skin":"Game/UI/MakeTailor/dotted1.png","rotation":8,"presetID":42,"pivotY":7,"pivotX":4,"name":"V","height":14},"compId":3726,"child":[{"type":"Script","props":{"y":-5,"x":-3,"width":13,"presetID":43,"isSensor":true,"height":24,"runtime":"Laya.BoxCollider"},"compId":3727},{"type":"Script","props":{"y":13,"x":0,"type":"static","presetID":44,"gravityScale":0,"runtime":"Laya.RigidBody"},"compId":3728}]},{"type":"Image","props":{"y":287,"x":43,"width":7,"skin":"Game/UI/MakeTailor/dotted1.png","rotation":8,"presetID":45,"pivotY":7,"pivotX":4,"name":"V","height":14},"compId":3729,"child":[{"type":"Script","props":{"y":-5,"x":-3,"width":13,"presetID":46,"isSensor":true,"height":24,"runtime":"Laya.BoxCollider"},"compId":3730},{"type":"Script","props":{"y":13,"x":0,"type":"static","presetID":47,"gravityScale":0,"runtime":"Laya.RigidBody"},"compId":3731}]},{"type":"Image","props":{"y":267,"x":45,"width":7,"skin":"Game/UI/MakeTailor/dotted1.png","rotation":8,"presetID":48,"pivotY":7,"pivotX":4,"name":"V","height":14},"compId":3732,"child":[{"type":"Script","props":{"y":-5,"x":-3,"width":13,"presetID":49,"isSensor":true,"height":24,"runtime":"Laya.BoxCollider"},"compId":3733},{"type":"Script","props":{"y":13,"x":0,"type":"static","presetID":50,"gravityScale":0,"runtime":"Laya.RigidBody"},"compId":3734}]},{"type":"Image","props":{"y":246,"x":47,"width":7,"skin":"Game/UI/MakeTailor/dotted1.png","rotation":8,"presetID":51,"pivotY":7,"pivotX":4,"name":"V","height":14},"compId":3735,"child":[{"type":"Script","props":{"y":-5,"x":-3,"width":13,"presetID":52,"isSensor":true,"height":24,"runtime":"Laya.BoxCollider"},"compId":3736},{"type":"Script","props":{"y":13,"x":0,"type":"static","presetID":53,"gravityScale":0,"runtime":"Laya.RigidBody"},"compId":3737}]},{"type":"Image","props":{"y":226,"x":49,"width":7,"skin":"Game/UI/MakeTailor/dotted1.png","rotation":8,"presetID":54,"pivotY":7,"pivotX":4,"name":"V","height":14},"compId":3738,"child":[{"type":"Script","props":{"y":-5,"x":-3,"width":13,"presetID":55,"isSensor":true,"height":24,"runtime":"Laya.BoxCollider"},"compId":3739},{"type":"Script","props":{"y":13,"x":0,"type":"static","presetID":56,"gravityScale":0,"runtime":"Laya.RigidBody"},"compId":3740}]},{"type":"Image","props":{"y":205,"x":52,"width":7,"skin":"Game/UI/MakeTailor/dotted1.png","rotation":8,"presetID":57,"pivotY":7,"pivotX":4,"name":"V","height":14},"compId":3741,"child":[{"type":"Script","props":{"y":-5,"x":-3,"width":13,"presetID":58,"isSensor":true,"height":24,"runtime":"Laya.BoxCollider"},"compId":3742},{"type":"Script","props":{"y":13,"x":0,"type":"static","presetID":59,"gravityScale":0,"runtime":"Laya.RigidBody"},"compId":3743}]},{"type":"Image","props":{"y":185,"x":54,"width":7,"skin":"Game/UI/MakeTailor/dotted1.png","rotation":8,"presetID":60,"pivotY":7,"pivotX":4,"name":"V","height":14},"compId":3744,"child":[{"type":"Script","props":{"y":-5,"x":-3,"width":13,"presetID":61,"isSensor":true,"height":24,"runtime":"Laya.BoxCollider"},"compId":3745},{"type":"Script","props":{"y":13,"x":0,"type":"static","presetID":62,"gravityScale":0,"runtime":"Laya.RigidBody"},"compId":3746}]},{"type":"Image","props":{"y":164,"x":57,"width":7,"skin":"Game/UI/MakeTailor/dotted1.png","rotation":8,"presetID":63,"pivotY":7,"pivotX":4,"name":"V","height":14},"compId":3747,"child":[{"type":"Script","props":{"y":-5,"x":-3,"width":13,"presetID":64,"isSensor":true,"height":24,"runtime":"Laya.BoxCollider"},"compId":3748},{"type":"Script","props":{"y":13,"x":0,"type":"static","presetID":65,"gravityScale":0,"runtime":"Laya.RigidBody"},"compId":3749}]},{"type":"Image","props":{"y":144,"x":59,"width":7,"skin":"Game/UI/MakeTailor/dotted1.png","rotation":8,"presetID":66,"pivotY":7,"pivotX":4,"name":"V","height":14},"compId":3750,"child":[{"type":"Script","props":{"y":-5,"x":-3,"width":13,"presetID":67,"isSensor":true,"height":24,"runtime":"Laya.BoxCollider"},"compId":3751},{"type":"Script","props":{"y":13,"x":0,"type":"static","presetID":68,"gravityScale":0,"runtime":"Laya.RigidBody"},"compId":3752}]},{"type":"Image","props":{"y":123,"x":62,"width":7,"skin":"Game/UI/MakeTailor/dotted1.png","rotation":8,"presetID":69,"pivotY":7,"pivotX":4,"name":"V","height":14},"compId":3753,"child":[{"type":"Script","props":{"y":-5,"x":-3,"width":13,"presetID":70,"isSensor":true,"height":24,"runtime":"Laya.BoxCollider"},"compId":3754},{"type":"Script","props":{"y":13,"x":0,"type":"static","presetID":71,"gravityScale":0,"runtime":"Laya.RigidBody"},"compId":3755}]},{"type":"Image","props":{"y":105,"x":65,"width":7,"skin":"Game/UI/MakeTailor/dotted1.png","rotation":12,"presetID":72,"pivotY":7,"pivotX":4,"name":"V","height":14},"compId":3756,"child":[{"type":"Script","props":{"y":-5,"x":-3,"width":13,"presetID":73,"isSensor":true,"height":24,"runtime":"Laya.BoxCollider"},"compId":3757},{"type":"Script","props":{"y":13,"x":0,"type":"static","presetID":74,"gravityScale":0,"runtime":"Laya.RigidBody"},"compId":3758}]},{"type":"Image","props":{"y":85,"x":71,"width":7,"skin":"Game/UI/MakeTailor/dotted1.png","rotation":24,"presetID":75,"pivotY":7,"pivotX":4,"name":"V","height":14},"compId":3765,"child":[{"type":"Script","props":{"y":-5,"x":-3,"width":13,"presetID":76,"isSensor":true,"height":24,"runtime":"Laya.BoxCollider"},"compId":3766},{"type":"Script","props":{"y":13,"x":0,"type":"static","presetID":77,"gravityScale":0,"runtime":"Laya.RigidBody"},"compId":3767}]},{"type":"Image","props":{"y":66,"x":81,"width":7,"skin":"Game/UI/MakeTailor/dotted1.png","rotation":34,"presetID":78,"pivotY":7,"pivotX":4,"name":"A","height":14},"compId":3768,"child":[{"type":"Script","props":{"y":-5,"x":-3,"width":13,"presetID":79,"isSensor":true,"height":24,"runtime":"Laya.BoxCollider"},"compId":3769},{"type":"Script","props":{"y":13,"x":0,"type":"static","presetID":80,"gravityScale":0,"runtime":"Laya.RigidBody"},"compId":3770}]},{"type":"Image","props":{"y":51,"x":93,"width":7,"skin":"Game/UI/MakeTailor/dotted1.png","rotation":39,"presetID":81,"pivotY":7,"pivotX":4,"name":"A","height":14},"compId":3771,"child":[{"type":"Script","props":{"y":-5,"x":-3,"width":13,"presetID":82,"isSensor":true,"height":24,"runtime":"Laya.BoxCollider"},"compId":3772},{"type":"Script","props":{"y":13,"x":0,"type":"static","presetID":83,"gravityScale":0,"runtime":"Laya.RigidBody"},"compId":3773}]},{"type":"Image","props":{"y":37,"x":105,"width":7,"skin":"Game/UI/MakeTailor/dotted1.png","rotation":46,"presetID":84,"pivotY":7,"pivotX":4,"name":"A","height":14},"compId":3774,"child":[{"type":"Script","props":{"y":-5,"x":-3,"width":13,"presetID":85,"isSensor":true,"height":24,"runtime":"Laya.BoxCollider"},"compId":3775},{"type":"Script","props":{"y":13,"x":0,"type":"static","presetID":86,"gravityScale":0,"runtime":"Laya.RigidBody"},"compId":3776}]},{"type":"Image","props":{"y":24,"x":120,"width":7,"skin":"Game/UI/MakeTailor/dotted1.png","rotation":49,"presetID":87,"pivotY":7,"pivotX":4,"name":"A","height":14},"compId":3777,"child":[{"type":"Script","props":{"y":-5,"x":-3,"width":13,"presetID":88,"isSensor":true,"height":24,"runtime":"Laya.BoxCollider"},"compId":3778},{"type":"Script","props":{"y":13,"x":0,"type":"static","presetID":89,"gravityScale":0,"runtime":"Laya.RigidBody"},"compId":3779}]},{"type":"Image","props":{"y":14,"x":136,"width":7,"skin":"Game/UI/MakeTailor/dotted1.png","rotation":60,"presetID":90,"pivotY":7,"pivotX":4,"name":"A","height":14},"compId":3783,"child":[{"type":"Script","props":{"y":-5,"x":-3,"width":13,"presetID":91,"isSensor":true,"height":24,"runtime":"Laya.BoxCollider"},"compId":3784},{"type":"Script","props":{"y":13,"x":0,"type":"static","presetID":92,"gravityScale":0,"runtime":"Laya.RigidBody"},"compId":3785}]},{"type":"Image","props":{"y":6,"x":154,"width":7,"skin":"Game/UI/MakeTailor/dotted1.png","rotation":71,"presetID":93,"pivotY":7,"pivotX":4,"name":"A","height":14},"compId":3789,"child":[{"type":"Script","props":{"y":-5,"x":-3,"width":13,"presetID":94,"isSensor":true,"height":24,"runtime":"Laya.BoxCollider"},"compId":3790},{"type":"Script","props":{"y":13,"x":0,"type":"static","presetID":95,"gravityScale":0,"runtime":"Laya.RigidBody"},"compId":3791}]},{"type":"Image","props":{"y":3,"x":173,"width":7,"skin":"Game/UI/MakeTailor/dotted1.png","rotation":89,"presetID":96,"pivotY":7,"pivotX":4,"name":"A","height":14},"compId":3792,"child":[{"type":"Script","props":{"y":-5,"x":-3,"width":13,"presetID":97,"isSensor":true,"height":24,"runtime":"Laya.BoxCollider"},"compId":3793},{"type":"Script","props":{"y":13,"x":0,"type":"static","presetID":98,"gravityScale":0,"runtime":"Laya.RigidBody"},"compId":3794}]},{"type":"Image","props":{"y":4,"x":192,"width":7,"skin":"Game/UI/MakeTailor/dotted1.png","rotation":95,"presetID":99,"pivotY":7,"pivotX":4,"name":"A","height":14},"compId":3795,"child":[{"type":"Script","props":{"y":-5,"x":-3,"width":13,"presetID":100,"isSensor":true,"height":24,"runtime":"Laya.BoxCollider"},"compId":3796},{"type":"Script","props":{"y":13,"x":0,"type":"static","presetID":101,"gravityScale":0,"runtime":"Laya.RigidBody"},"compId":3797}]},{"type":"Image","props":{"y":7,"x":212,"width":7,"skin":"Game/UI/MakeTailor/dotted1.png","rotation":103,"presetID":102,"pivotY":7,"pivotX":4,"name":"A","height":14},"compId":3798,"child":[{"type":"Script","props":{"y":-5,"x":-3,"width":13,"presetID":103,"isSensor":true,"height":24,"runtime":"Laya.BoxCollider"},"compId":3799},{"type":"Script","props":{"y":13,"x":0,"type":"static","presetID":104,"gravityScale":0,"runtime":"Laya.RigidBody"},"compId":3800}]},{"type":"Image","props":{"y":14,"x":232,"width":7,"skin":"Game/UI/MakeTailor/dotted1.png","rotation":115,"presetID":105,"pivotY":7,"pivotX":4,"name":"A","height":14},"compId":3801,"child":[{"type":"Script","props":{"y":-5,"x":-3,"width":13,"presetID":106,"isSensor":true,"height":24,"runtime":"Laya.BoxCollider"},"compId":3802},{"type":"Script","props":{"y":13,"x":0,"type":"static","presetID":107,"gravityScale":0,"runtime":"Laya.RigidBody"},"compId":3803}]},{"type":"Image","props":{"y":25,"x":247,"width":7,"skin":"Game/UI/MakeTailor/dotted1.png","rotation":131,"presetID":108,"pivotY":7,"pivotX":4,"name":"A","height":14},"compId":3804,"child":[{"type":"Script","props":{"y":-5,"x":-3,"width":13,"presetID":109,"isSensor":true,"height":24,"runtime":"Laya.BoxCollider"},"compId":3805},{"type":"Script","props":{"y":13,"x":0,"type":"static","presetID":110,"gravityScale":0,"runtime":"Laya.RigidBody"},"compId":3806}]},{"type":"Image","props":{"y":38,"x":260,"width":7,"skin":"Game/UI/MakeTailor/dotted1.png","rotation":140,"presetID":111,"pivotY":7,"pivotX":4,"name":"A","height":14},"compId":3807,"child":[{"type":"Script","props":{"y":-5,"x":-3,"width":13,"presetID":112,"isSensor":true,"height":24,"runtime":"Laya.BoxCollider"},"compId":3808},{"type":"Script","props":{"y":13,"x":0,"type":"static","presetID":113,"gravityScale":0,"runtime":"Laya.RigidBody"},"compId":3809}]},{"type":"Image","props":{"y":54,"x":272,"width":7,"skin":"Game/UI/MakeTailor/dotted1.png","rotation":145,"presetID":114,"pivotY":7,"pivotX":4,"name":"A","height":14},"compId":3810,"child":[{"type":"Script","props":{"y":-5,"x":-3,"width":13,"presetID":115,"isSensor":true,"height":24,"runtime":"Laya.BoxCollider"},"compId":3811},{"type":"Script","props":{"y":13,"x":0,"type":"static","presetID":116,"gravityScale":0,"runtime":"Laya.RigidBody"},"compId":3812}]},{"type":"Image","props":{"y":70,"x":284,"width":7,"skin":"Game/UI/MakeTailor/dotted1.png","rotation":-30,"presetID":117,"pivotY":7,"pivotX":4,"name":"V","height":14},"compId":3813,"child":[{"type":"Script","props":{"y":-5,"x":-3,"width":13,"presetID":118,"isSensor":true,"height":24,"runtime":"Laya.BoxCollider"},"compId":3814},{"type":"Script","props":{"y":13,"x":0,"type":"static","presetID":119,"gravityScale":0,"runtime":"Laya.RigidBody"},"compId":3815}]},{"type":"Image","props":{"y":88,"x":294,"width":7,"skin":"Game/UI/MakeTailor/dotted1.png","rotation":-25,"presetID":120,"pivotY":7,"pivotX":4,"name":"V","height":14},"compId":3816,"child":[{"type":"Script","props":{"y":-5,"x":-3,"width":13,"presetID":121,"isSensor":true,"height":24,"runtime":"Laya.BoxCollider"},"compId":3817},{"type":"Script","props":{"y":13,"x":0,"type":"static","presetID":122,"gravityScale":0,"runtime":"Laya.RigidBody"},"compId":3818}]},{"type":"Image","props":{"y":107,"x":302,"width":7,"skin":"Game/UI/MakeTailor/dotted1.png","rotation":-20,"presetID":123,"pivotY":7,"pivotX":4,"name":"V","height":14},"compId":3819,"child":[{"type":"Script","props":{"y":-5,"x":-3,"width":13,"presetID":124,"isSensor":true,"height":24,"runtime":"Laya.BoxCollider"},"compId":3820},{"type":"Script","props":{"y":13,"x":0,"type":"static","presetID":125,"gravityScale":0,"runtime":"Laya.RigidBody"},"compId":3821}]},{"type":"Image","props":{"y":127,"x":307,"width":7,"skin":"Game/UI/MakeTailor/dotted1.png","rotation":-9,"presetID":126,"pivotY":7,"pivotX":4,"name":"V","height":14},"compId":3822,"child":[{"type":"Script","props":{"y":-5,"x":-3,"width":13,"presetID":127,"isSensor":true,"height":24,"runtime":"Laya.BoxCollider"},"compId":3823},{"type":"Script","props":{"y":13,"x":0,"type":"static","presetID":128,"gravityScale":0,"runtime":"Laya.RigidBody"},"compId":3824}]},{"type":"Image","props":{"y":147,"x":310,"width":7,"skin":"Game/UI/MakeTailor/dotted1.png","rotation":-6,"presetID":129,"pivotY":7,"pivotX":4,"name":"V","height":14},"compId":3825,"child":[{"type":"Script","props":{"y":-5,"x":-3,"width":13,"presetID":130,"isSensor":true,"height":24,"runtime":"Laya.BoxCollider"},"compId":3826},{"type":"Script","props":{"y":13,"x":0,"type":"static","presetID":131,"gravityScale":0,"runtime":"Laya.RigidBody"},"compId":3827}]},{"type":"Image","props":{"y":167,"x":312,"width":7,"skin":"Game/UI/MakeTailor/dotted1.png","rotation":-6,"presetID":132,"pivotY":7,"pivotX":4,"name":"V","height":14},"compId":3828,"child":[{"type":"Script","props":{"y":-5,"x":-3,"width":13,"presetID":133,"isSensor":true,"height":24,"runtime":"Laya.BoxCollider"},"compId":3829},{"type":"Script","props":{"y":13,"x":0,"type":"static","presetID":134,"gravityScale":0,"runtime":"Laya.RigidBody"},"compId":3830}]},{"type":"Image","props":{"y":188,"x":314,"width":7,"skin":"Game/UI/MakeTailor/dotted1.png","rotation":-6,"presetID":135,"pivotY":7,"pivotX":4,"name":"V","height":14},"compId":3831,"child":[{"type":"Script","props":{"y":-5,"x":-3,"width":13,"presetID":136,"isSensor":true,"height":24,"runtime":"Laya.BoxCollider"},"compId":3832},{"type":"Script","props":{"y":13,"x":0,"type":"static","presetID":137,"gravityScale":0,"runtime":"Laya.RigidBody"},"compId":3833}]},{"type":"Image","props":{"y":209,"x":316,"width":7,"skin":"Game/UI/MakeTailor/dotted1.png","rotation":-4,"presetID":138,"pivotY":7,"pivotX":4,"name":"V","height":14},"compId":3834,"child":[{"type":"Script","props":{"y":-5,"x":-3,"width":13,"presetID":139,"isSensor":true,"height":24,"runtime":"Laya.BoxCollider"},"compId":3835},{"type":"Script","props":{"y":13,"x":0,"type":"static","presetID":140,"gravityScale":0,"runtime":"Laya.RigidBody"},"compId":3836}]},{"type":"Image","props":{"y":230,"x":319,"width":7,"skin":"Game/UI/MakeTailor/dotted1.png","rotation":-6,"presetID":141,"pivotY":7,"pivotX":4,"name":"V","height":14},"compId":3837,"child":[{"type":"Script","props":{"y":-5,"x":-3,"width":13,"presetID":142,"isSensor":true,"height":24,"runtime":"Laya.BoxCollider"},"compId":3838},{"type":"Script","props":{"y":13,"x":0,"type":"static","presetID":143,"gravityScale":0,"runtime":"Laya.RigidBody"},"compId":3839}]},{"type":"Image","props":{"y":251,"x":321,"width":7,"skin":"Game/UI/MakeTailor/dotted1.png","rotation":-5,"presetID":144,"pivotY":7,"pivotX":4,"name":"V","height":14},"compId":3840,"child":[{"type":"Script","props":{"y":-5,"x":-3,"width":13,"presetID":145,"isSensor":true,"height":24,"runtime":"Laya.BoxCollider"},"compId":3841},{"type":"Script","props":{"y":13,"x":0,"type":"static","presetID":146,"gravityScale":0,"runtime":"Laya.RigidBody"},"compId":3842}]},{"type":"Image","props":{"y":272,"x":323,"width":7,"skin":"Game/UI/MakeTailor/dotted1.png","rotation":-5,"presetID":147,"pivotY":7,"pivotX":4,"name":"V","height":14},"compId":3843,"child":[{"type":"Script","props":{"y":-5,"x":-3,"width":13,"presetID":148,"isSensor":true,"height":24,"runtime":"Laya.BoxCollider"},"compId":3844},{"type":"Script","props":{"y":13,"x":0,"type":"static","presetID":149,"gravityScale":0,"runtime":"Laya.RigidBody"},"compId":3845}]},{"type":"Image","props":{"y":293,"x":325,"width":7,"skin":"Game/UI/MakeTailor/dotted1.png","rotation":-6,"presetID":150,"pivotY":7,"pivotX":4,"name":"V","height":14},"compId":3846,"child":[{"type":"Script","props":{"y":-5,"x":-3,"width":13,"presetID":151,"isSensor":true,"height":24,"runtime":"Laya.BoxCollider"},"compId":3847},{"type":"Script","props":{"y":13,"x":0,"type":"static","presetID":152,"gravityScale":0,"runtime":"Laya.RigidBody"},"compId":3848}]},{"type":"Image","props":{"y":314,"x":327,"width":7,"skin":"Game/UI/MakeTailor/dotted1.png","rotation":-7,"presetID":153,"pivotY":7,"pivotX":4,"name":"V","height":14},"compId":3849,"child":[{"type":"Script","props":{"y":-5,"x":-3,"width":13,"presetID":154,"isSensor":true,"height":24,"runtime":"Laya.BoxCollider"},"compId":3850},{"type":"Script","props":{"y":13,"x":0,"type":"static","presetID":155,"gravityScale":0,"runtime":"Laya.RigidBody"},"compId":3851}]},{"type":"Image","props":{"y":335,"x":330,"width":7,"skin":"Game/UI/MakeTailor/dotted1.png","rotation":-8,"presetID":156,"pivotY":7,"pivotX":4,"name":"V","height":14},"compId":3852,"child":[{"type":"Script","props":{"y":-5,"x":-3,"width":13,"presetID":157,"isSensor":true,"height":24,"runtime":"Laya.BoxCollider"},"compId":3853},{"type":"Script","props":{"y":13,"x":0,"type":"static","presetID":158,"gravityScale":0,"runtime":"Laya.RigidBody"},"compId":3854}]},{"type":"Image","props":{"y":357,"x":333,"width":7,"skin":"Game/UI/MakeTailor/dotted1.png","rotation":-7,"presetID":159,"pivotY":7,"pivotX":4,"name":"V","height":14},"compId":3855,"child":[{"type":"Script","props":{"y":-5,"x":-3,"width":13,"presetID":160,"isSensor":true,"height":24,"runtime":"Laya.BoxCollider"},"compId":3856},{"type":"Script","props":{"y":13,"x":0,"type":"static","presetID":161,"gravityScale":0,"runtime":"Laya.RigidBody"},"compId":3857}]},{"type":"Image","props":{"y":378,"x":336,"width":7,"skin":"Game/UI/MakeTailor/dotted1.png","rotation":-8,"presetID":162,"pivotY":7,"pivotX":4,"name":"V","height":14},"compId":3858,"child":[{"type":"Script","props":{"y":-5,"x":-3,"width":13,"presetID":163,"isSensor":true,"height":24,"runtime":"Laya.BoxCollider"},"compId":3859},{"type":"Script","props":{"y":13,"x":0,"type":"static","presetID":164,"gravityScale":0,"runtime":"Laya.RigidBody"},"compId":3860}]},{"type":"Image","props":{"y":399,"x":339,"width":7,"skin":"Game/UI/MakeTailor/dotted1.png","rotation":-8,"presetID":165,"pivotY":7,"pivotX":4,"name":"V","height":14},"compId":3861,"child":[{"type":"Script","props":{"y":-5,"x":-3,"width":13,"presetID":166,"isSensor":true,"height":24,"runtime":"Laya.BoxCollider"},"compId":3862},{"type":"Script","props":{"y":13,"x":0,"type":"static","presetID":167,"gravityScale":0,"runtime":"Laya.RigidBody"},"compId":3863}]},{"type":"Image","props":{"y":421,"x":342,"width":7,"skin":"Game/UI/MakeTailor/dotted1.png","rotation":-9,"presetID":168,"pivotY":7,"pivotX":4,"name":"V","height":14},"compId":3864,"child":[{"type":"Script","props":{"y":-5,"x":-3,"width":13,"presetID":169,"isSensor":true,"height":24,"runtime":"Laya.BoxCollider"},"compId":3865},{"type":"Script","props":{"y":13,"x":0,"type":"static","presetID":170,"gravityScale":0,"runtime":"Laya.RigidBody"},"compId":3866}]},{"type":"Image","props":{"y":442,"x":346,"width":7,"skin":"Game/UI/MakeTailor/dotted1.png","rotation":-10,"presetID":171,"pivotY":7,"pivotX":4,"name":"V","height":14},"compId":3867,"child":[{"type":"Script","props":{"y":-5,"x":-3,"width":13,"presetID":172,"isSensor":true,"height":24,"runtime":"Laya.BoxCollider"},"compId":3868},{"type":"Script","props":{"y":13,"x":0,"type":"static","presetID":173,"gravityScale":0,"runtime":"Laya.RigidBody"},"compId":3869}]},{"type":"Image","props":{"y":463,"x":350,"width":7,"skin":"Game/UI/MakeTailor/dotted1.png","rotation":-9,"presetID":174,"pivotY":7,"pivotX":4,"name":"V","height":14},"compId":3870,"child":[{"type":"Script","props":{"y":-5,"x":-3,"width":13,"presetID":175,"isSensor":true,"height":24,"runtime":"Laya.BoxCollider"},"compId":3871},{"type":"Script","props":{"y":13,"x":0,"type":"static","presetID":176,"gravityScale":0,"runtime":"Laya.RigidBody"},"compId":3872}]},{"type":"Image","props":{"y":484,"x":354,"width":7,"skin":"Game/UI/MakeTailor/dotted1.png","rotation":-9,"presetID":177,"pivotY":7,"pivotX":4,"name":"V","height":14},"compId":3873,"child":[{"type":"Script","props":{"y":-5,"x":-3,"width":13,"presetID":178,"isSensor":true,"height":24,"runtime":"Laya.BoxCollider"},"compId":3874},{"type":"Script","props":{"y":13,"x":0,"type":"static","presetID":179,"gravityScale":0,"runtime":"Laya.RigidBody"},"compId":3875}]},{"type":"Image","props":{"y":505,"x":357,"width":7,"skin":"Game/UI/MakeTailor/dotted1.png","rotation":-8,"presetID":180,"pivotY":7,"pivotX":4,"name":"V","height":14},"compId":3876,"child":[{"type":"Script","props":{"y":-5,"x":-3,"width":13,"presetID":181,"isSensor":true,"height":24,"runtime":"Laya.BoxCollider"},"compId":3877},{"type":"Script","props":{"y":13,"x":0,"type":"static","presetID":182,"gravityScale":0,"runtime":"Laya.RigidBody"},"compId":3878}]},{"type":"Image","props":{"y":527,"x":360,"width":7,"skin":"Game/UI/MakeTailor/dotted1.png","rotation":-6,"presetID":183,"pivotY":7,"pivotX":4,"name":"V","height":14},"compId":3879,"child":[{"type":"Script","props":{"y":-5,"x":-3,"width":13,"presetID":184,"isSensor":true,"height":24,"runtime":"Laya.BoxCollider"},"compId":3880},{"type":"Script","props":{"y":13,"x":0,"type":"static","presetID":185,"gravityScale":0,"runtime":"Laya.RigidBody"},"compId":3881}]},{"type":"Image","props":{"y":548,"x":362,"width":7,"skin":"Game/UI/MakeTailor/dotted1.png","rotation":-7,"presetID":186,"pivotY":7,"pivotX":4,"name":"V","height":14},"compId":3882,"child":[{"type":"Script","props":{"y":-5,"x":-3,"width":13,"presetID":187,"isSensor":true,"height":24,"runtime":"Laya.BoxCollider"},"compId":3883},{"type":"Script","props":{"y":13,"x":0,"type":"static","presetID":188,"gravityScale":0,"runtime":"Laya.RigidBody"},"compId":3884}]}]}]}],"loadList":["Game/UI/MakeTailor/diy_bottom_003_final/q1.png","Game/UI/MakeTailor/diy_bottom_003_final/s1.png","Game/UI/MakeTailor/diy_bottom_003_final/x1.png","Game/UI/MakeTailor/dotted1.png"],"loadList3D":[]}