{"type":"Box","props":{"y":0,"x":0,"width":720,"scaleY":1,"scaleX":1,"presetID":1,"name":"diy_bottom_005_final","isPresetRoot":true,"height":720,"centerY":0,"centerX":0},"compId":4746,"child":[{"type":"Sprite","props":{"y":101,"x":519,"width":117,"texture":"Game/UI/MakeTailor/diy_bottom_005_final/s2.png","presetID":2,"name":"Cloth02_R","height":54},"compId":2756},{"type":"Sprite","props":{"y":391,"x":105.5,"width":267,"texture":"Game/UI/MakeTailor/diy_bottom_005_final/s3.png","presetID":3,"name":"Cloth03_D","height":287},"compId":2752},{"type":"Sprite","props":{"y":392,"x":393,"width":269,"texture":"Game/UI/MakeTailor/diy_bottom_005_final/s4.png","presetID":4,"name":"Cloth04_D","height":286},"compId":2751},{"type":"Sprite","props":{"y":95,"x":132,"width":110,"texture":"Game/UI/MakeTailor/diy_bottom_005_final/s1.png","presetID":5,"name":"Cloth01_L","height":60},"compId":2986},{"type":"Sprite","props":{"y":0,"x":-272,"texture":"Game/UI/MakeTailor/diy_bottom_005_final/p1.png","presetID":6,"name":"Ultimately"},"compId":2577},{"type":"Image","props":{"y":-2,"x":0,"width":512,"presetID":7,"name":"LineParent","height":725,"centerX":0},"compId":2578,"child":[{"type":"Sprite","props":{"y":97,"x":23,"texture":"Game/UI/MakeTailor/diy_bottom_005_final/x2.png","presetID":8,"name":"Line01"},"compId":2579,"child":[{"type":"Image","props":{"y":14,"x":20,"width":7,"skin":"Game/UI/MakeTailor/dotted1.png","rotation":21,"presetID":9,"pivotY":7,"pivotX":4,"name":"V","height":14},"compId":2598,"child":[{"type":"Script","props":{"y":-5,"x":-3,"width":13,"presetID":10,"isSensor":true,"height":24,"runtime":"Laya.BoxCollider"},"compId":2599},{"type":"Script","props":{"type":"static","presetID":11,"gravityScale":0,"runtime":"Laya.RigidBody"},"compId":2600}]},{"type":"Image","props":{"y":33,"x":13,"width":7,"skin":"Game/UI/MakeTailor/dotted1.png","rotation":21,"presetID":12,"pivotY":7,"pivotX":4,"name":"V","height":14},"compId":4747,"child":[{"type":"Script","props":{"y":-5,"x":-3,"width":13,"presetID":13,"isSensor":true,"height":24,"runtime":"Laya.BoxCollider"},"compId":4748},{"type":"Script","props":{"type":"static","presetID":14,"gravityScale":0,"runtime":"Laya.RigidBody"},"compId":4749}]},{"type":"Image","props":{"y":52,"x":6,"width":7,"skin":"Game/UI/MakeTailor/dotted1.png","rotation":21,"presetID":15,"pivotY":7,"pivotX":4,"name":"V","height":14},"compId":4750,"child":[{"type":"Script","props":{"y":-5,"x":-3,"width":13,"presetID":16,"isSensor":true,"height":24,"runtime":"Laya.BoxCollider"},"compId":4751},{"type":"Script","props":{"type":"static","presetID":17,"gravityScale":0,"runtime":"Laya.RigidBody"},"compId":4752}]},{"type":"Image","props":{"y":62,"x":16,"width":7,"skin":"Game/UI/MakeTailor/dotted1.png","rotation":86,"presetID":18,"pivotY":7,"pivotX":4,"name":"A","height":14},"compId":4753,"child":[{"type":"Script","props":{"y":-5,"x":-3,"width":13,"presetID":19,"isSensor":true,"height":24,"runtime":"Laya.BoxCollider"},"compId":4754},{"type":"Script","props":{"type":"static","presetID":20,"gravityScale":0,"runtime":"Laya.RigidBody"},"compId":4755}]},{"type":"Image","props":{"y":59,"x":36,"width":7,"skin":"Game/UI/MakeTailor/dotted1.png","rotation":75,"presetID":21,"pivotY":7,"pivotX":4,"name":"A","height":14},"compId":4756,"child":[{"type":"Script","props":{"y":-5,"x":-3,"width":13,"presetID":22,"isSensor":true,"height":24,"runtime":"Laya.BoxCollider"},"compId":4757},{"type":"Script","props":{"type":"static","presetID":23,"gravityScale":0,"runtime":"Laya.RigidBody"},"compId":4758}]},{"type":"Image","props":{"y":54,"x":55,"width":7,"skin":"Game/UI/MakeTailor/dotted1.png","rotation":71,"presetID":24,"pivotY":7,"pivotX":4,"name":"A","height":14},"compId":4759,"child":[{"type":"Script","props":{"y":-5,"x":-3,"width":13,"presetID":25,"isSensor":true,"height":24,"runtime":"Laya.BoxCollider"},"compId":4760},{"type":"Script","props":{"type":"static","presetID":26,"gravityScale":0,"runtime":"Laya.RigidBody"},"compId":4761}]},{"type":"Image","props":{"y":47,"x":74,"width":7,"skin":"Game/UI/MakeTailor/dotted1.png","rotation":68,"presetID":27,"pivotY":7,"pivotX":4,"name":"A","height":14},"compId":4762,"child":[{"type":"Script","props":{"y":-5,"x":-3,"width":13,"presetID":28,"isSensor":true,"height":24,"runtime":"Laya.BoxCollider"},"compId":4763},{"type":"Script","props":{"type":"static","presetID":29,"gravityScale":0,"runtime":"Laya.RigidBody"},"compId":4764}]},{"type":"Image","props":{"y":39,"x":93,"width":7,"skin":"Game/UI/MakeTailor/dotted1.png","rotation":62,"presetID":30,"pivotY":7,"pivotX":4,"name":"A","height":14},"compId":4765,"child":[{"type":"Script","props":{"y":-5,"x":-3,"width":13,"presetID":31,"isSensor":true,"height":24,"runtime":"Laya.BoxCollider"},"compId":4766},{"type":"Script","props":{"type":"static","presetID":32,"gravityScale":0,"runtime":"Laya.RigidBody"},"compId":4767}]},{"type":"Image","props":{"y":29,"x":111,"width":7,"skin":"Game/UI/MakeTailor/dotted1.png","rotation":62,"presetID":33,"pivotY":7,"pivotX":4,"name":"A","height":14},"compId":4768,"child":[{"type":"Script","props":{"y":-5,"x":-3,"width":13,"presetID":34,"isSensor":true,"height":24,"runtime":"Laya.BoxCollider"},"compId":4769},{"type":"Script","props":{"type":"static","presetID":35,"gravityScale":0,"runtime":"Laya.RigidBody"},"compId":4770}]},{"type":"Image","props":{"y":20,"x":106,"width":7,"skin":"Game/UI/MakeTailor/dotted1.png","rotation":100,"presetID":36,"pivotY":7,"pivotX":4,"name":"A","height":14},"compId":4771,"child":[{"type":"Script","props":{"y":-5,"x":-3,"width":13,"presetID":37,"isSensor":true,"height":24,"runtime":"Laya.BoxCollider"},"compId":4772},{"type":"Script","props":{"type":"static","presetID":38,"gravityScale":0,"runtime":"Laya.RigidBody"},"compId":4773}]},{"type":"Image","props":{"y":16,"x":86,"width":7,"skin":"Game/UI/MakeTailor/dotted1.png","rotation":100,"presetID":39,"pivotY":7,"pivotX":4,"name":"A","height":14},"compId":4783,"child":[{"type":"Script","props":{"y":-5,"x":-3,"width":13,"presetID":40,"isSensor":true,"height":24,"runtime":"Laya.BoxCollider"},"compId":4784},{"type":"Script","props":{"type":"static","presetID":41,"gravityScale":0,"runtime":"Laya.RigidBody"},"compId":4785}]},{"type":"Image","props":{"y":12,"x":66,"width":7,"skin":"Game/UI/MakeTailor/dotted1.png","rotation":100,"presetID":42,"pivotY":7,"pivotX":4,"name":"A","height":14},"compId":4786,"child":[{"type":"Script","props":{"y":-5,"x":-3,"width":13,"presetID":43,"isSensor":true,"height":24,"runtime":"Laya.BoxCollider"},"compId":4787},{"type":"Script","props":{"type":"static","presetID":44,"gravityScale":0,"runtime":"Laya.RigidBody"},"compId":4788}]},{"type":"Image","props":{"y":8,"x":47,"width":7,"skin":"Game/UI/MakeTailor/dotted1.png","rotation":101,"presetID":45,"pivotY":7,"pivotX":4,"name":"A","height":14},"compId":4789,"child":[{"type":"Script","props":{"y":-5,"x":-3,"width":13,"presetID":46,"isSensor":true,"height":24,"runtime":"Laya.BoxCollider"},"compId":4790},{"type":"Script","props":{"type":"static","presetID":47,"gravityScale":0,"runtime":"Laya.RigidBody"},"compId":4791}]},{"type":"Image","props":{"y":4,"x":27,"width":7,"skin":"Game/UI/MakeTailor/dotted1.png","rotation":100,"presetID":48,"pivotY":7,"pivotX":4,"name":"A","height":14},"compId":4792,"child":[{"type":"Script","props":{"y":-5,"x":-3,"width":13,"presetID":49,"isSensor":true,"height":24,"runtime":"Laya.BoxCollider"},"compId":4793},{"type":"Script","props":{"type":"static","presetID":50,"gravityScale":0,"runtime":"Laya.RigidBody"},"compId":4794}]},{"type":"Image","props":{"y":28.074154925612845,"x":106.63814433564619,"width":7,"skin":"Game/UI/MakeTailor/dotted1.png","rotation":112,"presetID":51,"pivotY":7,"pivotX":4,"name":"A","height":14},"compId":4834,"child":[{"type":"Script","props":{"y":-5,"x":-3,"width":13,"presetID":52,"isSensor":true,"height":24,"runtime":"Laya.BoxCollider"},"compId":4835},{"type":"Script","props":{"type":"static","presetID":53,"gravityScale":0,"runtime":"Laya.RigidBody"},"compId":4836}]},{"type":"Image","props":{"y":28.074154925612845,"x":106.63814433564619,"width":7,"skin":"Game/UI/MakeTailor/dotted1.png","rotation":112,"presetID":54,"pivotY":7,"pivotX":4,"name":"A","height":14},"compId":4837,"child":[{"type":"Script","props":{"y":-5,"x":-3,"width":13,"presetID":55,"isSensor":true,"height":24,"runtime":"Laya.BoxCollider"},"compId":4838},{"type":"Script","props":{"type":"static","presetID":56,"gravityScale":0,"runtime":"Laya.RigidBody"},"compId":4839}]}]},{"type":"Sprite","props":{"y":97,"x":409,"texture":"Game/UI/MakeTailor/diy_bottom_005_final/x1.png","presetID":57,"name":"Line02"},"compId":2601,"child":[{"type":"Image","props":{"y":16,"x":30,"width":7,"skin":"Game/UI/MakeTailor/dotted1.png","rotation":81,"presetID":58,"pivotY":7,"pivotX":4,"name":"A","height":14},"compId":2650,"child":[{"type":"Script","props":{"y":-5,"x":-3,"width":13,"presetID":59,"isSensor":true,"height":24,"runtime":"Laya.BoxCollider"},"compId":2651},{"type":"Script","props":{"type":"static","presetID":60,"gravityScale":0,"runtime":"Laya.RigidBody"},"compId":2652}]},{"type":"Image","props":{"y":13,"x":50,"width":7,"skin":"Game/UI/MakeTailor/dotted1.png","rotation":81,"presetID":61,"pivotY":7,"pivotX":4,"name":"A","height":14},"compId":4795,"child":[{"type":"Script","props":{"y":-5,"x":-3,"width":13,"presetID":62,"isSensor":true,"height":24,"runtime":"Laya.BoxCollider"},"compId":4796},{"type":"Script","props":{"type":"static","presetID":63,"gravityScale":0,"runtime":"Laya.RigidBody"},"compId":4797}]},{"type":"Image","props":{"y":10,"x":70,"width":7,"skin":"Game/UI/MakeTailor/dotted1.png","rotation":81,"presetID":64,"pivotY":7,"pivotX":4,"name":"A","height":14},"compId":4798,"child":[{"type":"Script","props":{"y":-5,"x":-3,"width":13,"presetID":65,"isSensor":true,"height":24,"runtime":"Laya.BoxCollider"},"compId":4799},{"type":"Script","props":{"type":"static","presetID":66,"gravityScale":0,"runtime":"Laya.RigidBody"},"compId":4800}]},{"type":"Image","props":{"y":7,"x":90,"width":7,"skin":"Game/UI/MakeTailor/dotted1.png","rotation":81,"presetID":67,"pivotY":7,"pivotX":4,"name":"A","height":14},"compId":4801,"child":[{"type":"Script","props":{"y":-5,"x":-3,"width":13,"presetID":68,"isSensor":true,"height":24,"runtime":"Laya.BoxCollider"},"compId":4802},{"type":"Script","props":{"type":"static","presetID":69,"gravityScale":0,"runtime":"Laya.RigidBody"},"compId":4803}]},{"type":"Image","props":{"y":16,"x":106,"width":7,"skin":"Game/UI/MakeTailor/dotted1.png","rotation":152,"presetID":70,"pivotY":7,"pivotX":4,"name":"V","height":14},"compId":4804,"child":[{"type":"Script","props":{"y":-5,"x":-3,"width":13,"presetID":71,"isSensor":true,"height":24,"runtime":"Laya.BoxCollider"},"compId":4805},{"type":"Script","props":{"type":"static","presetID":72,"gravityScale":0,"runtime":"Laya.RigidBody"},"compId":4806}]},{"type":"Image","props":{"y":35,"x":115,"width":7,"skin":"Game/UI/MakeTailor/dotted1.png","rotation":152,"presetID":73,"pivotY":7,"pivotX":4,"name":"V","height":14},"compId":4807,"child":[{"type":"Script","props":{"y":-5,"x":-3,"width":13,"presetID":74,"isSensor":true,"height":24,"runtime":"Laya.BoxCollider"},"compId":4808},{"type":"Script","props":{"type":"static","presetID":75,"gravityScale":0,"runtime":"Laya.RigidBody"},"compId":4809}]},{"type":"Image","props":{"y":53,"x":124,"width":7,"skin":"Game/UI/MakeTailor/dotted1.png","rotation":152,"presetID":76,"pivotY":7,"pivotX":4,"name":"V","height":14},"compId":4810,"child":[{"type":"Script","props":{"y":-5,"x":-3,"width":13,"presetID":77,"isSensor":true,"height":24,"runtime":"Laya.BoxCollider"},"compId":4811},{"type":"Script","props":{"type":"static","presetID":78,"gravityScale":0,"runtime":"Laya.RigidBody"},"compId":4812}]},{"type":"Image","props":{"y":60,"x":115,"width":7,"skin":"Game/UI/MakeTailor/dotted1.png","rotation":100,"presetID":79,"pivotY":7,"pivotX":4,"name":"A","height":14},"compId":4813,"child":[{"type":"Script","props":{"y":-5,"x":-3,"width":13,"presetID":80,"isSensor":true,"height":24,"runtime":"Laya.BoxCollider"},"compId":4814},{"type":"Script","props":{"type":"static","presetID":81,"gravityScale":0,"runtime":"Laya.RigidBody"},"compId":4815}]},{"type":"Image","props":{"y":56,"x":95,"width":7,"skin":"Game/UI/MakeTailor/dotted1.png","rotation":103,"presetID":82,"pivotY":7,"pivotX":4,"name":"A","height":14},"compId":4819,"child":[{"type":"Script","props":{"y":-5,"x":-3,"width":13,"presetID":83,"isSensor":true,"height":24,"runtime":"Laya.BoxCollider"},"compId":4820},{"type":"Script","props":{"type":"static","presetID":84,"gravityScale":0,"runtime":"Laya.RigidBody"},"compId":4821}]},{"type":"Image","props":{"y":51,"x":75,"width":7,"skin":"Game/UI/MakeTailor/dotted1.png","rotation":105,"presetID":85,"pivotY":7,"pivotX":4,"name":"A","height":14},"compId":4822,"child":[{"type":"Script","props":{"y":-5,"x":-3,"width":13,"presetID":86,"isSensor":true,"height":24,"runtime":"Laya.BoxCollider"},"compId":4823},{"type":"Script","props":{"type":"static","presetID":87,"gravityScale":0,"runtime":"Laya.RigidBody"},"compId":4824}]},{"type":"Image","props":{"y":45,"x":56,"width":7,"skin":"Game/UI/MakeTailor/dotted1.png","rotation":108,"presetID":88,"pivotY":7,"pivotX":4,"name":"A","height":14},"compId":4825,"child":[{"type":"Script","props":{"y":-5,"x":-3,"width":13,"presetID":89,"isSensor":true,"height":24,"runtime":"Laya.BoxCollider"},"compId":4826},{"type":"Script","props":{"type":"static","presetID":90,"gravityScale":0,"runtime":"Laya.RigidBody"},"compId":4827}]},{"type":"Image","props":{"y":38,"x":38,"width":7,"skin":"Game/UI/MakeTailor/dotted1.png","rotation":112,"presetID":91,"pivotY":7,"pivotX":4,"name":"A","height":14},"compId":4828,"child":[{"type":"Script","props":{"y":-5,"x":-3,"width":13,"presetID":92,"isSensor":true,"height":24,"runtime":"Laya.BoxCollider"},"compId":4829},{"type":"Script","props":{"type":"static","presetID":93,"gravityScale":0,"runtime":"Laya.RigidBody"},"compId":4830}]},{"type":"Image","props":{"y":29,"x":19,"width":7,"skin":"Game/UI/MakeTailor/dotted1.png","rotation":116,"presetID":94,"pivotY":7,"pivotX":4,"name":"A","height":14},"compId":4831,"child":[{"type":"Script","props":{"y":-5,"x":-3,"width":13,"presetID":95,"isSensor":true,"height":24,"runtime":"Laya.BoxCollider"},"compId":4832},{"type":"Script","props":{"type":"static","presetID":96,"gravityScale":0,"runtime":"Laya.RigidBody"},"compId":4833}]}]},{"type":"Sprite","props":{"y":393,"x":-1,"texture":"Game/UI/MakeTailor/diy_bottom_005_final/x4.png","presetID":97,"name":"Line03"},"compId":2653,"child":[{"type":"Image","props":{"y":6,"x":13,"width":7,"skin":"Game/UI/MakeTailor/dotted1.png","rotation":93,"presetID":98,"pivotY":7,"pivotX":4,"name":"A","height":14},"compId":2744,"child":[{"type":"Script","props":{"y":-4,"x":-3,"width":13,"presetID":99,"isSensor":true,"height":24,"runtime":"Laya.BoxCollider"},"compId":2745},{"type":"Script","props":{"y":1,"x":0,"type":"static","presetID":100,"gravityScale":0,"runtime":"Laya.RigidBody"},"compId":2746}]},{"type":"Image","props":{"y":7,"x":34,"width":7,"skin":"Game/UI/MakeTailor/dotted1.png","rotation":93,"presetID":101,"pivotY":7,"pivotX":4,"name":"A","height":14},"compId":4846,"child":[{"type":"Script","props":{"y":-4,"x":-3,"width":13,"presetID":102,"isSensor":true,"height":24,"runtime":"Laya.BoxCollider"},"compId":4847},{"type":"Script","props":{"y":1,"x":0,"type":"static","presetID":103,"gravityScale":0,"runtime":"Laya.RigidBody"},"compId":4848}]},{"type":"Image","props":{"y":8,"x":55,"width":7,"skin":"Game/UI/MakeTailor/dotted1.png","rotation":93,"presetID":104,"pivotY":7,"pivotX":4,"name":"A","height":14},"compId":4849,"child":[{"type":"Script","props":{"y":-4,"x":-3,"width":13,"presetID":105,"isSensor":true,"height":24,"runtime":"Laya.BoxCollider"},"compId":4850},{"type":"Script","props":{"y":1,"x":0,"type":"static","presetID":106,"gravityScale":0,"runtime":"Laya.RigidBody"},"compId":4851}]},{"type":"Image","props":{"y":9,"x":76,"width":7,"skin":"Game/UI/MakeTailor/dotted1.png","rotation":93,"presetID":107,"pivotY":7,"pivotX":4,"name":"A","height":14},"compId":4852,"child":[{"type":"Script","props":{"y":-4,"x":-3,"width":13,"presetID":108,"isSensor":true,"height":24,"runtime":"Laya.BoxCollider"},"compId":4853},{"type":"Script","props":{"y":1,"x":0,"type":"static","presetID":109,"gravityScale":0,"runtime":"Laya.RigidBody"},"compId":4854}]},{"type":"Image","props":{"y":10,"x":97,"width":7,"skin":"Game/UI/MakeTailor/dotted1.png","rotation":93,"presetID":110,"pivotY":7,"pivotX":4,"name":"A","height":14},"compId":4855,"child":[{"type":"Script","props":{"y":-4,"x":-3,"width":13,"presetID":111,"isSensor":true,"height":24,"runtime":"Laya.BoxCollider"},"compId":4856},{"type":"Script","props":{"y":1,"x":0,"type":"static","presetID":112,"gravityScale":0,"runtime":"Laya.RigidBody"},"compId":4857}]},{"type":"Image","props":{"y":12,"x":118,"width":7,"skin":"Game/UI/MakeTailor/dotted1.png","rotation":95,"presetID":113,"pivotY":7,"pivotX":4,"name":"A","height":14},"compId":4858,"child":[{"type":"Script","props":{"y":-4,"x":-3,"width":13,"presetID":114,"isSensor":true,"height":24,"runtime":"Laya.BoxCollider"},"compId":4859},{"type":"Script","props":{"y":1,"x":0,"type":"static","presetID":115,"gravityScale":0,"runtime":"Laya.RigidBody"},"compId":4860}]},{"type":"Image","props":{"y":14,"x":140,"width":7,"skin":"Game/UI/MakeTailor/dotted1.png","rotation":93,"presetID":116,"pivotY":7,"pivotX":4,"name":"A","height":14},"compId":4861,"child":[{"type":"Script","props":{"y":-4,"x":-3,"width":13,"presetID":117,"isSensor":true,"height":24,"runtime":"Laya.BoxCollider"},"compId":4862},{"type":"Script","props":{"y":1,"x":0,"type":"static","presetID":118,"gravityScale":0,"runtime":"Laya.RigidBody"},"compId":4863}]},{"type":"Image","props":{"y":16,"x":161,"width":7,"skin":"Game/UI/MakeTailor/dotted1.png","rotation":93,"presetID":119,"pivotY":7,"pivotX":4,"name":"A","height":14},"compId":4864,"child":[{"type":"Script","props":{"y":-4,"x":-3,"width":13,"presetID":120,"isSensor":true,"height":24,"runtime":"Laya.BoxCollider"},"compId":4865},{"type":"Script","props":{"y":1,"x":0,"type":"static","presetID":121,"gravityScale":0,"runtime":"Laya.RigidBody"},"compId":4866}]},{"type":"Image","props":{"y":17,"x":182,"width":7,"skin":"Game/UI/MakeTailor/dotted1.png","rotation":94,"presetID":122,"pivotY":7,"pivotX":4,"name":"A","height":14},"compId":4867,"child":[{"type":"Script","props":{"y":-4,"x":-3,"width":13,"presetID":123,"isSensor":true,"height":24,"runtime":"Laya.BoxCollider"},"compId":4868},{"type":"Script","props":{"y":1,"x":0,"type":"static","presetID":124,"gravityScale":0,"runtime":"Laya.RigidBody"},"compId":4869}]},{"type":"Image","props":{"y":19,"x":203,"width":7,"skin":"Game/UI/MakeTailor/dotted1.png","rotation":94,"presetID":125,"pivotY":7,"pivotX":4,"name":"A","height":14},"compId":4870,"child":[{"type":"Script","props":{"y":-4,"x":-3,"width":13,"presetID":126,"isSensor":true,"height":24,"runtime":"Laya.BoxCollider"},"compId":4871},{"type":"Script","props":{"y":1,"x":0,"type":"static","presetID":127,"gravityScale":0,"runtime":"Laya.RigidBody"},"compId":4872}]},{"type":"Image","props":{"y":21,"x":224,"width":7,"skin":"Game/UI/MakeTailor/dotted1.png","rotation":95,"presetID":128,"pivotY":7,"pivotX":4,"name":"A","height":14},"compId":4873,"child":[{"type":"Script","props":{"y":-4,"x":-3,"width":13,"presetID":129,"isSensor":true,"height":24,"runtime":"Laya.BoxCollider"},"compId":4874},{"type":"Script","props":{"y":1,"x":0,"type":"static","presetID":130,"gravityScale":0,"runtime":"Laya.RigidBody"},"compId":4875}]},{"type":"Image","props":{"y":23,"x":245,"width":7,"skin":"Game/UI/MakeTailor/dotted1.png","rotation":96,"presetID":131,"pivotY":7,"pivotX":4,"name":"A","height":14},"compId":4876,"child":[{"type":"Script","props":{"y":-4,"x":-3,"width":13,"presetID":132,"isSensor":true,"height":24,"runtime":"Laya.BoxCollider"},"compId":4877},{"type":"Script","props":{"y":1,"x":0,"type":"static","presetID":133,"gravityScale":0,"runtime":"Laya.RigidBody"},"compId":4878}]},{"type":"Image","props":{"y":25,"x":263,"width":7,"skin":"Game/UI/MakeTailor/dotted1.png","rotation":97,"presetID":134,"pivotY":7,"pivotX":4,"name":"A","height":14},"compId":4879,"child":[{"type":"Script","props":{"y":-4,"x":-3,"width":13,"presetID":135,"isSensor":true,"height":24,"runtime":"Laya.BoxCollider"},"compId":4880},{"type":"Script","props":{"y":1,"x":0,"type":"static","presetID":136,"gravityScale":0,"runtime":"Laya.RigidBody"},"compId":4881}]}]},{"type":"Sprite","props":{"y":394,"x":289,"texture":"Game/UI/MakeTailor/diy_bottom_005_final/x3.png","presetID":137,"name":"Line04"},"compId":2754,"child":[{"type":"Image","props":{"y":26,"x":9,"width":7,"skin":"Game/UI/MakeTailor/dotted1.png","rotation":83,"presetID":138,"pivotY":7,"pivotX":4,"name":"A","height":14},"compId":2844,"child":[{"type":"Script","props":{"y":-4,"x":-3,"width":13,"presetID":139,"isSensor":true,"height":24,"runtime":"Laya.BoxCollider"},"compId":2845},{"type":"Script","props":{"y":1,"x":0,"type":"static","presetID":140,"gravityScale":0,"runtime":"Laya.RigidBody"},"compId":2846}]},{"type":"Image","props":{"y":23,"x":29,"width":7,"skin":"Game/UI/MakeTailor/dotted1.png","rotation":83,"presetID":141,"pivotY":7,"pivotX":4,"name":"A","height":14},"compId":4882,"child":[{"type":"Script","props":{"y":-4,"x":-3,"width":13,"presetID":142,"isSensor":true,"height":24,"runtime":"Laya.BoxCollider"},"compId":4883},{"type":"Script","props":{"y":1,"x":0,"type":"static","presetID":143,"gravityScale":0,"runtime":"Laya.RigidBody"},"compId":4884}]},{"type":"Image","props":{"y":21,"x":50,"width":7,"skin":"Game/UI/MakeTailor/dotted1.png","rotation":83,"presetID":144,"pivotY":7,"pivotX":4,"name":"A","height":14},"compId":4885,"child":[{"type":"Script","props":{"y":-4,"x":-3,"width":13,"presetID":145,"isSensor":true,"height":24,"runtime":"Laya.BoxCollider"},"compId":4886},{"type":"Script","props":{"y":1,"x":0,"type":"static","presetID":146,"gravityScale":0,"runtime":"Laya.RigidBody"},"compId":4887}]},{"type":"Image","props":{"y":19,"x":71,"width":7,"skin":"Game/UI/MakeTailor/dotted1.png","rotation":84,"presetID":147,"pivotY":7,"pivotX":4,"name":"A","height":14},"compId":4888,"child":[{"type":"Script","props":{"y":-4,"x":-3,"width":13,"presetID":148,"isSensor":true,"height":24,"runtime":"Laya.BoxCollider"},"compId":4889},{"type":"Script","props":{"y":1,"x":0,"type":"static","presetID":149,"gravityScale":0,"runtime":"Laya.RigidBody"},"compId":4890}]},{"type":"Image","props":{"y":17,"x":91,"width":7,"skin":"Game/UI/MakeTailor/dotted1.png","rotation":84,"presetID":150,"pivotY":7,"pivotX":4,"name":"A","height":14},"compId":4891,"child":[{"type":"Script","props":{"y":-4,"x":-3,"width":13,"presetID":151,"isSensor":true,"height":24,"runtime":"Laya.BoxCollider"},"compId":4892},{"type":"Script","props":{"y":1,"x":0,"type":"static","presetID":152,"gravityScale":0,"runtime":"Laya.RigidBody"},"compId":4893}]},{"type":"Image","props":{"y":15,"x":112,"width":7,"skin":"Game/UI/MakeTailor/dotted1.png","rotation":84,"presetID":153,"pivotY":7,"pivotX":4,"name":"A","height":14},"compId":4894,"child":[{"type":"Script","props":{"y":-4,"x":-3,"width":13,"presetID":154,"isSensor":true,"height":24,"runtime":"Laya.BoxCollider"},"compId":4895},{"type":"Script","props":{"y":1,"x":0,"type":"static","presetID":155,"gravityScale":0,"runtime":"Laya.RigidBody"},"compId":4896}]},{"type":"Image","props":{"y":13,"x":133,"width":7,"skin":"Game/UI/MakeTailor/dotted1.png","rotation":84,"presetID":156,"pivotY":7,"pivotX":4,"name":"A","height":14},"compId":4897,"child":[{"type":"Script","props":{"y":-4,"x":-3,"width":13,"presetID":157,"isSensor":true,"height":24,"runtime":"Laya.BoxCollider"},"compId":4898},{"type":"Script","props":{"y":1,"x":0,"type":"static","presetID":158,"gravityScale":0,"runtime":"Laya.RigidBody"},"compId":4899}]},{"type":"Image","props":{"y":11,"x":154,"width":7,"skin":"Game/UI/MakeTailor/dotted1.png","rotation":84,"presetID":159,"pivotY":7,"pivotX":4,"name":"A","height":14},"compId":4900,"child":[{"type":"Script","props":{"y":-4,"x":-3,"width":13,"presetID":160,"isSensor":true,"height":24,"runtime":"Laya.BoxCollider"},"compId":4901},{"type":"Script","props":{"y":1,"x":0,"type":"static","presetID":161,"gravityScale":0,"runtime":"Laya.RigidBody"},"compId":4902}]},{"type":"Image","props":{"y":9,"x":175,"width":7,"skin":"Game/UI/MakeTailor/dotted1.png","rotation":85,"presetID":162,"pivotY":7,"pivotX":4,"name":"A","height":14},"compId":4903,"child":[{"type":"Script","props":{"y":-4,"x":-3,"width":13,"presetID":163,"isSensor":true,"height":24,"runtime":"Laya.BoxCollider"},"compId":4904},{"type":"Script","props":{"y":1,"x":0,"type":"static","presetID":164,"gravityScale":0,"runtime":"Laya.RigidBody"},"compId":4905}]},{"type":"Image","props":{"y":7,"x":196,"width":7,"skin":"Game/UI/MakeTailor/dotted1.png","rotation":87,"presetID":165,"pivotY":7,"pivotX":4,"name":"A","height":14},"compId":4906,"child":[{"type":"Script","props":{"y":-4,"x":-3,"width":13,"presetID":166,"isSensor":true,"height":24,"runtime":"Laya.BoxCollider"},"compId":4907},{"type":"Script","props":{"y":1,"x":0,"type":"static","presetID":167,"gravityScale":0,"runtime":"Laya.RigidBody"},"compId":4908}]},{"type":"Image","props":{"y":6,"x":217,"width":7,"skin":"Game/UI/MakeTailor/dotted1.png","rotation":88,"presetID":168,"pivotY":7,"pivotX":4,"name":"A","height":14},"compId":4909,"child":[{"type":"Script","props":{"y":-4,"x":-3,"width":13,"presetID":169,"isSensor":true,"height":24,"runtime":"Laya.BoxCollider"},"compId":4910},{"type":"Script","props":{"y":1,"x":0,"type":"static","presetID":170,"gravityScale":0,"runtime":"Laya.RigidBody"},"compId":4911}]},{"type":"Image","props":{"y":5,"x":238,"width":7,"skin":"Game/UI/MakeTailor/dotted1.png","rotation":88,"presetID":171,"pivotY":7,"pivotX":4,"name":"A","height":14},"compId":4912,"child":[{"type":"Script","props":{"y":-4,"x":-3,"width":13,"presetID":172,"isSensor":true,"height":24,"runtime":"Laya.BoxCollider"},"compId":4913},{"type":"Script","props":{"y":1,"x":0,"type":"static","presetID":173,"gravityScale":0,"runtime":"Laya.RigidBody"},"compId":4914}]},{"type":"Image","props":{"y":4,"x":259,"width":7,"skin":"Game/UI/MakeTailor/dotted1.png","rotation":88,"presetID":174,"pivotY":7,"pivotX":4,"name":"A","height":14},"compId":4915,"child":[{"type":"Script","props":{"y":-4,"x":-3,"width":13,"presetID":175,"isSensor":true,"height":24,"runtime":"Laya.BoxCollider"},"compId":4916},{"type":"Script","props":{"y":1,"x":0,"type":"static","presetID":176,"gravityScale":0,"runtime":"Laya.RigidBody"},"compId":4917}]}]}]}],"loadList":["Game/UI/MakeTailor/diy_bottom_005_final/s2.png","Game/UI/MakeTailor/diy_bottom_005_final/s3.png","Game/UI/MakeTailor/diy_bottom_005_final/s4.png","Game/UI/MakeTailor/diy_bottom_005_final/s1.png","Game/UI/MakeTailor/diy_bottom_005_final/p1.png","Game/UI/MakeTailor/diy_bottom_005_final/x2.png","Game/UI/MakeTailor/dotted1.png","Game/UI/MakeTailor/diy_bottom_005_final/x1.png","Game/UI/MakeTailor/diy_bottom_005_final/x4.png","Game/UI/MakeTailor/diy_bottom_005_final/x3.png"],"loadList3D":[]}