{"type":"Box","props":{"y":0,"x":0,"width":720,"scaleY":1,"scaleX":1,"presetID":1,"name":"diy_dress_004_final","isPresetRoot":true,"height":720,"centerY":0,"centerX":0},"compId":5269,"child":[{"type":"Sprite","props":{"y":84,"x":141,"texture":"Game/UI/MakeTailor/diy_dress_004_final/s4.png","presetID":2,"name":"Cloth02_L"},"compId":2756},{"type":"Sprite","props":{"y":84,"x":462,"width":145,"texture":"Game/UI/MakeTailor/diy_dress_004_final/s2.png","presetID":3,"name":"Cloth03_R","height":27},"compId":2752},{"type":"Sprite","props":{"y":344,"x":204,"width":295,"texture":"Game/UI/MakeTailor/diy_dress_004_final/s1.png","presetID":4,"name":"Cloth04_D","height":292},"compId":2751},{"type":"Sprite","props":{"y":73,"x":317,"width":120,"texture":"Game/UI/MakeTailor/diy_dress_004_final/s3.png","presetID":5,"name":"Cloth01_U","height":43},"compId":2986},{"type":"Sprite","props":{"y":41,"x":81,"texture":"Game/UI/MakeTailor/diy_dress_004_final/q1.png","presetID":6,"name":"Ultimately"},"compId":2577},{"type":"Image","props":{"y":-2,"x":0,"width":512,"presetID":7,"name":"LineParent","height":725,"centerX":0},"compId":2578,"child":[{"type":"Sprite","props":{"y":77.86224047496123,"x":213,"width":119,"texture":"Game/UI/MakeTailor/diy_dress_004_final/x3.png","presetID":8,"name":"Line01","height":43},"compId":2579,"child":[{"type":"Image","props":{"y":6,"x":10,"width":7,"skin":"Game/UI/MakeTailor/dotted1.png","rotation":119,"presetID":9,"pivotY":7,"pivotX":4,"name":"A","height":14},"compId":2598,"child":[{"type":"Script","props":{"y":-5,"x":-3,"width":13,"presetID":10,"isSensor":true,"height":24,"runtime":"Laya.BoxCollider"},"compId":2599},{"type":"Script","props":{"type":"static","presetID":11,"gravityScale":0,"runtime":"Laya.RigidBody"},"compId":2600}]},{"type":"Image","props":{"y":17,"x":27,"width":7,"skin":"Game/UI/MakeTailor/dotted1.png","rotation":124,"presetID":12,"pivotY":7,"pivotX":4,"name":"A","height":14},"compId":5271,"child":[{"type":"Script","props":{"y":-5,"x":-3,"width":13,"presetID":13,"isSensor":true,"height":24,"runtime":"Laya.BoxCollider"},"compId":5272},{"type":"Script","props":{"type":"static","presetID":14,"gravityScale":0,"runtime":"Laya.RigidBody"},"compId":5273}]},{"type":"Image","props":{"y":29,"x":43,"width":7,"skin":"Game/UI/MakeTailor/dotted1.png","rotation":125,"presetID":15,"pivotY":7,"pivotX":4,"name":"A","height":14},"compId":5274,"child":[{"type":"Script","props":{"y":-5,"x":-3,"width":13,"presetID":16,"isSensor":true,"height":24,"runtime":"Laya.BoxCollider"},"compId":5275},{"type":"Script","props":{"type":"static","presetID":17,"gravityScale":0,"runtime":"Laya.RigidBody"},"compId":5276}]},{"type":"Image","props":{"y":36,"x":53,"width":7,"skin":"Game/UI/MakeTailor/dotted1.png","rotation":127,"presetID":18,"pivotY":7,"pivotX":4,"name":"A","height":8},"compId":5277,"child":[{"type":"Script","props":{"y":-5,"x":-3,"width":13,"presetID":19,"isSensor":true,"height":15,"runtime":"Laya.BoxCollider"},"compId":5278},{"type":"Script","props":{"type":"static","presetID":20,"gravityScale":0,"runtime":"Laya.RigidBody"},"compId":5279}]},{"type":"Image","props":{"y":30,"x":70,"width":7,"skin":"Game/UI/MakeTailor/dotted1.png","rotation":56,"presetID":21,"pivotY":7,"pivotX":4,"name":"A","height":14},"compId":5280,"child":[{"type":"Script","props":{"y":-5,"x":-3,"width":13,"presetID":22,"isSensor":true,"height":24,"runtime":"Laya.BoxCollider"},"compId":5281},{"type":"Script","props":{"type":"static","presetID":23,"gravityScale":0,"runtime":"Laya.RigidBody"},"compId":5282}]},{"type":"Image","props":{"y":19,"x":87,"width":7,"skin":"Game/UI/MakeTailor/dotted1.png","rotation":58,"presetID":24,"pivotY":7,"pivotX":4,"name":"A","height":14},"compId":5283,"child":[{"type":"Script","props":{"y":-5,"x":-3,"width":13,"presetID":25,"isSensor":true,"height":24,"runtime":"Laya.BoxCollider"},"compId":5284},{"type":"Script","props":{"type":"static","presetID":26,"gravityScale":0,"runtime":"Laya.RigidBody"},"compId":5285}]},{"type":"Image","props":{"y":9,"x":104,"width":7,"skin":"Game/UI/MakeTailor/dotted1.png","rotation":60,"presetID":27,"pivotY":7,"pivotX":4,"name":"A","height":14},"compId":5286,"child":[{"type":"Script","props":{"y":-5,"x":-3,"width":13,"presetID":28,"isSensor":true,"height":24,"runtime":"Laya.BoxCollider"},"compId":5287},{"type":"Script","props":{"type":"static","presetID":29,"gravityScale":0,"runtime":"Laya.RigidBody"},"compId":5288}]}]},{"type":"Sprite","props":{"y":85.69213632027294,"x":176,"texture":"Game/UI/MakeTailor/diy_dress_004_final/x4.png","presetID":30,"name":"Line02"},"compId":2601,"child":[{"type":"Image","props":{"y":7,"x":4,"width":7,"skin":"Game/UI/MakeTailor/dotted1.png","rotation":-6,"presetID":31,"pivotY":7,"pivotX":4,"name":"V","height":14},"compId":2650,"child":[{"type":"Script","props":{"y":-5,"x":-3,"width":13,"presetID":32,"isSensor":true,"height":24,"runtime":"Laya.BoxCollider"},"compId":2651},{"type":"Script","props":{"type":"static","presetID":33,"gravityScale":0,"runtime":"Laya.RigidBody"},"compId":2652}]},{"type":"Image","props":{"y":25,"x":6,"width":7,"skin":"Game/UI/MakeTailor/dotted1.png","rotation":-3,"presetID":34,"pivotY":7,"pivotX":4,"name":"V","height":8},"compId":5289,"child":[{"type":"Script","props":{"y":-5,"x":-3,"width":13,"presetID":35,"isSensor":true,"height":24,"runtime":"Laya.BoxCollider"},"compId":5290},{"type":"Script","props":{"type":"static","presetID":36,"gravityScale":0,"runtime":"Laya.RigidBody"},"compId":5291}]}]},{"type":"Sprite","props":{"y":338,"x":153.5,"width":230,"texture":"Game/UI/MakeTailor/diy_dress_004_final/x1.png","presetID":37,"name":"Line04","height":253},"compId":2653,"child":[{"type":"Image","props":{"y":251,"x":9,"width":7,"skin":"Game/UI/MakeTailor/dotted1.png","rotation":86,"presetID":38,"pivotY":7,"pivotX":4,"name":"A","height":14},"compId":5295,"child":[{"type":"Script","props":{"y":-4,"x":-3,"width":13,"presetID":39,"isSensor":true,"height":24,"runtime":"Laya.BoxCollider"},"compId":5296},{"type":"Script","props":{"y":1,"x":0,"type":"static","presetID":40,"gravityScale":0,"runtime":"Laya.RigidBody"},"compId":5297}]},{"type":"Image","props":{"y":250,"x":30,"width":7,"skin":"Game/UI/MakeTailor/dotted1.png","rotation":86,"presetID":41,"pivotY":7,"pivotX":4,"name":"A","height":14},"compId":5298,"child":[{"type":"Script","props":{"y":-4,"x":-3,"width":13,"presetID":42,"isSensor":true,"height":24,"runtime":"Laya.BoxCollider"},"compId":5299},{"type":"Script","props":{"y":1,"x":0,"type":"static","presetID":43,"gravityScale":0,"runtime":"Laya.RigidBody"},"compId":5300}]},{"type":"Image","props":{"y":248,"x":51,"width":7,"skin":"Game/UI/MakeTailor/dotted1.png","rotation":83,"presetID":44,"pivotY":7,"pivotX":4,"name":"A","height":14},"compId":5301,"child":[{"type":"Script","props":{"y":-4,"x":-3,"width":13,"presetID":45,"isSensor":true,"height":24,"runtime":"Laya.BoxCollider"},"compId":5302},{"type":"Script","props":{"y":1,"x":0,"type":"static","presetID":46,"gravityScale":0,"runtime":"Laya.RigidBody"},"compId":5303}]},{"type":"Image","props":{"y":243,"x":69,"width":7,"skin":"Game/UI/MakeTailor/dotted1.png","rotation":68,"presetID":47,"pivotY":7,"pivotX":4,"name":"A","height":14},"compId":5304,"child":[{"type":"Script","props":{"y":-4,"x":-3,"width":13,"presetID":48,"isSensor":true,"height":24,"runtime":"Laya.BoxCollider"},"compId":5305},{"type":"Script","props":{"y":1,"x":0,"type":"static","presetID":49,"gravityScale":0,"runtime":"Laya.RigidBody"},"compId":5306}]},{"type":"Image","props":{"y":235,"x":88,"width":7,"skin":"Game/UI/MakeTailor/dotted1.png","rotation":67,"presetID":50,"pivotY":7,"pivotX":4,"name":"A","height":14},"compId":5307,"child":[{"type":"Script","props":{"y":-4,"x":-3,"width":13,"presetID":51,"isSensor":true,"height":24,"runtime":"Laya.BoxCollider"},"compId":5308},{"type":"Script","props":{"y":1,"x":0,"type":"static","presetID":52,"gravityScale":0,"runtime":"Laya.RigidBody"},"compId":5309}]},{"type":"Image","props":{"y":227,"x":107,"width":7,"skin":"Game/UI/MakeTailor/dotted1.png","rotation":67,"presetID":53,"pivotY":7,"pivotX":4,"name":"A","height":14},"compId":5310,"child":[{"type":"Script","props":{"y":-4,"x":-3,"width":13,"presetID":54,"isSensor":true,"height":24,"runtime":"Laya.BoxCollider"},"compId":5311},{"type":"Script","props":{"y":1,"x":0,"type":"static","presetID":55,"gravityScale":0,"runtime":"Laya.RigidBody"},"compId":5312}]},{"type":"Image","props":{"y":214,"x":121,"width":7,"skin":"Game/UI/MakeTailor/dotted1.png","rotation":36,"presetID":56,"pivotY":7,"pivotX":4,"name":"V","height":14},"compId":5313,"child":[{"type":"Script","props":{"y":-4,"x":-3,"width":13,"presetID":57,"isSensor":true,"height":24,"runtime":"Laya.BoxCollider"},"compId":5314},{"type":"Script","props":{"y":1,"x":0,"type":"static","presetID":58,"gravityScale":0,"runtime":"Laya.RigidBody"},"compId":5315}]},{"type":"Image","props":{"y":197,"x":131,"width":7,"skin":"Game/UI/MakeTailor/dotted1.png","rotation":29,"presetID":59,"pivotY":7,"pivotX":4,"name":"V","height":14},"compId":5316,"child":[{"type":"Script","props":{"y":-4,"x":-3,"width":13,"presetID":60,"isSensor":true,"height":24,"runtime":"Laya.BoxCollider"},"compId":5317},{"type":"Script","props":{"y":1,"x":0,"type":"static","presetID":61,"gravityScale":0,"runtime":"Laya.RigidBody"},"compId":5318}]},{"type":"Image","props":{"y":178,"x":140,"width":7,"skin":"Game/UI/MakeTailor/dotted1.png","rotation":23,"presetID":62,"pivotY":7,"pivotX":4,"name":"V","height":14},"compId":5319,"child":[{"type":"Script","props":{"y":-4,"x":-3,"width":13,"presetID":63,"isSensor":true,"height":24,"runtime":"Laya.BoxCollider"},"compId":5320},{"type":"Script","props":{"y":1,"x":0,"type":"static","presetID":64,"gravityScale":0,"runtime":"Laya.RigidBody"},"compId":5321}]},{"type":"Image","props":{"y":158,"x":146,"width":7,"skin":"Game/UI/MakeTailor/dotted1.png","rotation":8,"presetID":65,"pivotY":7,"pivotX":4,"name":"V","height":14},"compId":5322,"child":[{"type":"Script","props":{"y":-4,"x":-3,"width":13,"presetID":66,"isSensor":true,"height":24,"runtime":"Laya.BoxCollider"},"compId":5323},{"type":"Script","props":{"y":1,"x":0,"type":"static","presetID":67,"gravityScale":0,"runtime":"Laya.RigidBody"},"compId":5324}]},{"type":"Image","props":{"y":138,"x":148,"width":7,"skin":"Game/UI/MakeTailor/dotted1.png","rotation":4,"presetID":68,"pivotY":7,"pivotX":4,"name":"V","height":14},"compId":5325,"child":[{"type":"Script","props":{"y":-4,"x":-3,"width":13,"presetID":69,"isSensor":true,"height":24,"runtime":"Laya.BoxCollider"},"compId":5326},{"type":"Script","props":{"y":1,"x":0,"type":"static","presetID":70,"gravityScale":0,"runtime":"Laya.RigidBody"},"compId":5327}]},{"type":"Image","props":{"y":117,"x":150,"width":7,"skin":"Game/UI/MakeTailor/dotted1.png","rotation":4,"presetID":71,"pivotY":7,"pivotX":4,"name":"V","height":14},"compId":5331,"child":[{"type":"Script","props":{"y":-4,"x":-3,"width":13,"presetID":72,"isSensor":true,"height":24,"runtime":"Laya.BoxCollider"},"compId":5332},{"type":"Script","props":{"y":1,"x":0,"type":"static","presetID":73,"gravityScale":0,"runtime":"Laya.RigidBody"},"compId":5333}]},{"type":"Image","props":{"y":96,"x":152,"width":7,"skin":"Game/UI/MakeTailor/dotted1.png","rotation":4,"presetID":74,"pivotY":7,"pivotX":4,"name":"V","height":14},"compId":5334,"child":[{"type":"Script","props":{"y":-4,"x":-3,"width":13,"presetID":75,"isSensor":true,"height":24,"runtime":"Laya.BoxCollider"},"compId":5335},{"type":"Script","props":{"y":1,"x":0,"type":"static","presetID":76,"gravityScale":0,"runtime":"Laya.RigidBody"},"compId":5336}]},{"type":"Image","props":{"y":75,"x":153,"width":7,"skin":"Game/UI/MakeTailor/dotted1.png","rotation":4,"presetID":77,"pivotY":7,"pivotX":4,"name":"V","height":14},"compId":5337,"child":[{"type":"Script","props":{"y":-4,"x":-3,"width":13,"presetID":78,"isSensor":true,"height":24,"runtime":"Laya.BoxCollider"},"compId":5338},{"type":"Script","props":{"y":1,"x":0,"type":"static","presetID":79,"gravityScale":0,"runtime":"Laya.RigidBody"},"compId":5339}]},{"type":"Image","props":{"y":55,"x":154,"width":7,"skin":"Game/UI/MakeTailor/dotted1.png","rotation":4,"presetID":80,"pivotY":7,"pivotX":4,"name":"V","height":14},"compId":5340,"child":[{"type":"Script","props":{"y":-4,"x":-3,"width":13,"presetID":81,"isSensor":true,"height":24,"runtime":"Laya.BoxCollider"},"compId":5341},{"type":"Script","props":{"y":1,"x":0,"type":"static","presetID":82,"gravityScale":0,"runtime":"Laya.RigidBody"},"compId":5342}]},{"type":"Image","props":{"y":35,"x":157,"width":7,"skin":"Game/UI/MakeTailor/dotted1.png","rotation":4,"presetID":83,"pivotY":7,"pivotX":4,"name":"V","height":14},"compId":5343,"child":[{"type":"Script","props":{"y":-4,"x":-3,"width":13,"presetID":84,"isSensor":true,"height":24,"runtime":"Laya.BoxCollider"},"compId":5344},{"type":"Script","props":{"y":1,"x":0,"type":"static","presetID":85,"gravityScale":0,"runtime":"Laya.RigidBody"},"compId":5345}]},{"type":"Image","props":{"y":16,"x":161,"width":7,"skin":"Game/UI/MakeTailor/dotted1.png","rotation":4,"presetID":86,"pivotY":7,"pivotX":4,"name":"V","height":14},"compId":5346,"child":[{"type":"Script","props":{"y":-4,"x":-3,"width":13,"presetID":87,"isSensor":true,"height":24,"runtime":"Laya.BoxCollider"},"compId":5347},{"type":"Script","props":{"y":1,"x":0,"type":"static","presetID":88,"gravityScale":0,"runtime":"Laya.RigidBody"},"compId":5348}]},{"type":"Image","props":{"y":40,"x":167,"width":7,"skin":"Game/UI/MakeTailor/dotted1.png","rotation":-4,"presetID":89,"pivotY":7,"pivotX":4,"name":"V","height":14},"compId":5352,"child":[{"type":"Script","props":{"y":-4,"x":-3,"width":13,"presetID":90,"isSensor":true,"height":24,"runtime":"Laya.BoxCollider"},"compId":5353},{"type":"Script","props":{"y":1,"x":0,"type":"static","presetID":91,"gravityScale":0,"runtime":"Laya.RigidBody"},"compId":5354}]},{"type":"Image","props":{"y":59,"x":168,"width":7,"skin":"Game/UI/MakeTailor/dotted1.png","rotation":-4,"presetID":92,"pivotY":7,"pivotX":4,"name":"V","height":14},"compId":5355,"child":[{"type":"Script","props":{"y":-4,"x":-3,"width":13,"presetID":93,"isSensor":true,"height":24,"runtime":"Laya.BoxCollider"},"compId":5356},{"type":"Script","props":{"y":1,"x":0,"type":"static","presetID":94,"gravityScale":0,"runtime":"Laya.RigidBody"},"compId":5357}]},{"type":"Image","props":{"y":79,"x":169,"width":7,"skin":"Game/UI/MakeTailor/dotted1.png","rotation":-4,"presetID":95,"pivotY":7,"pivotX":4,"name":"V","height":14},"compId":5358,"child":[{"type":"Script","props":{"y":-4,"x":-3,"width":13,"presetID":96,"isSensor":true,"height":24,"runtime":"Laya.BoxCollider"},"compId":5359},{"type":"Script","props":{"y":1,"x":0,"type":"static","presetID":97,"gravityScale":0,"runtime":"Laya.RigidBody"},"compId":5360}]},{"type":"Image","props":{"y":99,"x":172,"width":7,"skin":"Game/UI/MakeTailor/dotted1.png","rotation":-8,"presetID":98,"pivotY":7,"pivotX":4,"name":"V","height":14},"compId":5361,"child":[{"type":"Script","props":{"y":-4,"x":-3,"width":13,"presetID":99,"isSensor":true,"height":24,"runtime":"Laya.BoxCollider"},"compId":5362},{"type":"Script","props":{"y":1,"x":0,"type":"static","presetID":100,"gravityScale":0,"runtime":"Laya.RigidBody"},"compId":5363}]},{"type":"Image","props":{"y":118,"x":175,"width":7,"skin":"Game/UI/MakeTailor/dotted1.png","rotation":-11,"presetID":101,"pivotY":7,"pivotX":4,"name":"V","height":14},"compId":5364,"child":[{"type":"Script","props":{"y":-4,"x":-3,"width":13,"presetID":102,"isSensor":true,"height":24,"runtime":"Laya.BoxCollider"},"compId":5365},{"type":"Script","props":{"y":1,"x":0,"type":"static","presetID":103,"gravityScale":0,"runtime":"Laya.RigidBody"},"compId":5366}]},{"type":"Image","props":{"y":137,"x":179,"width":7,"skin":"Game/UI/MakeTailor/dotted1.png","rotation":-15,"presetID":104,"pivotY":7,"pivotX":4,"name":"V","height":14},"compId":5367,"child":[{"type":"Script","props":{"y":-4,"x":-3,"width":13,"presetID":105,"isSensor":true,"height":24,"runtime":"Laya.BoxCollider"},"compId":5368},{"type":"Script","props":{"y":1,"x":0,"type":"static","presetID":106,"gravityScale":0,"runtime":"Laya.RigidBody"},"compId":5369}]},{"type":"Image","props":{"y":155,"x":184,"width":7,"skin":"Game/UI/MakeTailor/dotted1.png","rotation":-20,"presetID":107,"pivotY":7,"pivotX":4,"name":"V","height":14},"compId":5370,"child":[{"type":"Script","props":{"y":-4,"x":-3,"width":13,"presetID":108,"isSensor":true,"height":24,"runtime":"Laya.BoxCollider"},"compId":5371},{"type":"Script","props":{"y":1,"x":0,"type":"static","presetID":109,"gravityScale":0,"runtime":"Laya.RigidBody"},"compId":5372}]},{"type":"Image","props":{"y":174,"x":192,"width":7,"skin":"Game/UI/MakeTailor/dotted1.png","rotation":-24,"presetID":110,"pivotY":7,"pivotX":4,"name":"V","height":14},"compId":5373,"child":[{"type":"Script","props":{"y":-4,"x":-3,"width":13,"presetID":111,"isSensor":true,"height":24,"runtime":"Laya.BoxCollider"},"compId":5374},{"type":"Script","props":{"y":1,"x":0,"type":"static","presetID":112,"gravityScale":0,"runtime":"Laya.RigidBody"},"compId":5375}]},{"type":"Image","props":{"y":192,"x":201,"width":7,"skin":"Game/UI/MakeTailor/dotted1.png","rotation":-28,"presetID":113,"pivotY":7,"pivotX":4,"name":"V","height":14},"compId":5376,"child":[{"type":"Script","props":{"y":-4,"x":-3,"width":13,"presetID":114,"isSensor":true,"height":24,"runtime":"Laya.BoxCollider"},"compId":5377},{"type":"Script","props":{"y":1,"x":0,"type":"static","presetID":115,"gravityScale":0,"runtime":"Laya.RigidBody"},"compId":5378}]},{"type":"Image","props":{"y":210,"x":211,"width":7,"skin":"Game/UI/MakeTailor/dotted1.png","rotation":-28,"presetID":116,"pivotY":7,"pivotX":4,"name":"V","height":14},"compId":5379,"child":[{"type":"Script","props":{"y":-4,"x":-3,"width":13,"presetID":117,"isSensor":true,"height":24,"runtime":"Laya.BoxCollider"},"compId":5380},{"type":"Script","props":{"y":1,"x":0,"type":"static","presetID":118,"gravityScale":0,"runtime":"Laya.RigidBody"},"compId":5381}]},{"type":"Image","props":{"y":226,"x":222,"width":7,"skin":"Game/UI/MakeTailor/dotted1.png","rotation":-39,"presetID":119,"pivotY":7,"pivotX":4,"name":"V","height":14},"compId":5382,"child":[{"type":"Script","props":{"y":-4,"x":-3,"width":13,"presetID":120,"isSensor":true,"height":24,"runtime":"Laya.BoxCollider"},"compId":5383},{"type":"Script","props":{"y":1,"x":0,"type":"static","presetID":121,"gravityScale":0,"runtime":"Laya.RigidBody"},"compId":5384}]}]},{"type":"Sprite","props":{"y":86.24482541928896,"x":356,"texture":"Game/UI/MakeTailor/diy_dress_004_final/x2.png","presetID":122,"name":"Line03"},"compId":2754,"child":[{"type":"Image","props":{"y":7,"x":5,"width":7,"skin":"Game/UI/MakeTailor/dotted1.png","rotation":6,"presetID":123,"pivotY":7,"pivotX":4,"name":"V","height":14},"compId":2844,"child":[{"type":"Script","props":{"y":-4,"x":-3,"width":13,"presetID":124,"isSensor":true,"height":24,"runtime":"Laya.BoxCollider"},"compId":2845},{"type":"Script","props":{"y":1,"x":0,"type":"static","presetID":125,"gravityScale":0,"runtime":"Laya.RigidBody"},"compId":2846}]},{"type":"Image","props":{"y":24,"x":3,"width":7,"skin":"Game/UI/MakeTailor/dotted1.png","rotation":6,"presetID":126,"pivotY":7,"pivotX":4,"name":"V","height":8},"compId":5292,"child":[{"type":"Script","props":{"y":-4,"x":-3,"width":13,"presetID":127,"isSensor":true,"height":16,"runtime":"Laya.BoxCollider"},"compId":5293},{"type":"Script","props":{"y":1,"x":0,"type":"static","presetID":128,"gravityScale":0,"runtime":"Laya.RigidBody"},"compId":5294}]}]}]}],"loadList":["Game/UI/MakeTailor/diy_dress_004_final/s4.png","Game/UI/MakeTailor/diy_dress_004_final/s2.png","Game/UI/MakeTailor/diy_dress_004_final/s1.png","Game/UI/MakeTailor/diy_dress_004_final/s3.png","Game/UI/MakeTailor/diy_dress_004_final/q1.png","Game/UI/MakeTailor/diy_dress_004_final/x3.png","Game/UI/MakeTailor/dotted1.png","Game/UI/MakeTailor/diy_dress_004_final/x4.png","Game/UI/MakeTailor/diy_dress_004_final/x1.png","Game/UI/MakeTailor/diy_dress_004_final/x2.png"],"loadList3D":[]}