{"type":"Box","props":{"y":0,"x":0,"width":720,"scaleY":0.95,"scaleX":0.95,"presetID":1,"name":"diy_dress_006_final","isPresetRoot":true,"height":720,"centerY":0,"centerX":0},"compId":2992,"child":[{"type":"Sprite","props":{"y":24.5,"x":408.5,"texture":"Game/UI/MakeTailor/diy_dress_006_final/s2.png","presetID":2,"name":"Cloth02_R"},"compId":2756},{"type":"Sprite","props":{"y":14.5,"x":49,"width":261,"texture":"Game/UI/MakeTailor/diy_dress_006_final/s3.png","presetID":3,"name":"Cloth03_L","height":87},"compId":2752},{"type":"Sprite","props":{"y":507,"x":196,"width":326,"texture":"Game/UI/MakeTailor/diy_dress_006_final/s4.png","presetID":4,"name":"Cloth04_D","height":192},"compId":2751},{"type":"Sprite","props":{"y":20.5,"x":318.5,"width":85,"texture":"Game/UI/MakeTailor/diy_dress_006_final/s1.png","presetID":5,"name":"Cloth01_U","height":80},"compId":2986},{"type":"Sprite","props":{"y":15,"x":-272,"texture":"Game/UI/MakeTailor/diy_dress_006_final/q1.png","presetID":6,"name":"Ultimately"},"compId":2577},{"type":"Image","props":{"y":13,"width":512,"presetID":7,"name":"LineParent","height":725,"centerX":0},"compId":2578,"child":[{"type":"Sprite","props":{"y":7.5,"x":212.46056832894993,"texture":"Game/UI/MakeTailor/diy_dress_006_final/x1.png","presetID":8,"name":"Line01"},"compId":2579,"child":[{"type":"Image","props":{"y":10,"x":4,"width":7,"skin":"Game/UI/MakeTailor/dotted1.png","rotation":182,"presetID":9,"pivotY":7,"pivotX":4,"name":"A","height":14},"compId":2598,"child":[{"type":"Script","props":{"y":-5,"x":-3,"width":13,"presetID":10,"isSensor":true,"height":24,"runtime":"Laya.BoxCollider"},"compId":2599},{"type":"Script","props":{"type":"static","presetID":11,"gravityScale":0,"runtime":"Laya.RigidBody"},"compId":2600}]},{"type":"Image","props":{"y":26,"x":3,"width":7,"skin":"Game/UI/MakeTailor/dotted1.png","rotation":181,"presetID":12,"pivotY":7,"pivotX":4,"name":"A","height":14},"compId":2759,"child":[{"type":"Script","props":{"y":-5,"x":-3,"width":13,"presetID":13,"isSensor":true,"height":24,"runtime":"Laya.BoxCollider"},"compId":2760},{"type":"Script","props":{"type":"static","presetID":14,"gravityScale":0,"runtime":"Laya.RigidBody"},"compId":2761}]},{"type":"Image","props":{"y":42,"x":10,"width":7,"skin":"Game/UI/MakeTailor/dotted1.png","rotation":138,"presetID":15,"pivotY":7,"pivotX":4,"name":"A","height":14},"compId":2762,"child":[{"type":"Script","props":{"y":-5,"x":-3,"width":13,"presetID":16,"isSensor":true,"height":24,"runtime":"Laya.BoxCollider"},"compId":2763},{"type":"Script","props":{"type":"static","presetID":17,"gravityScale":0,"runtime":"Laya.RigidBody"},"compId":2764}]},{"type":"Image","props":{"y":55,"x":23,"width":7,"skin":"Game/UI/MakeTailor/dotted1.png","rotation":134,"presetID":18,"pivotY":7,"pivotX":4,"name":"A","height":14},"compId":2765,"child":[{"type":"Script","props":{"y":-5,"x":-3,"width":13,"presetID":19,"isSensor":true,"height":24,"runtime":"Laya.BoxCollider"},"compId":2766},{"type":"Script","props":{"type":"static","presetID":20,"gravityScale":0,"runtime":"Laya.RigidBody"},"compId":2767}]},{"type":"Image","props":{"y":68,"x":36,"width":7,"skin":"Game/UI/MakeTailor/dotted1.png","rotation":135,"presetID":21,"pivotY":7,"pivotX":4,"name":"A","height":14},"compId":2768,"child":[{"type":"Script","props":{"y":-5,"x":-3,"width":13,"presetID":22,"isSensor":true,"height":24,"runtime":"Laya.BoxCollider"},"compId":2769},{"type":"Script","props":{"type":"static","presetID":23,"gravityScale":0,"runtime":"Laya.RigidBody"},"compId":2770}]},{"type":"Image","props":{"y":68,"x":53,"width":7,"skin":"Game/UI/MakeTailor/dotted1.png","rotation":38,"presetID":24,"pivotY":7,"pivotX":4,"name":"A","height":14},"compId":2771,"child":[{"type":"Script","props":{"y":-5,"x":-3,"width":13,"presetID":25,"isSensor":true,"height":24,"runtime":"Laya.BoxCollider"},"compId":2772},{"type":"Script","props":{"type":"static","presetID":26,"gravityScale":0,"runtime":"Laya.RigidBody"},"compId":2773}]},{"type":"Image","props":{"y":55,"x":65,"width":7,"skin":"Game/UI/MakeTailor/dotted1.png","rotation":44,"presetID":27,"pivotY":7,"pivotX":4,"name":"A","height":14},"compId":3193,"child":[{"type":"Script","props":{"y":-5,"x":-3,"width":13,"presetID":28,"isSensor":true,"height":24,"runtime":"Laya.BoxCollider"},"compId":3194},{"type":"Script","props":{"type":"static","presetID":29,"gravityScale":0,"runtime":"Laya.RigidBody"},"compId":3195}]},{"type":"Image","props":{"y":42,"x":78,"width":7,"skin":"Game/UI/MakeTailor/dotted1.png","rotation":44,"presetID":30,"pivotY":7,"pivotX":4,"name":"A","height":14},"compId":3196,"child":[{"type":"Script","props":{"y":-5,"x":-3,"width":13,"presetID":31,"isSensor":true,"height":24,"runtime":"Laya.BoxCollider"},"compId":3197},{"type":"Script","props":{"type":"static","presetID":32,"gravityScale":0,"runtime":"Laya.RigidBody"},"compId":3198}]},{"type":"Image","props":{"y":25,"x":84,"width":7,"skin":"Game/UI/MakeTailor/dotted1.png","rotation":-2,"presetID":33,"pivotY":7,"pivotX":4,"name":"A","height":14},"compId":3199,"child":[{"type":"Script","props":{"y":-5,"x":-3,"width":13,"presetID":34,"isSensor":true,"height":24,"runtime":"Laya.BoxCollider"},"compId":3200},{"type":"Script","props":{"type":"static","presetID":35,"gravityScale":0,"runtime":"Laya.RigidBody"},"compId":3201}]},{"type":"Image","props":{"y":7,"x":84,"width":7,"skin":"Game/UI/MakeTailor/dotted1.png","rotation":-2,"presetID":36,"pivotY":7,"pivotX":4,"name":"A","height":14},"compId":3202,"child":[{"type":"Script","props":{"y":-5,"x":-3,"width":13,"presetID":37,"isSensor":true,"height":24,"runtime":"Laya.BoxCollider"},"compId":3203},{"type":"Script","props":{"type":"static","presetID":38,"gravityScale":0,"runtime":"Laya.RigidBody"},"compId":3204}]}]},{"type":"Sprite","props":{"y":9,"x":303,"texture":"Game/UI/MakeTailor/diy_dress_006_final/x2.png","presetID":39,"name":"Line02"},"compId":2601,"child":[{"type":"Image","props":{"y":59,"x":10,"width":7,"skin":"Game/UI/MakeTailor/dotted1.png","scaleX":1,"rotation":-16,"presetID":40,"pivotY":7,"pivotX":4,"name":"V","height":14},"compId":2807,"child":[{"type":"Script","props":{"y":-5,"x":-3,"width":13,"presetID":41,"isSensor":true,"height":24,"runtime":"Laya.BoxCollider"},"compId":2808},{"type":"Script","props":{"type":"static","presetID":42,"gravityScale":0,"runtime":"Laya.RigidBody"},"compId":2809}]},{"type":"Image","props":{"y":42,"x":6,"width":7,"skin":"Game/UI/MakeTailor/dotted1.png","scaleX":1,"rotation":-10,"presetID":43,"pivotY":7,"pivotX":4,"name":"V","height":14},"compId":2810,"child":[{"type":"Script","props":{"y":-5,"x":-3,"width":13,"presetID":44,"isSensor":true,"height":24,"runtime":"Laya.BoxCollider"},"compId":2811},{"type":"Script","props":{"type":"static","presetID":45,"gravityScale":0,"runtime":"Laya.RigidBody"},"compId":2812}]},{"type":"Image","props":{"y":25,"x":5,"width":7,"skin":"Game/UI/MakeTailor/dotted1.png","scaleX":1,"rotation":-2,"presetID":46,"pivotY":7,"pivotX":4,"name":"V","height":14},"compId":2813,"child":[{"type":"Script","props":{"y":-5,"x":-3,"width":13,"presetID":47,"isSensor":true,"height":24,"runtime":"Laya.BoxCollider"},"compId":2814},{"type":"Script","props":{"type":"static","presetID":48,"gravityScale":0,"runtime":"Laya.RigidBody"},"compId":2815}]},{"type":"Image","props":{"y":8,"x":4,"width":7,"skin":"Game/UI/MakeTailor/dotted1.png","scaleX":1,"rotation":0,"presetID":49,"pivotY":7,"pivotX":4,"name":"V","height":14},"compId":2816,"child":[{"type":"Script","props":{"y":-5,"x":-3,"width":13,"presetID":50,"isSensor":true,"height":24,"runtime":"Laya.BoxCollider"},"compId":2817},{"type":"Script","props":{"type":"static","presetID":51,"gravityScale":0,"runtime":"Laya.RigidBody"},"compId":2818}]}]},{"type":"Sprite","props":{"y":10.5,"x":193.61553277608337,"width":12,"texture":"Game/UI/MakeTailor/diy_dress_006_final/x3.png","presetID":52,"name":"Line03","height":81.43530042861366},"compId":2653,"child":[{"type":"Image","props":{"y":10,"x":8,"width":7,"skin":"Game/UI/MakeTailor/dotted1.png","rotation":0,"presetID":53,"pivotY":7,"pivotX":4,"name":"V","height":14},"compId":2744,"child":[{"type":"Script","props":{"y":-4,"x":-3,"width":13,"presetID":54,"isSensor":true,"height":24,"runtime":"Laya.BoxCollider"},"compId":2745},{"type":"Script","props":{"y":1,"x":0,"type":"static","presetID":55,"gravityScale":0,"runtime":"Laya.RigidBody"},"compId":2746}]},{"type":"Image","props":{"y":28,"x":8,"width":7,"skin":"Game/UI/MakeTailor/dotted1.png","rotation":2,"presetID":56,"pivotY":7,"pivotX":4,"name":"V","height":14},"compId":2822,"child":[{"type":"Script","props":{"y":-4,"x":-3,"width":13,"presetID":57,"isSensor":true,"height":24,"runtime":"Laya.BoxCollider"},"compId":2823},{"type":"Script","props":{"y":1,"x":0,"type":"static","presetID":58,"gravityScale":0,"runtime":"Laya.RigidBody"},"compId":2824}]},{"type":"Image","props":{"y":45,"x":7,"width":7,"skin":"Game/UI/MakeTailor/dotted1.png","rotation":9,"presetID":59,"pivotY":7,"pivotX":4,"name":"V","height":14},"compId":2825,"child":[{"type":"Script","props":{"y":-4,"x":-3,"width":13,"presetID":60,"isSensor":true,"height":24,"runtime":"Laya.BoxCollider"},"compId":2826},{"type":"Script","props":{"y":1,"x":0,"type":"static","presetID":61,"gravityScale":0,"runtime":"Laya.RigidBody"},"compId":2827}]},{"type":"Image","props":{"y":67,"x":4,"width":7,"skin":"Game/UI/MakeTailor/dotted1.png","rotation":12,"presetID":62,"pivotY":7,"pivotX":4,"name":"V","height":14},"compId":2828,"child":[{"type":"Script","props":{"y":-4,"x":-3,"width":13,"presetID":63,"isSensor":true,"height":24,"runtime":"Laya.BoxCollider"},"compId":2829},{"type":"Script","props":{"y":1,"x":0,"type":"static","presetID":64,"gravityScale":0,"runtime":"Laya.RigidBody"},"compId":2830}]}]},{"type":"Sprite","props":{"y":494,"x":109.5,"width":279,"texture":"Game/UI/MakeTailor/diy_dress_006_final/x4.png","rotation":0,"presetID":65,"name":"Line04","height":169},"compId":2754,"child":[{"type":"Image","props":{"y":9,"x":29,"width":7,"skin":"Game/UI/MakeTailor/dotted1.png","rotation":-52,"presetID":66,"pivotY":7,"pivotX":4,"name":"V","height":14},"compId":2844,"child":[{"type":"Script","props":{"y":-4,"x":-3,"width":13,"presetID":67,"isSensor":true,"height":24,"runtime":"Laya.BoxCollider"},"compId":2845},{"type":"Script","props":{"y":1,"x":0,"type":"static","presetID":68,"gravityScale":0,"runtime":"Laya.RigidBody"},"compId":2846}]},{"type":"Image","props":{"y":21,"x":44,"width":7,"skin":"Game/UI/MakeTailor/dotted1.png","rotation":-52,"presetID":69,"pivotY":7,"pivotX":4,"name":"V","height":14},"compId":3205,"child":[{"type":"Script","props":{"y":-4,"x":-3,"width":13,"presetID":70,"isSensor":true,"height":24,"runtime":"Laya.BoxCollider"},"compId":3206},{"type":"Script","props":{"y":1,"x":0,"type":"static","presetID":71,"gravityScale":0,"runtime":"Laya.RigidBody"},"compId":3207}]},{"type":"Image","props":{"y":34,"x":61,"width":7,"skin":"Game/UI/MakeTailor/dotted1.png","rotation":-52,"presetID":72,"pivotY":7,"pivotX":4,"name":"V","height":14},"compId":3208,"child":[{"type":"Script","props":{"y":-4,"x":-3,"width":13,"presetID":73,"isSensor":true,"height":24,"runtime":"Laya.BoxCollider"},"compId":3209},{"type":"Script","props":{"y":1,"x":0,"type":"static","presetID":74,"gravityScale":0,"runtime":"Laya.RigidBody"},"compId":3210}]},{"type":"Image","props":{"y":46,"x":76,"width":7,"skin":"Game/UI/MakeTailor/dotted1.png","rotation":-52,"presetID":75,"pivotY":7,"pivotX":4,"name":"V","height":14},"compId":3211,"child":[{"type":"Script","props":{"y":-4,"x":-3,"width":13,"presetID":76,"isSensor":true,"height":24,"runtime":"Laya.BoxCollider"},"compId":3212},{"type":"Script","props":{"y":1,"x":0,"type":"static","presetID":77,"gravityScale":0,"runtime":"Laya.RigidBody"},"compId":3213}]},{"type":"Image","props":{"y":58,"x":91,"width":7,"skin":"Game/UI/MakeTailor/dotted1.png","rotation":-52,"presetID":78,"pivotY":7,"pivotX":4,"name":"V","height":14},"compId":3214,"child":[{"type":"Script","props":{"y":-4,"x":-3,"width":13,"presetID":79,"isSensor":true,"height":24,"runtime":"Laya.BoxCollider"},"compId":3215},{"type":"Script","props":{"y":1,"x":0,"type":"static","presetID":80,"gravityScale":0,"runtime":"Laya.RigidBody"},"compId":3216}]},{"type":"Image","props":{"y":71,"x":106,"width":7,"skin":"Game/UI/MakeTailor/dotted1.png","rotation":-48,"presetID":81,"pivotY":7,"pivotX":4,"name":"V","height":14},"compId":3217,"child":[{"type":"Script","props":{"y":-4,"x":-3,"width":13,"presetID":82,"isSensor":true,"height":24,"runtime":"Laya.BoxCollider"},"compId":3218},{"type":"Script","props":{"y":1,"x":0,"type":"static","presetID":83,"gravityScale":0,"runtime":"Laya.RigidBody"},"compId":3219}]},{"type":"Image","props":{"y":83,"x":121,"width":7,"skin":"Game/UI/MakeTailor/dotted1.png","rotation":-52,"presetID":84,"pivotY":7,"pivotX":4,"name":"V","height":14},"compId":3220,"child":[{"type":"Script","props":{"y":-4,"x":-3,"width":13,"presetID":85,"isSensor":true,"height":24,"runtime":"Laya.BoxCollider"},"compId":3221},{"type":"Script","props":{"y":1,"x":0,"type":"static","presetID":86,"gravityScale":0,"runtime":"Laya.RigidBody"},"compId":3222}]},{"type":"Image","props":{"y":96,"x":136,"width":7,"skin":"Game/UI/MakeTailor/dotted1.png","rotation":-52,"presetID":87,"pivotY":7,"pivotX":4,"name":"V","height":14},"compId":3223,"child":[{"type":"Script","props":{"y":-4,"x":-3,"width":13,"presetID":88,"isSensor":true,"height":24,"runtime":"Laya.BoxCollider"},"compId":3224},{"type":"Script","props":{"y":1,"x":0,"type":"static","presetID":89,"gravityScale":0,"runtime":"Laya.RigidBody"},"compId":3225}]},{"type":"Image","props":{"y":107,"x":150,"width":7,"skin":"Game/UI/MakeTailor/dotted1.png","rotation":-52,"presetID":90,"pivotY":7,"pivotX":4,"name":"V","height":14},"compId":3226,"child":[{"type":"Script","props":{"y":-4,"x":-3,"width":13,"presetID":91,"isSensor":true,"height":24,"runtime":"Laya.BoxCollider"},"compId":3227},{"type":"Script","props":{"y":1,"x":0,"type":"static","presetID":92,"gravityScale":0,"runtime":"Laya.RigidBody"},"compId":3228}]},{"type":"Image","props":{"y":117,"x":165,"width":7,"skin":"Game/UI/MakeTailor/dotted1.png","rotation":-55,"presetID":93,"pivotY":7,"pivotX":4,"name":"V","height":14},"compId":3229,"child":[{"type":"Script","props":{"y":-4,"x":-3,"width":13,"presetID":94,"isSensor":true,"height":24,"runtime":"Laya.BoxCollider"},"compId":3230},{"type":"Script","props":{"y":1,"x":0,"type":"static","presetID":95,"gravityScale":0,"runtime":"Laya.RigidBody"},"compId":3231}]},{"type":"Image","props":{"y":126,"x":181,"width":7,"skin":"Game/UI/MakeTailor/dotted1.png","rotation":-62,"presetID":96,"pivotY":7,"pivotX":4,"name":"V","height":14},"compId":3232,"child":[{"type":"Script","props":{"y":-4,"x":-3,"width":13,"presetID":97,"isSensor":true,"height":24,"runtime":"Laya.BoxCollider"},"compId":3233},{"type":"Script","props":{"y":1,"x":0,"type":"static","presetID":98,"gravityScale":0,"runtime":"Laya.RigidBody"},"compId":3234}]},{"type":"Image","props":{"y":130,"x":200,"width":7,"skin":"Game/UI/MakeTailor/dotted1.png","rotation":46,"presetID":99,"pivotY":7,"pivotX":4,"name":"V","height":14},"compId":3235,"child":[{"type":"Script","props":{"y":-4,"x":-3,"width":13,"presetID":100,"isSensor":true,"height":24,"runtime":"Laya.BoxCollider"},"compId":3236},{"type":"Script","props":{"y":1,"x":0,"type":"static","presetID":101,"gravityScale":0,"runtime":"Laya.RigidBody"},"compId":3237}]},{"type":"Image","props":{"y":116,"x":215,"width":7,"skin":"Game/UI/MakeTailor/dotted1.png","rotation":45,"presetID":102,"pivotY":7,"pivotX":4,"name":"V","height":14},"compId":3238,"child":[{"type":"Script","props":{"y":-4,"x":-3,"width":13,"presetID":103,"isSensor":true,"height":24,"runtime":"Laya.BoxCollider"},"compId":3239},{"type":"Script","props":{"y":1,"x":0,"type":"static","presetID":104,"gravityScale":0,"runtime":"Laya.RigidBody"},"compId":3240}]},{"type":"Image","props":{"y":101,"x":229,"width":7,"skin":"Game/UI/MakeTailor/dotted1.png","rotation":41,"presetID":105,"pivotY":7,"pivotX":4,"name":"V","height":14},"compId":3241,"child":[{"type":"Script","props":{"y":-4,"x":-3,"width":13,"presetID":106,"isSensor":true,"height":24,"runtime":"Laya.BoxCollider"},"compId":3242},{"type":"Script","props":{"y":1,"x":0,"type":"static","presetID":107,"gravityScale":0,"runtime":"Laya.RigidBody"},"compId":3243}]},{"type":"Image","props":{"y":86,"x":243,"width":7,"skin":"Game/UI/MakeTailor/dotted1.png","rotation":41,"presetID":108,"pivotY":7,"pivotX":4,"name":"V","height":14},"compId":3244,"child":[{"type":"Script","props":{"y":-4,"x":-3,"width":13,"presetID":109,"isSensor":true,"height":24,"runtime":"Laya.BoxCollider"},"compId":3245},{"type":"Script","props":{"y":1,"x":0,"type":"static","presetID":110,"gravityScale":0,"runtime":"Laya.RigidBody"},"compId":3246}]},{"type":"Image","props":{"y":71,"x":256,"width":7,"skin":"Game/UI/MakeTailor/dotted1.png","rotation":39,"presetID":111,"pivotY":7,"pivotX":4,"name":"V","height":14},"compId":3247,"child":[{"type":"Script","props":{"y":-4,"x":-3,"width":13,"presetID":112,"isSensor":true,"height":24,"runtime":"Laya.BoxCollider"},"compId":3248},{"type":"Script","props":{"y":1,"x":0,"type":"static","presetID":113,"gravityScale":0,"runtime":"Laya.RigidBody"},"compId":3249}]},{"type":"Image","props":{"y":56,"x":269,"width":7,"skin":"Game/UI/MakeTailor/dotted1.png","rotation":40,"presetID":114,"pivotY":7,"pivotX":4,"name":"V","height":14},"compId":3250,"child":[{"type":"Script","props":{"y":-4,"x":-3,"width":13,"presetID":115,"isSensor":true,"height":24,"runtime":"Laya.BoxCollider"},"compId":3251},{"type":"Script","props":{"y":1,"x":0,"type":"static","presetID":116,"gravityScale":0,"runtime":"Laya.RigidBody"},"compId":3252}]}]}]}],"loadList":["Game/UI/MakeTailor/diy_dress_006_final/s2.png","Game/UI/MakeTailor/diy_dress_006_final/s3.png","Game/UI/MakeTailor/diy_dress_006_final/s4.png","Game/UI/MakeTailor/diy_dress_006_final/s1.png","Game/UI/MakeTailor/diy_dress_006_final/q1.png","Game/UI/MakeTailor/diy_dress_006_final/x1.png","Game/UI/MakeTailor/dotted1.png","Game/UI/MakeTailor/diy_dress_006_final/x2.png","Game/UI/MakeTailor/diy_dress_006_final/x3.png","Game/UI/MakeTailor/diy_dress_006_final/x4.png"],"loadList3D":[]}