{"type":"Box","props":{"y":0,"x":0,"width":720,"scaleY":1,"scaleX":1,"presetID":1,"name":"diy_dress_005_final","isPresetRoot":true,"height":720,"centerY":0,"centerX":0},"compId":5385,"child":[{"type":"Sprite","props":{"y":106.5,"x":-37,"width":334,"texture":"Game/UI/MakeTailor/diy_dress_005_final/s3.png","presetID":2,"name":"Cloth03_L","height":505},"compId":2756},{"type":"Sprite","props":{"y":105,"x":435,"width":336,"texture":"Game/UI/MakeTailor/diy_dress_005_final/s2.png","presetID":3,"name":"Cloth02_R","height":510},"compId":2752},{"type":"Sprite","props":{"y":81,"x":312,"width":112,"texture":"Game/UI/MakeTailor/diy_dress_005_final/s1.png","presetID":4,"name":"Cloth01_U","height":72},"compId":2986},{"type":"Sprite","props":{"y":104.5,"x":204.5,"texture":"Game/UI/MakeTailor/diy_dress_005_final/q1.png","presetID":5,"name":"Ultimately"},"compId":2577},{"type":"Image","props":{"y":-2,"x":0,"width":512,"presetID":6,"name":"LineParent","height":725,"centerX":0},"compId":2578,"child":[{"type":"Sprite","props":{"y":105.5,"x":207,"texture":"Game/UI/MakeTailor/diy_dress_005_final/x1.png","presetID":7,"name":"Line01"},"compId":2579,"child":[{"type":"Image","props":{"y":7,"x":4,"width":7,"skin":"Game/UI/MakeTailor/dotted1.png","rotation":-4,"presetID":8,"pivotY":7,"pivotX":4,"name":"V","height":12},"compId":2598,"child":[{"type":"Script","props":{"y":-5,"x":-3,"width":13,"presetID":9,"isSensor":true,"height":24,"runtime":"Laya.BoxCollider"},"compId":2599},{"type":"Script","props":{"type":"static","presetID":10,"gravityScale":0,"runtime":"Laya.RigidBody"},"compId":2600}]},{"type":"Image","props":{"y":22,"x":6,"width":7,"skin":"Game/UI/MakeTailor/dotted1.png","rotation":-14,"presetID":11,"pivotY":7,"pivotX":4,"name":"V","height":14},"compId":5389,"child":[{"type":"Script","props":{"y":-5,"x":-3,"width":13,"presetID":12,"isSensor":true,"height":24,"runtime":"Laya.BoxCollider"},"compId":5390},{"type":"Script","props":{"type":"static","presetID":13,"gravityScale":0,"runtime":"Laya.RigidBody"},"compId":5391}]},{"type":"Image","props":{"y":38,"x":12,"width":7,"skin":"Game/UI/MakeTailor/dotted1.png","rotation":-25,"presetID":14,"pivotY":7,"pivotX":4,"name":"V","height":14},"compId":5392,"child":[{"type":"Script","props":{"y":-5,"x":-3,"width":13,"presetID":15,"isSensor":true,"height":24,"runtime":"Laya.BoxCollider"},"compId":5393},{"type":"Script","props":{"type":"static","presetID":16,"gravityScale":0,"runtime":"Laya.RigidBody"},"compId":5394}]},{"type":"Image","props":{"y":52,"x":27,"width":7,"skin":"Game/UI/MakeTailor/dotted1.png","rotation":90,"presetID":17,"pivotY":7,"pivotX":4,"name":"A","height":14},"compId":5395,"child":[{"type":"Script","props":{"y":-5,"x":-3,"width":13,"presetID":18,"isSensor":true,"height":24,"runtime":"Laya.BoxCollider"},"compId":5396},{"type":"Script","props":{"type":"static","presetID":19,"gravityScale":0,"runtime":"Laya.RigidBody"},"compId":5397}]},{"type":"Image","props":{"y":52,"x":47,"width":7,"skin":"Game/UI/MakeTailor/dotted1.png","rotation":90,"presetID":20,"pivotY":7,"pivotX":4,"name":"A","height":14},"compId":5398,"child":[{"type":"Script","props":{"y":-5,"x":-3,"width":13,"presetID":21,"isSensor":true,"height":24,"runtime":"Laya.BoxCollider"},"compId":5399},{"type":"Script","props":{"type":"static","presetID":22,"gravityScale":0,"runtime":"Laya.RigidBody"},"compId":5400}]},{"type":"Image","props":{"y":52,"x":67,"width":7,"skin":"Game/UI/MakeTailor/dotted1.png","rotation":90,"presetID":23,"pivotY":7,"pivotX":4,"name":"A","height":14},"compId":5401,"child":[{"type":"Script","props":{"y":-5,"x":-3,"width":13,"presetID":24,"isSensor":true,"height":24,"runtime":"Laya.BoxCollider"},"compId":5402},{"type":"Script","props":{"type":"static","presetID":25,"gravityScale":0,"runtime":"Laya.RigidBody"},"compId":5403}]},{"type":"Image","props":{"y":52,"x":87,"width":7,"skin":"Game/UI/MakeTailor/dotted1.png","rotation":90,"presetID":26,"pivotY":7,"pivotX":4,"name":"A","height":14},"compId":5404,"child":[{"type":"Script","props":{"y":-5,"x":-3,"width":13,"presetID":27,"isSensor":true,"height":24,"runtime":"Laya.BoxCollider"},"compId":5405},{"type":"Script","props":{"type":"static","presetID":28,"gravityScale":0,"runtime":"Laya.RigidBody"},"compId":5406}]},{"type":"Image","props":{"y":40,"x":101,"width":7,"skin":"Game/UI/MakeTailor/dotted1.png","rotation":25,"presetID":29,"pivotY":7,"pivotX":4,"name":"V","height":14},"compId":5407,"child":[{"type":"Script","props":{"y":-5,"x":-3,"width":13,"presetID":30,"isSensor":true,"height":24,"runtime":"Laya.BoxCollider"},"compId":5408},{"type":"Script","props":{"type":"static","presetID":31,"gravityScale":0,"runtime":"Laya.RigidBody"},"compId":5409}]},{"type":"Image","props":{"y":23,"x":107,"width":7,"skin":"Game/UI/MakeTailor/dotted1.png","rotation":12,"presetID":32,"pivotY":7,"pivotX":4,"name":"V","height":14},"compId":5410,"child":[{"type":"Script","props":{"y":-5,"x":-3,"width":13,"presetID":33,"isSensor":true,"height":24,"runtime":"Laya.BoxCollider"},"compId":5411},{"type":"Script","props":{"type":"static","presetID":34,"gravityScale":0,"runtime":"Laya.RigidBody"},"compId":5412}]},{"type":"Image","props":{"y":7,"x":110,"width":7,"skin":"Game/UI/MakeTailor/dotted1.png","rotation":9,"presetID":35,"pivotY":7,"pivotX":4,"name":"V","height":12},"compId":5413,"child":[{"type":"Script","props":{"y":-5,"x":-3,"width":13,"presetID":36,"isSensor":true,"height":24,"runtime":"Laya.BoxCollider"},"compId":5414},{"type":"Script","props":{"type":"static","presetID":37,"gravityScale":0,"runtime":"Laya.RigidBody"},"compId":5415}]}]},{"type":"Sprite","props":{"y":107.5,"x":329,"texture":"Game/UI/MakeTailor/diy_dress_005_final/x2.png","presetID":38,"name":"Line02"},"compId":2601,"child":[{"type":"Image","props":{"y":9,"x":5,"width":7,"skin":"Game/UI/MakeTailor/dotted1.png","rotation":-3,"presetID":39,"pivotY":7,"pivotX":4,"name":"V","height":14},"compId":2650,"child":[{"type":"Script","props":{"y":-5,"x":-3,"width":13,"presetID":40,"isSensor":true,"height":24,"runtime":"Laya.BoxCollider"},"compId":2651},{"type":"Script","props":{"type":"static","presetID":41,"gravityScale":0,"runtime":"Laya.RigidBody"},"compId":2652}]},{"type":"Image","props":{"y":30,"x":8,"width":7,"skin":"Game/UI/MakeTailor/dotted1.png","rotation":-7,"presetID":42,"pivotY":7,"pivotX":4,"name":"V","height":14},"compId":5416,"child":[{"type":"Script","props":{"y":-5,"x":-3,"width":13,"presetID":43,"isSensor":true,"height":24,"runtime":"Laya.BoxCollider"},"compId":5417},{"type":"Script","props":{"type":"static","presetID":44,"gravityScale":0,"runtime":"Laya.RigidBody"},"compId":5418}]},{"type":"Image","props":{"y":51,"x":12,"width":7,"skin":"Game/UI/MakeTailor/dotted1.png","rotation":-12,"presetID":45,"pivotY":7,"pivotX":4,"name":"V","height":14},"compId":5419,"child":[{"type":"Script","props":{"y":-5,"x":-3,"width":13,"presetID":46,"isSensor":true,"height":24,"runtime":"Laya.BoxCollider"},"compId":5420},{"type":"Script","props":{"type":"static","presetID":47,"gravityScale":0,"runtime":"Laya.RigidBody"},"compId":5421}]},{"type":"Image","props":{"y":72,"x":16,"width":7,"skin":"Game/UI/MakeTailor/dotted1.png","rotation":-12,"presetID":48,"pivotY":7,"pivotX":4,"name":"V","height":14},"compId":5422,"child":[{"type":"Script","props":{"y":-5,"x":-3,"width":13,"presetID":49,"isSensor":true,"height":24,"runtime":"Laya.BoxCollider"},"compId":5423},{"type":"Script","props":{"type":"static","presetID":50,"gravityScale":0,"runtime":"Laya.RigidBody"},"compId":5424}]},{"type":"Image","props":{"y":93,"x":18,"width":7,"skin":"Game/UI/MakeTailor/dotted1.png","rotation":-1,"presetID":51,"pivotY":7,"pivotX":4,"name":"V","height":14},"compId":5425,"child":[{"type":"Script","props":{"y":-5,"x":-3,"width":13,"presetID":52,"isSensor":true,"height":24,"runtime":"Laya.BoxCollider"},"compId":5426},{"type":"Script","props":{"type":"static","presetID":53,"gravityScale":0,"runtime":"Laya.RigidBody"},"compId":5427}]},{"type":"Image","props":{"y":115,"x":16,"width":7,"skin":"Game/UI/MakeTailor/dotted1.png","rotation":10,"presetID":54,"pivotY":7,"pivotX":4,"name":"V","height":14},"compId":5428,"child":[{"type":"Script","props":{"y":-5,"x":-3,"width":13,"presetID":55,"isSensor":true,"height":24,"runtime":"Laya.BoxCollider"},"compId":5429},{"type":"Script","props":{"type":"static","presetID":56,"gravityScale":0,"runtime":"Laya.RigidBody"},"compId":5430}]},{"type":"Image","props":{"y":136,"x":12,"width":7,"skin":"Game/UI/MakeTailor/dotted1.png","rotation":10,"presetID":57,"pivotY":7,"pivotX":4,"name":"V","height":14},"compId":5431,"child":[{"type":"Script","props":{"y":-5,"x":-3,"width":13,"presetID":58,"isSensor":true,"height":24,"runtime":"Laya.BoxCollider"},"compId":5432},{"type":"Script","props":{"type":"static","presetID":59,"gravityScale":0,"runtime":"Laya.RigidBody"},"compId":5433}]},{"type":"Image","props":{"y":157,"x":8,"width":7,"skin":"Game/UI/MakeTailor/dotted1.png","rotation":10,"presetID":60,"pivotY":7,"pivotX":4,"name":"V","height":14},"compId":5434,"child":[{"type":"Script","props":{"y":-5,"x":-3,"width":13,"presetID":61,"isSensor":true,"height":24,"runtime":"Laya.BoxCollider"},"compId":5435},{"type":"Script","props":{"type":"static","presetID":62,"gravityScale":0,"runtime":"Laya.RigidBody"},"compId":5436}]},{"type":"Image","props":{"y":178,"x":6,"width":7,"skin":"Game/UI/MakeTailor/dotted1.png","rotation":1,"presetID":63,"pivotY":7,"pivotX":4,"name":"V","height":14},"compId":5437,"child":[{"type":"Script","props":{"y":-5,"x":-3,"width":13,"presetID":64,"isSensor":true,"height":24,"runtime":"Laya.BoxCollider"},"compId":5438},{"type":"Script","props":{"type":"static","presetID":65,"gravityScale":0,"runtime":"Laya.RigidBody"},"compId":5439}]},{"type":"Image","props":{"y":199,"x":7,"width":7,"skin":"Game/UI/MakeTailor/dotted1.png","rotation":-6,"presetID":66,"pivotY":7,"pivotX":4,"name":"V","height":14},"compId":5440,"child":[{"type":"Script","props":{"y":-5,"x":-3,"width":13,"presetID":67,"isSensor":true,"height":24,"runtime":"Laya.BoxCollider"},"compId":5441},{"type":"Script","props":{"type":"static","presetID":68,"gravityScale":0,"runtime":"Laya.RigidBody"},"compId":5442}]},{"type":"Image","props":{"y":220,"x":11,"width":7,"skin":"Game/UI/MakeTailor/dotted1.png","rotation":-14,"presetID":69,"pivotY":7,"pivotX":4,"name":"V","height":14},"compId":5443,"child":[{"type":"Script","props":{"y":-5,"x":-3,"width":13,"presetID":70,"isSensor":true,"height":24,"runtime":"Laya.BoxCollider"},"compId":5444},{"type":"Script","props":{"type":"static","presetID":71,"gravityScale":0,"runtime":"Laya.RigidBody"},"compId":5445}]},{"type":"Image","props":{"y":239,"x":17,"width":7,"skin":"Game/UI/MakeTailor/dotted1.png","rotation":-18,"presetID":72,"pivotY":7,"pivotX":4,"name":"V","height":14},"compId":5446,"child":[{"type":"Script","props":{"y":-5,"x":-3,"width":13,"presetID":73,"isSensor":true,"height":24,"runtime":"Laya.BoxCollider"},"compId":5447},{"type":"Script","props":{"type":"static","presetID":74,"gravityScale":0,"runtime":"Laya.RigidBody"},"compId":5448}]},{"type":"Image","props":{"y":259,"x":24,"width":7,"skin":"Game/UI/MakeTailor/dotted1.png","rotation":-21,"presetID":75,"pivotY":7,"pivotX":4,"name":"V","height":14},"compId":5449,"child":[{"type":"Script","props":{"y":-5,"x":-3,"width":13,"presetID":76,"isSensor":true,"height":24,"runtime":"Laya.BoxCollider"},"compId":5450},{"type":"Script","props":{"type":"static","presetID":77,"gravityScale":0,"runtime":"Laya.RigidBody"},"compId":5451}]},{"type":"Image","props":{"y":278,"x":32,"width":7,"skin":"Game/UI/MakeTailor/dotted1.png","rotation":-21,"presetID":78,"pivotY":7,"pivotX":4,"name":"V","height":14},"compId":5452,"child":[{"type":"Script","props":{"y":-5,"x":-3,"width":13,"presetID":79,"isSensor":true,"height":24,"runtime":"Laya.BoxCollider"},"compId":5453},{"type":"Script","props":{"type":"static","presetID":80,"gravityScale":0,"runtime":"Laya.RigidBody"},"compId":5454}]},{"type":"Image","props":{"y":298,"x":40,"width":7,"skin":"Game/UI/MakeTailor/dotted1.png","rotation":-21,"presetID":81,"pivotY":7,"pivotX":4,"name":"V","height":14},"compId":5455,"child":[{"type":"Script","props":{"y":-5,"x":-3,"width":13,"presetID":82,"isSensor":true,"height":24,"runtime":"Laya.BoxCollider"},"compId":5456},{"type":"Script","props":{"type":"static","presetID":83,"gravityScale":0,"runtime":"Laya.RigidBody"},"compId":5457}]},{"type":"Image","props":{"y":318,"x":47,"width":7,"skin":"Game/UI/MakeTailor/dotted1.png","rotation":-15,"presetID":84,"pivotY":7,"pivotX":4,"name":"V","height":14},"compId":5458,"child":[{"type":"Script","props":{"y":-5,"x":-3,"width":13,"presetID":85,"isSensor":true,"height":24,"runtime":"Laya.BoxCollider"},"compId":5459},{"type":"Script","props":{"type":"static","presetID":86,"gravityScale":0,"runtime":"Laya.RigidBody"},"compId":5460}]},{"type":"Image","props":{"y":338,"x":53,"width":7,"skin":"Game/UI/MakeTailor/dotted1.png","rotation":-15,"presetID":87,"pivotY":7,"pivotX":4,"name":"V","height":14},"compId":5461,"child":[{"type":"Script","props":{"y":-5,"x":-3,"width":13,"presetID":88,"isSensor":true,"height":24,"runtime":"Laya.BoxCollider"},"compId":5462},{"type":"Script","props":{"type":"static","presetID":89,"gravityScale":0,"runtime":"Laya.RigidBody"},"compId":5463}]},{"type":"Image","props":{"y":358,"x":59,"width":7,"skin":"Game/UI/MakeTailor/dotted1.png","rotation":-15,"presetID":90,"pivotY":7,"pivotX":4,"name":"V","height":14},"compId":5464,"child":[{"type":"Script","props":{"y":-5,"x":-3,"width":13,"presetID":91,"isSensor":true,"height":24,"runtime":"Laya.BoxCollider"},"compId":5465},{"type":"Script","props":{"type":"static","presetID":92,"gravityScale":0,"runtime":"Laya.RigidBody"},"compId":5466}]},{"type":"Image","props":{"y":379,"x":64,"width":7,"skin":"Game/UI/MakeTailor/dotted1.png","rotation":-15,"presetID":93,"pivotY":7,"pivotX":4,"name":"V","height":14},"compId":5467,"child":[{"type":"Script","props":{"y":-5,"x":-3,"width":13,"presetID":94,"isSensor":true,"height":24,"runtime":"Laya.BoxCollider"},"compId":5468},{"type":"Script","props":{"type":"static","presetID":95,"gravityScale":0,"runtime":"Laya.RigidBody"},"compId":5469}]},{"type":"Image","props":{"y":400,"x":69,"width":7,"skin":"Game/UI/MakeTailor/dotted1.png","rotation":-15,"presetID":96,"pivotY":7,"pivotX":4,"name":"V","height":14},"compId":5470,"child":[{"type":"Script","props":{"y":-5,"x":-3,"width":13,"presetID":97,"isSensor":true,"height":24,"runtime":"Laya.BoxCollider"},"compId":5471},{"type":"Script","props":{"type":"static","presetID":98,"gravityScale":0,"runtime":"Laya.RigidBody"},"compId":5472}]},{"type":"Image","props":{"y":420,"x":75,"width":7,"skin":"Game/UI/MakeTailor/dotted1.png","rotation":-15,"presetID":99,"pivotY":7,"pivotX":4,"name":"V","height":14},"compId":5473,"child":[{"type":"Script","props":{"y":-5,"x":-3,"width":13,"presetID":100,"isSensor":true,"height":24,"runtime":"Laya.BoxCollider"},"compId":5474},{"type":"Script","props":{"type":"static","presetID":101,"gravityScale":0,"runtime":"Laya.RigidBody"},"compId":5475}]},{"type":"Image","props":{"y":441,"x":80,"width":7,"skin":"Game/UI/MakeTailor/dotted1.png","rotation":-15,"presetID":102,"pivotY":7,"pivotX":4,"name":"V","height":14},"compId":5476,"child":[{"type":"Script","props":{"y":-5,"x":-3,"width":13,"presetID":103,"isSensor":true,"height":24,"runtime":"Laya.BoxCollider"},"compId":5477},{"type":"Script","props":{"type":"static","presetID":104,"gravityScale":0,"runtime":"Laya.RigidBody"},"compId":5478}]},{"type":"Image","props":{"y":462,"x":86,"width":7,"skin":"Game/UI/MakeTailor/dotted1.png","rotation":-15,"presetID":105,"pivotY":7,"pivotX":4,"name":"V","height":14},"compId":5479,"child":[{"type":"Script","props":{"y":-5,"x":-3,"width":13,"presetID":106,"isSensor":true,"height":24,"runtime":"Laya.BoxCollider"},"compId":5480},{"type":"Script","props":{"type":"static","presetID":107,"gravityScale":0,"runtime":"Laya.RigidBody"},"compId":5481}]},{"type":"Image","props":{"y":482,"x":91,"width":7,"skin":"Game/UI/MakeTailor/dotted1.png","rotation":-15,"presetID":108,"pivotY":7,"pivotX":4,"name":"V","height":14},"compId":5482,"child":[{"type":"Script","props":{"y":-5,"x":-3,"width":13,"presetID":109,"isSensor":true,"height":24,"runtime":"Laya.BoxCollider"},"compId":5483},{"type":"Script","props":{"type":"static","presetID":110,"gravityScale":0,"runtime":"Laya.RigidBody"},"compId":5484}]},{"type":"Image","props":{"y":502,"x":97,"width":7,"skin":"Game/UI/MakeTailor/dotted1.png","rotation":-15,"presetID":111,"pivotY":7,"pivotX":4,"name":"V","height":14},"compId":5485,"child":[{"type":"Script","props":{"y":-5,"x":-3,"width":13,"presetID":112,"isSensor":true,"height":24,"runtime":"Laya.BoxCollider"},"compId":5486},{"type":"Script","props":{"type":"static","presetID":113,"gravityScale":0,"runtime":"Laya.RigidBody"},"compId":5487}]}]},{"type":"Sprite","props":{"y":107.5,"x":100,"width":96,"texture":"Game/UI/MakeTailor/diy_dress_005_final/x3.png","presetID":114,"name":"Line03","height":510},"compId":2653,"child":[{"type":"Image","props":{"y":9,"x":93,"width":7,"skin":"Game/UI/MakeTailor/dotted1.png","rotation":5,"presetID":115,"pivotY":7,"pivotX":4,"name":"V","height":14},"compId":2744,"child":[{"type":"Script","props":{"y":-4,"x":-3,"width":13,"presetID":116,"isSensor":true,"height":24,"runtime":"Laya.BoxCollider"},"compId":2745},{"type":"Script","props":{"y":1,"x":0,"type":"static","presetID":117,"gravityScale":0,"runtime":"Laya.RigidBody"},"compId":2746}]},{"type":"Image","props":{"y":27,"x":90,"width":7,"skin":"Game/UI/MakeTailor/dotted1.png","rotation":10,"presetID":118,"pivotY":7,"pivotX":4,"name":"V","height":14},"compId":5491,"child":[{"type":"Script","props":{"y":-4,"x":-3,"width":13,"presetID":119,"isSensor":true,"height":24,"runtime":"Laya.BoxCollider"},"compId":5492},{"type":"Script","props":{"y":1,"x":0,"type":"static","presetID":120,"gravityScale":0,"runtime":"Laya.RigidBody"},"compId":5493}]},{"type":"Image","props":{"y":47,"x":86,"width":7,"skin":"Game/UI/MakeTailor/dotted1.png","rotation":12,"presetID":121,"pivotY":7,"pivotX":4,"name":"V","height":14},"compId":5494,"child":[{"type":"Script","props":{"y":-4,"x":-3,"width":13,"presetID":122,"isSensor":true,"height":24,"runtime":"Laya.BoxCollider"},"compId":5495},{"type":"Script","props":{"y":1,"x":0,"type":"static","presetID":123,"gravityScale":0,"runtime":"Laya.RigidBody"},"compId":5496}]},{"type":"Image","props":{"y":67,"x":82,"width":7,"skin":"Game/UI/MakeTailor/dotted1.png","rotation":12,"presetID":124,"pivotY":7,"pivotX":4,"name":"V","height":14},"compId":5497,"child":[{"type":"Script","props":{"y":-4,"x":-3,"width":13,"presetID":125,"isSensor":true,"height":24,"runtime":"Laya.BoxCollider"},"compId":5498},{"type":"Script","props":{"y":1,"x":0,"type":"static","presetID":126,"gravityScale":0,"runtime":"Laya.RigidBody"},"compId":5499}]},{"type":"Image","props":{"y":86,"x":79,"width":7,"skin":"Game/UI/MakeTailor/dotted1.png","rotation":0,"presetID":127,"pivotY":7,"pivotX":4,"name":"V","height":14},"compId":5503,"child":[{"type":"Script","props":{"y":-4,"x":-3,"width":13,"presetID":128,"isSensor":true,"height":24,"runtime":"Laya.BoxCollider"},"compId":5504},{"type":"Script","props":{"y":1,"x":0,"type":"static","presetID":129,"gravityScale":0,"runtime":"Laya.RigidBody"},"compId":5505}]},{"type":"Image","props":{"y":106,"x":80,"width":7,"skin":"Game/UI/MakeTailor/dotted1.png","rotation":-9,"presetID":130,"pivotY":7,"pivotX":4,"name":"V","height":14},"compId":5506,"child":[{"type":"Script","props":{"y":-4,"x":-3,"width":13,"presetID":131,"isSensor":true,"height":24,"runtime":"Laya.BoxCollider"},"compId":5507},{"type":"Script","props":{"y":1,"x":0,"type":"static","presetID":132,"gravityScale":0,"runtime":"Laya.RigidBody"},"compId":5508}]},{"type":"Image","props":{"y":125,"x":83,"width":7,"skin":"Game/UI/MakeTailor/dotted1.png","rotation":-9,"presetID":133,"pivotY":7,"pivotX":4,"name":"V","height":14},"compId":5509,"child":[{"type":"Script","props":{"y":-4,"x":-3,"width":13,"presetID":134,"isSensor":true,"height":24,"runtime":"Laya.BoxCollider"},"compId":5510},{"type":"Script","props":{"y":1,"x":0,"type":"static","presetID":135,"gravityScale":0,"runtime":"Laya.RigidBody"},"compId":5511}]},{"type":"Image","props":{"y":144,"x":87,"width":7,"skin":"Game/UI/MakeTailor/dotted1.png","rotation":-9,"presetID":136,"pivotY":7,"pivotX":4,"name":"V","height":14},"compId":5512,"child":[{"type":"Script","props":{"y":-4,"x":-3,"width":13,"presetID":137,"isSensor":true,"height":24,"runtime":"Laya.BoxCollider"},"compId":5513},{"type":"Script","props":{"y":1,"x":0,"type":"static","presetID":138,"gravityScale":0,"runtime":"Laya.RigidBody"},"compId":5514}]},{"type":"Image","props":{"y":163,"x":90,"width":7,"skin":"Game/UI/MakeTailor/dotted1.png","rotation":-9,"presetID":139,"pivotY":7,"pivotX":4,"name":"V","height":14},"compId":5515,"child":[{"type":"Script","props":{"y":-4,"x":-3,"width":13,"presetID":140,"isSensor":true,"height":24,"runtime":"Laya.BoxCollider"},"compId":5516},{"type":"Script","props":{"y":1,"x":0,"type":"static","presetID":141,"gravityScale":0,"runtime":"Laya.RigidBody"},"compId":5517}]},{"type":"Image","props":{"y":182,"x":92,"width":7,"skin":"Game/UI/MakeTailor/dotted1.png","rotation":2,"presetID":142,"pivotY":7,"pivotX":4,"name":"V","height":14},"compId":5518,"child":[{"type":"Script","props":{"y":-4,"x":-3,"width":13,"presetID":143,"isSensor":true,"height":24,"runtime":"Laya.BoxCollider"},"compId":5519},{"type":"Script","props":{"y":1,"x":0,"type":"static","presetID":144,"gravityScale":0,"runtime":"Laya.RigidBody"},"compId":5520}]},{"type":"Image","props":{"y":202,"x":91,"width":7,"skin":"Game/UI/MakeTailor/dotted1.png","rotation":10,"presetID":145,"pivotY":7,"pivotX":4,"name":"V","height":14},"compId":5521,"child":[{"type":"Script","props":{"y":-4,"x":-3,"width":13,"presetID":146,"isSensor":true,"height":24,"runtime":"Laya.BoxCollider"},"compId":5522},{"type":"Script","props":{"y":1,"x":0,"type":"static","presetID":147,"gravityScale":0,"runtime":"Laya.RigidBody"},"compId":5523}]},{"type":"Image","props":{"y":222,"x":87,"width":7,"skin":"Game/UI/MakeTailor/dotted1.png","rotation":14,"presetID":148,"pivotY":7,"pivotX":4,"name":"V","height":14},"compId":5524,"child":[{"type":"Script","props":{"y":-4,"x":-3,"width":13,"presetID":149,"isSensor":true,"height":24,"runtime":"Laya.BoxCollider"},"compId":5525},{"type":"Script","props":{"y":1,"x":0,"type":"static","presetID":150,"gravityScale":0,"runtime":"Laya.RigidBody"},"compId":5526}]},{"type":"Image","props":{"y":240,"x":81,"width":7,"skin":"Game/UI/MakeTailor/dotted1.png","rotation":22,"presetID":151,"pivotY":7,"pivotX":4,"name":"V","height":14},"compId":5530,"child":[{"type":"Script","props":{"y":-4,"x":-3,"width":13,"presetID":152,"isSensor":true,"height":24,"runtime":"Laya.BoxCollider"},"compId":5531},{"type":"Script","props":{"y":1,"x":0,"type":"static","presetID":153,"gravityScale":0,"runtime":"Laya.RigidBody"},"compId":5532}]},{"type":"Image","props":{"y":259,"x":73,"width":7,"skin":"Game/UI/MakeTailor/dotted1.png","rotation":22,"presetID":154,"pivotY":7,"pivotX":4,"name":"V","height":14},"compId":5533,"child":[{"type":"Script","props":{"y":-4,"x":-3,"width":13,"presetID":155,"isSensor":true,"height":24,"runtime":"Laya.BoxCollider"},"compId":5534},{"type":"Script","props":{"y":1,"x":0,"type":"static","presetID":156,"gravityScale":0,"runtime":"Laya.RigidBody"},"compId":5535}]},{"type":"Image","props":{"y":278,"x":65,"width":7,"skin":"Game/UI/MakeTailor/dotted1.png","rotation":22,"presetID":157,"pivotY":7,"pivotX":4,"name":"V","height":14},"compId":5536,"child":[{"type":"Script","props":{"y":-4,"x":-3,"width":13,"presetID":158,"isSensor":true,"height":24,"runtime":"Laya.BoxCollider"},"compId":5537},{"type":"Script","props":{"y":1,"x":0,"type":"static","presetID":159,"gravityScale":0,"runtime":"Laya.RigidBody"},"compId":5538}]},{"type":"Image","props":{"y":297,"x":58,"width":7,"skin":"Game/UI/MakeTailor/dotted1.png","rotation":22,"presetID":160,"pivotY":7,"pivotX":4,"name":"V","height":14},"compId":5539,"child":[{"type":"Script","props":{"y":-4,"x":-3,"width":13,"presetID":161,"isSensor":true,"height":24,"runtime":"Laya.BoxCollider"},"compId":5540},{"type":"Script","props":{"y":1,"x":0,"type":"static","presetID":162,"gravityScale":0,"runtime":"Laya.RigidBody"},"compId":5541}]},{"type":"Image","props":{"y":316,"x":51,"width":7,"skin":"Game/UI/MakeTailor/dotted1.png","rotation":17,"presetID":163,"pivotY":7,"pivotX":4,"name":"V","height":14},"compId":5542,"child":[{"type":"Script","props":{"y":-4,"x":-3,"width":13,"presetID":164,"isSensor":true,"height":24,"runtime":"Laya.BoxCollider"},"compId":5543},{"type":"Script","props":{"y":1,"x":0,"type":"static","presetID":165,"gravityScale":0,"runtime":"Laya.RigidBody"},"compId":5544}]},{"type":"Image","props":{"y":335,"x":45,"width":7,"skin":"Game/UI/MakeTailor/dotted1.png","rotation":17,"presetID":166,"pivotY":7,"pivotX":4,"name":"V","height":14},"compId":5545,"child":[{"type":"Script","props":{"y":-4,"x":-3,"width":13,"presetID":167,"isSensor":true,"height":24,"runtime":"Laya.BoxCollider"},"compId":5546},{"type":"Script","props":{"y":1,"x":0,"type":"static","presetID":168,"gravityScale":0,"runtime":"Laya.RigidBody"},"compId":5547}]},{"type":"Image","props":{"y":354,"x":40,"width":7,"skin":"Game/UI/MakeTailor/dotted1.png","rotation":15,"presetID":169,"pivotY":7,"pivotX":4,"name":"V","height":14},"compId":5548,"child":[{"type":"Script","props":{"y":-4,"x":-3,"width":13,"presetID":170,"isSensor":true,"height":24,"runtime":"Laya.BoxCollider"},"compId":5549},{"type":"Script","props":{"y":1,"x":0,"type":"static","presetID":171,"gravityScale":0,"runtime":"Laya.RigidBody"},"compId":5550}]},{"type":"Image","props":{"y":374,"x":35,"width":7,"skin":"Game/UI/MakeTailor/dotted1.png","rotation":15,"presetID":172,"pivotY":7,"pivotX":4,"name":"V","height":14},"compId":5551,"child":[{"type":"Script","props":{"y":-4,"x":-3,"width":13,"presetID":173,"isSensor":true,"height":24,"runtime":"Laya.BoxCollider"},"compId":5552},{"type":"Script","props":{"y":1,"x":0,"type":"static","presetID":174,"gravityScale":0,"runtime":"Laya.RigidBody"},"compId":5553}]},{"type":"Image","props":{"y":393,"x":30,"width":7,"skin":"Game/UI/MakeTailor/dotted1.png","rotation":16,"presetID":175,"pivotY":7,"pivotX":4,"name":"V","height":14},"compId":5554,"child":[{"type":"Script","props":{"y":-4,"x":-3,"width":13,"presetID":176,"isSensor":true,"height":24,"runtime":"Laya.BoxCollider"},"compId":5555},{"type":"Script","props":{"y":1,"x":0,"type":"static","presetID":177,"gravityScale":0,"runtime":"Laya.RigidBody"},"compId":5556}]},{"type":"Image","props":{"y":412,"x":25,"width":7,"skin":"Game/UI/MakeTailor/dotted1.png","rotation":16,"presetID":178,"pivotY":7,"pivotX":4,"name":"V","height":14},"compId":5557,"child":[{"type":"Script","props":{"y":-4,"x":-3,"width":13,"presetID":179,"isSensor":true,"height":24,"runtime":"Laya.BoxCollider"},"compId":5558},{"type":"Script","props":{"y":1,"x":0,"type":"static","presetID":180,"gravityScale":0,"runtime":"Laya.RigidBody"},"compId":5559}]},{"type":"Image","props":{"y":431,"x":20,"width":7,"skin":"Game/UI/MakeTailor/dotted1.png","rotation":16,"presetID":181,"pivotY":7,"pivotX":4,"name":"V","height":14},"compId":5560,"child":[{"type":"Script","props":{"y":-4,"x":-3,"width":13,"presetID":182,"isSensor":true,"height":24,"runtime":"Laya.BoxCollider"},"compId":5561},{"type":"Script","props":{"y":1,"x":0,"type":"static","presetID":183,"gravityScale":0,"runtime":"Laya.RigidBody"},"compId":5562}]},{"type":"Image","props":{"y":450,"x":15,"width":7,"skin":"Game/UI/MakeTailor/dotted1.png","rotation":15,"presetID":184,"pivotY":7,"pivotX":4,"name":"V","height":14},"compId":5563,"child":[{"type":"Script","props":{"y":-4,"x":-3,"width":13,"presetID":185,"isSensor":true,"height":24,"runtime":"Laya.BoxCollider"},"compId":5564},{"type":"Script","props":{"y":1,"x":0,"type":"static","presetID":186,"gravityScale":0,"runtime":"Laya.RigidBody"},"compId":5565}]},{"type":"Image","props":{"y":469,"x":10,"width":7,"skin":"Game/UI/MakeTailor/dotted1.png","rotation":15,"presetID":187,"pivotY":7,"pivotX":4,"name":"V","height":14},"compId":5566,"child":[{"type":"Script","props":{"y":-4,"x":-3,"width":13,"presetID":188,"isSensor":true,"height":24,"runtime":"Laya.BoxCollider"},"compId":5567},{"type":"Script","props":{"y":1,"x":0,"type":"static","presetID":189,"gravityScale":0,"runtime":"Laya.RigidBody"},"compId":5568}]},{"type":"Image","props":{"y":489,"x":5,"width":7,"skin":"Game/UI/MakeTailor/dotted1.png","rotation":15,"presetID":190,"pivotY":7,"pivotX":4,"name":"V","height":14},"compId":5569,"child":[{"type":"Script","props":{"y":-4,"x":-3,"width":13,"presetID":191,"isSensor":true,"height":24,"runtime":"Laya.BoxCollider"},"compId":5570},{"type":"Script","props":{"y":1,"x":0,"type":"static","presetID":192,"gravityScale":0,"runtime":"Laya.RigidBody"},"compId":5571}]},{"type":"Image","props":{"y":505,"x":1,"width":7,"skin":"Game/UI/MakeTailor/dotted1.png","rotation":15,"presetID":193,"pivotY":7,"pivotX":4,"name":"V","height":10},"compId":5572,"child":[{"type":"Script","props":{"y":-4,"x":-3,"width":13,"presetID":194,"isSensor":true,"height":16,"runtime":"Laya.BoxCollider"},"compId":5573},{"type":"Script","props":{"y":1,"x":0,"type":"static","presetID":195,"gravityScale":0,"runtime":"Laya.RigidBody"},"compId":5574}]}]}]}],"loadList":["Game/UI/MakeTailor/diy_dress_005_final/s3.png","Game/UI/MakeTailor/diy_dress_005_final/s2.png","Game/UI/MakeTailor/diy_dress_005_final/s1.png","Game/UI/MakeTailor/diy_dress_005_final/q1.png","Game/UI/MakeTailor/diy_dress_005_final/x1.png","Game/UI/MakeTailor/dotted1.png","Game/UI/MakeTailor/diy_dress_005_final/x2.png","Game/UI/MakeTailor/diy_dress_005_final/x3.png"],"loadList3D":[]}