{"type":"Box","props":{"y":0,"x":0,"width":110,"visible":false,"scaleY":1,"scaleX":1,"presetID":1,"name":"NativeRoot","isPresetRoot":true,"height":110,"centerY":0,"centerX":0},"compId":4485,"child":[{"type":"Image","props":{"top":0,"sizeGrid":"26,25,22,26","right":0,"presetID":2,"left":0,"bottom":0,"alpha":0.3},"compId":4486},{"type":"Image","props":{"top":0,"sizeGrid":"40,26,21,35","right":0,"presetID":3,"left":0,"bottom":0},"compId":4487},{"type":"Box","props":{"width":284,"top":0,"scaleY":1,"scaleX":1,"right":0,"presetID":4,"pivotY":194.5,"pivotX":222.5,"name":"nativeNode","left":1,"height":276,"bottom":0,"anchorY":0.5,"anchorX":0.5},"compId":4488,"child":[{"type":"Image","props":{"visible":false,"top":0,"sizeGrid":"50,50,50,50","right":0,"presetID":5,"left":0,"bottom":0},"compId":4489},{"type":"Image","props":{"width":600,"visible":false,"top":-1,"sizeGrid":"38,38,36,42","right":0,"presetID":6,"name":"Contant","left":0,"height":277,"bottom":0},"compId":4490},{"type":"Image","props":{"x":0,"width":110,"visible":true,"presetID":7,"height":110},"compId":4491},{"type":"Image","props":{"width":110,"visible":true,"skin":"TJ/Promo/image/jx8.png","presetID":8,"name":"Icon","height":110,"centerY":0,"centerX":0},"compId":4492},{"type":"Text","props":{"y":-7,"x":154,"wordWrap":false,"width":350,"visible":false,"valign":"middle","text":"广告名字","presetID":9,"name":"Title","height":81,"fontSize":30,"color":"#000000","align":"left","runtime":"Laya.Text"},"compId":4493},{"type":"Text","props":{"y":25,"x":154,"wordWrap":false,"width":383,"visible":false,"valign":"middle","text":"广告内容广告内容广告内容","presetID":10,"name":"Des","height":125,"fontSize":30,"color":"#000000","align":"left","runtime":"Laya.Text"},"compId":4494},{"type":"Image","props":{"visible":true,"skin":"TJ/Promo/image/yuansheng2.png","right":0,"presetID":11,"bottom":0},"compId":4495}]},{"type":"Box","props":{"width":285,"top":0,"right":0,"presetID":12,"name":"defaultNode","left":0,"height":276,"bottom":0},"compId":4496},{"type":"Image","props":{"visible":true,"top":0,"skin":"Game/UI/BackHint/guanbi.png","scaleY":0.5,"scaleX":0.5,"right":0,"presetID":13,"name":"Close"},"compId":4497},{"type":"Script","props":{"presetID":14,"runtime":"TJ/NativeAd.ts"},"compId":4498}],"loadList":["TJ/Promo/image/jx8.png","TJ/Promo/image/yuansheng2.png","Game/UI/BackHint/guanbi.png"],"loadList3D":[]}