{"type":"View","props":{"width":1280,"height":720},"compId":2,"child":[{"type":"Image","props":{"var":"Background","top":0,"skin":"Lwg/UI/ui_orthogon_black_0.7.png","sizeGrid":"5,6,5,10","right":0,"name":"Background","left":0,"bottom":0,"alpha":0.7},"compId":16},{"type":"Image","props":{"y":360,"x":640,"var":"Content","skin":"Game/UI/AdsHint/di.png","sizeGrid":"142,37,219,50","name":"Content","centerY":0,"centerX":0,"anchorY":0.5,"anchorX":0.5},"compId":3,"child":[{"type":"Sprite","props":{"y":22,"x":315,"texture":"Game/UI/AdsHint/tishi.png"},"compId":21},{"type":"Sprite","props":{"y":201,"x":139,"texture":"Game/UI/AdsHint/guankan.png"},"compId":20},{"type":"Image","props":{"y":430,"width":166,"var":"BtnConfirm","skin":"Game/UI/Common/anniu.png","pivotY":36,"pivotX":83,"name":"BtnConfirm","height":72,"centerX":0},"compId":6,"child":[{"type":"Sprite","props":{"y":17,"x":46.5,"texture":"Game/UI/AdsHint/haode.png"},"compId":11}]},{"type":"Sprite","props":{"y":110,"x":774,"width":87,"var":"BtnClose","texture":"Game/UI/Common/guanbi.png","pivotY":37,"pivotX":44,"name":"BtnClose","height":74},"compId":8}]}],"loadList":["Lwg/UI/ui_orthogon_black_0.7.png","Game/UI/AdsHint/di.png","Game/UI/AdsHint/tishi.png","Game/UI/AdsHint/guankan.png","Game/UI/Common/anniu.png","Game/UI/AdsHint/haode.png","Game/UI/Common/guanbi.png"],"loadList3D":[]}