{"type":"View","props":{"width":1280,"height":720},"compId":2,"child":[{"type":"Image","props":{"var":"Background","top":0,"skin":"Lwg/UI/ui_orthogon_black_0.7.png","sizeGrid":"5,6,5,10","right":0,"name":"Background","left":0,"bottom":0,"alpha":0.7},"compId":16},{"type":"Image","props":{"y":360,"x":640,"var":"Content","skin":"Game/UI/BackHint/di2.png","sizeGrid":"142,37,219,50","name":"Content","centerY":0,"centerX":0,"anchorY":0.5,"anchorX":0.5},"compId":3,"child":[{"type":"Box","props":{"width":566,"visible":false,"var":"NativeRoot","scaleY":1,"scaleX":1,"name":"NativeRoot","height":368,"centerX":0,"bottom":41},"compId":34,"child":[{"type":"Image","props":{"top":0,"sizeGrid":"26,25,22,26","right":0,"left":0,"bottom":0,"alpha":0.3},"compId":35},{"type":"Image","props":{"top":0,"sizeGrid":"40,26,21,35","right":0,"left":0,"bottom":0},"compId":36},{"type":"Box","props":{"width":284,"top":0,"scaleY":1,"scaleX":1,"right":0,"pivotY":194.5,"pivotX":222.5,"name":"nativeNode","left":1,"height":276,"bottom":0,"anchorY":0.5,"anchorX":0.5},"compId":37,"child":[{"type":"Image","props":{"visible":false,"top":0,"sizeGrid":"50,50,50,50","right":0,"left":0,"bottom":0},"compId":38},{"type":"Image","props":{"width":600,"visible":false,"top":-1,"sizeGrid":"38,38,36,42","right":0,"name":"Contant","left":0,"height":277,"bottom":0},"compId":39},{"type":"Image","props":{"width":160,"visible":true,"left":204,"height":160,"centerY":-87,"centerX":1},"compId":40},{"type":"Image","props":{"width":160,"visible":true,"skin":"TJ/Promo/image/jx8.png","name":"Icon","height":160,"centerY":-87,"centerX":0},"compId":41},{"type":"Text","props":{"y":192,"x":109,"wordWrap":true,"width":350,"visible":true,"valign":"middle","text":"广告名字","name":"Title","height":35,"fontSize":30,"color":"#000000","bold":true,"align":"center","runtime":"Laya.Text"},"compId":42},{"type":"Text","props":{"y":233,"x":27,"wordWrap":true,"width":519,"visible":true,"valign":"middle","text":"广告内容广告内容广告内容","name":"Des","height":54,"fontSize":30,"color":"#000000","align":"center","runtime":"Laya.Text"},"compId":43},{"type":"Image","props":{"visible":true,"skin":"TJ/Promo/image/yuansheng2.png","right":511,"bottom":339},"compId":44}]},{"type":"Box","props":{"width":285,"top":0,"right":0,"name":"defaultNode","left":0,"height":276,"bottom":0},"compId":45},{"type":"Image","props":{"visible":true,"top":0,"skin":"Game/UI/BackHint/guanbi.png","scaleY":1,"scaleX":1,"right":0,"name":"Close"},"compId":46},{"type":"Script","props":{"runtime":"TJ/NativeAd.ts"},"compId":47}]},{"type":"Image","props":{"y":359,"x":416,"width":168,"var":"BtnContinue","skin":"Game/UI/BackHint/jixu.png","name":"BtnContinue","height":77,"anchorY":0.5,"anchorX":0.5},"compId":23},{"type":"Image","props":{"y":359,"x":200,"var":"BtnLeave","skin":"Game/UI/BackHint/likai.png","name":"BtnLeave","anchorY":0.5,"anchorX":0.5},"compId":25},{"type":"Image","props":{"width":52,"visible":true,"var":"BtnClose","top":21,"skin":"Game/UI/BackHint/guanbi.png","scaleY":1,"scaleX":1,"right":27,"pivotY":28,"pivotX":26,"name":"BtnClose","height":56},"compId":50}]}],"loadList":["Lwg/UI/ui_orthogon_black_0.7.png","Game/UI/BackHint/di2.png","TJ/Promo/image/jx8.png","TJ/Promo/image/yuansheng2.png","Game/UI/BackHint/guanbi.png","Game/UI/BackHint/jixu.png","Game/UI/BackHint/likai.png"],"loadList3D":[]}