{"type":"View","props":{"width":1280,"height":720},"compId":2,"child":[{"type":"Image","props":{"var":"Background","top":0,"skin":"Lwg/UI/ui_orthogon_black_0.7.png","sizeGrid":"11,11,12,9","name":"Background","left":0},"compId":4},{"type":"Image","props":{"width":912,"var":"Content","name":"Content","height":646,"centerY":19,"centerX":0,"anchorY":0.5,"anchorX":0.5},"compId":21,"child":[{"type":"Image","props":{"y":0,"x":0,"top":0,"skin":"Game/UI/Tweeting/ChoosePhotos/kuang.png","sizeGrid":"83,91,108,96","right":0,"left":0,"bottom":0},"compId":5,"child":[{"type":"Image","props":{"y":29,"x":24,"width":867,"skin":"Game/UI/Common/kuang2.png","sizeGrid":"158,193,126,197","height":590},"compId":51}]},{"type":"Image","props":{"y":-19.5,"width":443,"skin":"Game/UI/ChekIn/ding.png","height":97,"centerX":0},"compId":41,"child":[{"type":"Image","props":{"skin":"Game/UI/ChekIn/menghuan.png","centerY":-5,"centerX":0},"compId":42}]},{"type":"Image","props":{"var":"BtnClose","top":47,"skin":"Game/UI/Common/guanbi.png","right":-54,"name":"BtnClose","anchorY":0.5,"anchorX":0.5},"compId":22},{"type":"List","props":{"width":830,"var":"List","spaceY":20,"rotation":0,"right":41,"repeatY":1,"repeatX":4,"name":"List","left":41,"height":494,"centerY":40},"compId":11,"child":[{"type":"Box","props":{"y":0,"x":0,"width":167,"renderType":"render","height":463},"compId":12,"child":[{"type":"Label","props":{"y":35,"width":86,"valign":"middle","text":"第一天","name":"DayNum","height":40,"fontSize":25,"color":"#a56c0a","centerX":0,"bold":true,"align":"center"},"compId":23},{"type":"Image","props":{"y":144,"x":105,"skin":"Game/UI/ChekIn/k_nei.png","sizeGrid":"37,22,34,18","name":"Reward","centerX":0,"anchorY":0.5,"anchorX":0.5},"compId":31,"child":[{"type":"Image","props":{"skin":"Game/UI/Common/anniu_huang.png","name":"Icon","centerY":0,"centerX":0},"compId":62},{"type":"Label","props":{"width":98,"visible":false,"valign":"middle","text":"已领取","strokeColor":"#1f622c","stroke":2,"rotation":-10,"name":"Already","height":37,"fontSize":20,"color":"#ffffff","centerY":10,"centerX":-2,"bold":true,"bgColor":"#90bc58","align":"center"},"compId":35}]},{"type":"Image","props":{"y":325,"width":124,"skin":"Game/UI/ChekIn/k_nei.png","sizeGrid":"37,0,34,0","name":"AdsReward","height":123,"centerX":0,"anchorY":0.5,"anchorX":0.5},"compId":32,"child":[{"type":"Image","props":{"skin":"Game/UI/Common/anniu_lan.png","name":"Icon","centerY":0,"centerX":0},"compId":63},{"type":"Label","props":{"y":0,"x":0,"width":98,"visible":false,"valign":"middle","text":"已领取","strokeColor":"#1f622c","stroke":2,"rotation":-10,"name":"Already","height":37,"fontSize":20,"color":"#ffffff","centerY":10,"centerX":-2,"bold":true,"bgColor":"#90bc58","align":"center"},"compId":104}]},{"type":"Image","props":{"y":430,"x":83,"skin":"Game/UI/ChekIn/anniu_zi.png","name":"BtnAdsReward","centerX":0,"anchorY":0.5,"anchorX":0.5},"compId":46,"child":[{"type":"Image","props":{"y":13,"x":20,"skin":"Game/UI/ChekIn/shipin.png"},"compId":64},{"type":"Image","props":{"skin":"Game/UI/ChekIn/lq.png","centerY":-3,"centerX":17},"compId":47}]}]}]},{"type":"Image","props":{"y":107,"var":"BtnImmediately","skin":"Game/UI/ChekIn/anniu_cheng.png","sizeGrid":"23,36,30,25","right":89,"name":"BtnImmediately","anchorY":0.5,"anchorX":0.5},"compId":26,"child":[{"type":"Label","props":{"width":44,"var":"ImmediatelyNum","valign":"middle","text":"0/4 ","strokeColor":"#c13e00","stroke":3,"name":"ImmediatelyNum","height":39,"fontSize":22,"color":"#ffffff","centerY":-3,"centerX":-46,"bold":true,"align":"center"},"compId":27},{"type":"Sprite","props":{"y":15,"x":61,"texture":"Game/UI/ChekIn/liji.png"},"compId":48}]},{"type":"Image","props":{"y":349,"width":731,"skin":"Game/UI/ChekIn/hx.png","height":3,"centerX":0},"compId":44},{"type":"Label","props":{"y":92,"width":352,"var":"Tip","valign":"middle","text":"观看广告立即解锁全部奖励","name":"Tip","height":35,"fontSize":28,"color":"#a56c0a","centerX":0,"bold":true,"align":"center"},"compId":109},{"type":"Box","props":{"y":116.5,"x":698,"width":167,"renderType":"render","height":463},"compId":76,"child":[{"type":"Image","props":{"y":144,"x":105,"skin":"Game/UI/ChekIn/k_nei.png","sizeGrid":"37,0,34,0","name":"Reward","centerX":0,"anchorY":0.5,"anchorX":0.5},"compId":78},{"type":"Image","props":{"y":325,"width":124,"skin":"Game/UI/ChekIn/k_nei.png","sizeGrid":"37,0,34,0","name":"AdsReward","height":123,"centerX":0,"anchorY":0.5,"anchorX":0.5},"compId":81,"child":[{"type":"Image","props":{"skin":"Game/UI/ChekIn/_.png","centerY":0,"centerX":0},"compId":87}]},{"type":"Image","props":{"y":415,"width":96,"skin":"Game/UI/ChekIn/jq.png","height":23,"centerX":0},"compId":88},{"type":"Box","props":{"width":110,"visible":false,"scaleY":1,"scaleX":1,"name":"NativeRoot","height":110,"centerY":-88,"centerX":0},"compId":89,"child":[{"type":"Image","props":{"top":0,"sizeGrid":"26,25,22,26","right":0,"left":0,"bottom":0,"alpha":0.3},"compId":90},{"type":"Image","props":{"top":0,"sizeGrid":"40,26,21,35","right":0,"left":0,"bottom":0},"compId":91},{"type":"Box","props":{"width":284,"top":0,"scaleY":1,"scaleX":1,"right":0,"pivotY":194.5,"pivotX":222.5,"name":"nativeNode","left":1,"height":276,"bottom":0,"anchorY":0.5,"anchorX":0.5},"compId":92,"child":[{"type":"Image","props":{"visible":false,"top":0,"sizeGrid":"50,50,50,50","right":0,"left":0,"bottom":0},"compId":93},{"type":"Image","props":{"width":600,"visible":false,"top":-1,"sizeGrid":"38,38,36,42","right":0,"name":"Contant","left":0,"height":277,"bottom":0},"compId":94},{"type":"Image","props":{"x":0,"width":110,"visible":true,"height":110},"compId":95},{"type":"Image","props":{"width":110,"visible":true,"skin":"TJ/Promo/image/jx8.png","name":"Icon","height":110,"centerY":0,"centerX":0},"compId":96},{"type":"Text","props":{"y":-7,"x":154,"wordWrap":false,"width":350,"visible":false,"valign":"middle","text":"广告名字","name":"Title","height":81,"fontSize":30,"color":"#000000","align":"left","runtime":"Laya.Text"},"compId":97},{"type":"Text","props":{"y":25,"x":154,"wordWrap":false,"width":383,"visible":false,"valign":"middle","text":"广告内容广告内容广告内容","name":"Des","height":125,"fontSize":30,"color":"#000000","align":"left","runtime":"Laya.Text"},"compId":98},{"type":"Image","props":{"visible":true,"skin":"TJ/Promo/image/yuansheng2.png","right":0,"bottom":0},"compId":99}]},{"type":"Box","props":{"width":285,"top":0,"right":0,"name":"defaultNode","left":0,"height":276,"bottom":0},"compId":100},{"type":"Image","props":{"width":52,"visible":true,"top":0,"skin":"Game/UI/BackHint/guanbi.png","scaleY":0.5,"scaleX":0.5,"right":0,"pivotY":28,"pivotX":26,"name":"Close","height":56},"compId":101},{"type":"Script","props":{"runtime":"TJ/NativeAd.ts"},"compId":102}]}]},{"type":"Sprite","props":{"y":260,"x":126,"width":80,"visible":false,"var":"GuideTab1","texture":"Game/UI/Common/anniu_lan.png","pivotY":46,"pivotX":40,"name":"GuideTab1","height":92},"compId":110},{"type":"Sprite","props":{"y":441,"x":125,"width":80,"visible":false,"var":"GuideTab2","texture":"Game/UI/Common/anniu_lan.png","pivotY":46,"pivotX":40,"name":"GuideTab2","height":92},"compId":111}]}],"loadList":["Lwg/UI/ui_orthogon_black_0.7.png","Game/UI/Tweeting/ChoosePhotos/kuang.png","Game/UI/Common/kuang2.png","Game/UI/ChekIn/ding.png","Game/UI/ChekIn/menghuan.png","Game/UI/Common/guanbi.png","Game/UI/ChekIn/k_nei.png","Game/UI/Common/anniu_huang.png","Game/UI/Common/anniu_lan.png","Game/UI/ChekIn/anniu_zi.png","Game/UI/ChekIn/shipin.png","Game/UI/ChekIn/lq.png","Game/UI/ChekIn/anniu_cheng.png","Game/UI/ChekIn/liji.png","Game/UI/ChekIn/hx.png","Game/UI/ChekIn/_.png","Game/UI/ChekIn/jq.png","TJ/Promo/image/jx8.png","TJ/Promo/image/yuansheng2.png","Game/UI/BackHint/guanbi.png"],"loadList3D":[]}