{"type":"View","props":{"width":1280,"height":720},"compId":2,"child":[{"type":"Image","props":{"zOrder":150,"y":20,"x":1095,"width":240,"var":"Operation","name":"Operation","height":682},"compId":45,"child":[{"type":"Image","props":{"y":0,"x":-60,"skin":"Game/UI/Common/di.png","sizeGrid":"0,10,0,223"},"compId":46},{"type":"Image","props":{"y":84,"x":112,"width":95,"var":"Part","name":"Part","height":637},"compId":54,"child":[{"type":"Image","props":{"y":0,"x":0,"var":"DIY","skin":"Game/UI/Common/kuang_bai.png","name":"DIY"},"compId":55,"child":[{"type":"Image","props":{"skin":"Game/UI/DressingRoom/PartIcon/DIY.png","centerY":0,"centerX":0},"compId":57}]},{"type":"Image","props":{"y":83,"x":0,"var":"Dress","skin":"Game/UI/Common/kuang_bai.png","name":"Dress"},"compId":58,"child":[{"type":"Image","props":{"skin":"Game/UI/DressingRoom/PartIcon/Dress.png","centerY":0,"centerX":0},"compId":59}]},{"type":"Image","props":{"y":166,"x":0,"var":"Top","skin":"Game/UI/Common/kuang_bai.png","name":"Top"},"compId":60,"child":[{"type":"Image","props":{"skin":"Game/UI/DressingRoom/PartIcon/Top.png","centerY":0,"centerX":0},"compId":61}]},{"type":"Image","props":{"y":249,"x":0,"var":"Bottoms","skin":"Game/UI/Common/kuang_bai.png","name":"Bottoms"},"compId":62,"child":[{"type":"Image","props":{"skin":"Game/UI/DressingRoom/PartIcon/Bottoms.png","centerY":0,"centerX":0},"compId":63}]},{"type":"Image","props":{"y":329,"x":117,"visible":false,"var":"FaceMask","skin":"Game/UI/Common/kuang_bai.png","name":"FaceMask"},"compId":64,"child":[{"type":"Image","props":{"skin":"Game/UI/DressingRoom/PartIcon/FaceMask.png","centerY":0,"centerX":0},"compId":65}]},{"type":"Image","props":{"y":332,"x":0,"var":"Shoes","skin":"Game/UI/Common/kuang_bai.png","name":"Shoes"},"compId":66,"child":[{"type":"Image","props":{"skin":"Game/UI/DressingRoom/PartIcon/Shoes.png","centerY":0,"centerX":0},"compId":67}]},{"type":"Image","props":{"y":419,"x":117,"visible":false,"var":"Accessories","skin":"Game/UI/Common/kuang_bai.png","name":"Accessories"},"compId":68,"child":[{"type":"Image","props":{"skin":"Game/UI/DressingRoom/PartIcon/Accessories.png","centerY":0,"centerX":0},"compId":69}]}]},{"type":"Image","props":{"y":67,"x":-53,"width":173,"skin":"Game/UI/Common/kuang.png","sizeGrid":"71,0,198,0","height":606},"compId":47},{"type":"List","props":{"y":84,"x":-47,"width":159,"var":"List","spaceY":0,"rotation":0,"repeatY":4,"name":"List","height":555},"compId":48,"child":[{"type":"Box","props":{"y":88,"x":80,"width":160,"renderType":"render","pivotY":88,"pivotX":80,"height":175},"compId":49,"child":[{"type":"Image","props":{"skin":"Game/UI/Common/xuanzhong.png","sizeGrid":"9,12,14,13","name":"Board","centerY":0,"centerX":0},"compId":50},{"type":"Image","props":{"width":77,"skin":"Lwg/UI/ui_orthogon_cycn.png","name":"Icon","height":81,"centerY":0,"centerX":0},"compId":51},{"type":"Box","props":{"y":0,"x":0,"width":110,"visible":false,"scaleY":1,"scaleX":1,"name":"NativeRoot","height":110,"centerY":0,"centerX":0},"compId":154,"child":[{"type":"Image","props":{"top":0,"sizeGrid":"26,25,22,26","right":0,"left":0,"bottom":0,"alpha":0.3},"compId":155},{"type":"Image","props":{"top":0,"sizeGrid":"40,26,21,35","right":0,"left":0,"bottom":0},"compId":156},{"type":"Box","props":{"width":284,"top":0,"scaleY":1,"scaleX":1,"right":0,"pivotY":194.5,"pivotX":222.5,"name":"nativeNode","left":1,"height":276,"bottom":0,"anchorY":0.5,"anchorX":0.5},"compId":157,"child":[{"type":"Image","props":{"visible":false,"top":0,"sizeGrid":"50,50,50,50","right":0,"left":0,"bottom":0},"compId":158},{"type":"Image","props":{"width":600,"visible":false,"top":-1,"sizeGrid":"38,38,36,42","right":0,"name":"Contant","left":0,"height":277,"bottom":0},"compId":159},{"type":"Image","props":{"x":0,"width":110,"visible":true,"height":110},"compId":160},{"type":"Image","props":{"width":110,"visible":true,"skin":"TJ/Promo/image/jx8.png","name":"Icon","height":110,"centerY":0,"centerX":0},"compId":161},{"type":"Text","props":{"y":-7,"x":154,"wordWrap":false,"width":350,"visible":false,"valign":"middle","text":"广告名字","name":"Title","height":81,"fontSize":30,"color":"#000000","align":"left","runtime":"Laya.Text"},"compId":162},{"type":"Text","props":{"y":25,"x":154,"wordWrap":false,"width":383,"visible":false,"valign":"middle","text":"广告内容广告内容广告内容","name":"Des","height":125,"fontSize":30,"color":"#000000","align":"left","runtime":"Laya.Text"},"compId":163},{"type":"Image","props":{"visible":true,"skin":"TJ/Promo/image/yuansheng2.png","right":0,"bottom":0},"compId":164}]},{"type":"Box","props":{"width":285,"top":0,"right":0,"name":"defaultNode","left":0,"height":276,"bottom":0},"compId":165},{"type":"Image","props":{"width":52,"visible":true,"top":0,"skin":"Game/UI/BackHint/guanbi.png","scaleY":0.5,"scaleX":0.5,"right":0,"pivotY":28,"pivotX":26,"name":"Close","height":56},"compId":166},{"type":"Script","props":{"runtime":"TJ/NativeAd.ts"},"compId":167}]},{"type":"Image","props":{"y":10,"x":12,"skin":"Game/UI/Common/juxing.png","name":"Mask"},"compId":168},{"type":"Image","props":{"y":0,"x":0,"width":36,"visible":false,"skin":"Game/UI/Common/shipin.png","name":"AdsSign","centerY":0,"centerX":0},"compId":169}]}]},{"type":"Image","props":{"y":48,"x":-108,"width":80,"var":"BtnComplete","skin":"Game/UI/Common/anniu_lv.png","sizeGrid":"16,9,9,15","pivotY":46,"pivotX":40,"name":"BtnComplete","height":92},"compId":52,"child":[{"type":"Image","props":{"y":21,"x":17.5,"skin":"Game/UI/Common/duihao.png"},"compId":53}]}]},{"type":"Sprite","props":{"zOrder":10,"y":75,"x":300,"var":"Mirror","texture":"Game/UI/DressingRoom/ludijing.png","name":"Mirror"},"compId":92,"child":[{"type":"Sprite","props":{"y":-43,"x":243,"width":266,"var":"MirrorSurface","texture":"Lwg/UI/ui_orthogon_cycn.png","skewX":0,"scaleX":-1,"rotation":-10,"name":"MirrorSurface","height":592},"compId":93,"child":[{"type":"Sprite","props":{"y":31,"x":192,"width":216,"texture":"Game/UI/DressingRoom/jingzimian.png","scaleX":-1,"rotation":-10,"renderType":"mask","height":530},"compId":94}]}]},{"type":"Box","props":{"zOrder":1000,"y":0,"x":0,"width":1,"visible":true,"name":"P405","left":-2,"height":1,"centerY":0,"anchorY":0.5,"anchorX":0.5},"compId":97,"child":[{"type":"Box","props":{"width":1,"name":"move","height":1,"centerY":0,"centerX":0,"anchorY":0.5,"anchorX":0.5},"compId":107,"child":[{"type":"Box","props":{"width":1,"name":"button","height":1,"centerY":-47,"centerX":0,"anchorY":0.5,"anchorX":0.5},"compId":108,"child":[{"type":"Button","props":{"y":50,"x":45,"width":90,"name":"show","height":100,"centerY":0,"centerX":44,"anchorY":0.5,"anchorX":0.5},"compId":109,"child":[{"type":"Image","props":{"width":89,"skin":"TJ/Promo/image/gdyx3.png","height":100,"centerY":0,"centerX":0,"anchorY":0.5,"anchorX":0.5},"compId":110,"child":[{"type":"Image","props":{"width":29,"skin":"TJ/Promo/image/tishi.png","height":32,"centerY":-46,"centerX":46,"anchorY":0.5,"anchorX":0.5},"compId":111}]},{"type":"Script","props":{"runtime":"TJ/Promo/script/ButtonScale.ts"},"compId":112}]},{"type":"Button","props":{"y":50,"x":45,"width":90,"visible":false,"name":"hide","height":100,"centerY":0,"centerX":44,"anchorY":0.5,"anchorX":0.5},"compId":113,"child":[{"type":"Image","props":{"width":89,"skin":"TJ/Promo/image/gdyx3.png","height":100,"centerY":0,"centerX":0,"anchorY":0.5,"anchorX":0.5},"compId":114},{"type":"Script","props":{"runtime":"TJ/Promo/script/ButtonScale.ts"},"compId":115}]}]},{"type":"Box","props":{"width":560,"name":"board","height":720,"centerY":0,"centerX":-280,"anchorY":0.5,"anchorX":0.5},"compId":116,"child":[{"type":"Image","props":{"top":0,"skin":"TJ/Promo/image/jx3x.png","right":0,"name":"bg","left":0,"bottom":0,"anchorY":0.5,"anchorX":0.5},"compId":117},{"type":"Panel","props":{"width":534,"name":"scroll","height":690,"centerY":0,"centerX":0,"anchorY":0.5,"anchorX":0.5},"compId":118,"child":[{"type":"Box","props":{"y":0,"x":0,"right":0,"name":"layout","left":0,"height":1},"compId":119,"child":[{"type":"Box","props":{"y":105,"x":85,"width":170,"name":"item","height":212.5,"anchorY":0.5,"anchorX":0.5},"compId":120,"child":[{"type":"Image","props":{"width":170,"skin":"TJ/Promo/image/jx8.png","name":"icon","height":170,"centerY":-21.25,"centerX":0,"anchorY":0.5,"anchorX":0.5},"compId":121},{"type":"Image","props":{"y":170,"x":0,"width":170,"skin":"comp/image.png","name":"nbg","height":42.5,"centerY":85},"compId":122},{"type":"Label","props":{"x":85,"wordWrap":false,"width":170,"valign":"middle","text":"这里是游戏名称","name":"name","multiline":false,"mouseEnabled":false,"height":24,"fontSize":20,"editable":false,"color":"#ffffff","centerY":85,"centerX":0,"anchorY":0.5,"anchorX":0.5,"align":"center"},"compId":123},{"type":"Script","props":{"runtime":"TJ/Promo/script/PromoItem.ts"},"compId":124},{"type":"Script","props":{"runtime":"TJ/Promo/script/ButtonScale.ts"},"compId":125}]}]}]}]}]},{"type":"Script","props":{"runtime":"TJ/Promo/script/P405.ts"},"compId":126}]},{"type":"Box","props":{"zOrder":1000,"y":0,"width":112,"top":15,"right":361,"name":"P201","height":138,"anchorY":0.5,"anchorX":0.5},"compId":127,"child":[{"type":"Image","props":{"width":102,"skin":"TJ/Promo/image/jx8.png","name":"icon","height":102,"centerY":-13,"centerX":0,"anchorY":0.5,"anchorX":0.5},"compId":128,"child":[{"type":"Image","props":{"width":112,"skin":"TJ/Promo/image/kk2.png","name":"kk","height":138,"centerY":13,"centerX":0},"compId":129},{"type":"Image","props":{"width":23,"visible":false,"skin":"TJ/Promo/image/y1.png","name":"flag1","height":23,"centerY":-45,"centerX":45,"anchorY":0.5,"anchorX":0.5},"compId":130},{"type":"Image","props":{"width":45,"visible":false,"skin":"TJ/Promo/image/hb2.png","name":"flag2","height":23,"centerY":-44,"centerX":40,"anchorY":0.5,"anchorX":0.5},"compId":131},{"type":"Image","props":{"width":45,"visible":false,"skin":"TJ/Promo/image/rm3.png","name":"flag3","height":23,"centerY":-44,"centerX":40,"anchorY":0.5,"anchorX":0.5},"compId":132}]},{"type":"Label","props":{"wordWrap":false,"width":105,"valign":"middle","text":"这里是游戏名称","name":"name","multiline":false,"mouseEnabled":false,"height":18,"fontSize":15,"editable":false,"centerY":54,"centerX":0,"anchorY":0.5,"anchorX":0.5,"align":"center"},"compId":133},{"type":"Script","props":{"runtime":"TJ/Promo/script/PromoItem.ts"},"compId":134},{"type":"Script","props":{"runtime":"TJ/Promo/script/ButtonScale.ts"},"compId":135},{"type":"Script","props":{"shake":true,"runtime":"TJ/Promo/script/P201.ts"},"compId":136}]}],"loadList":["Game/UI/Common/di.png","Game/UI/Common/kuang_bai.png","Game/UI/DressingRoom/PartIcon/DIY.png","Game/UI/DressingRoom/PartIcon/Dress.png","Game/UI/DressingRoom/PartIcon/Top.png","Game/UI/DressingRoom/PartIcon/Bottoms.png","Game/UI/DressingRoom/PartIcon/FaceMask.png","Game/UI/DressingRoom/PartIcon/Shoes.png","Game/UI/DressingRoom/PartIcon/Accessories.png","Game/UI/Common/kuang.png","Game/UI/Common/xuanzhong.png","Lwg/UI/ui_orthogon_cycn.png","TJ/Promo/image/jx8.png","TJ/Promo/image/yuansheng2.png","Game/UI/BackHint/guanbi.png","Game/UI/Common/juxing.png","Game/UI/Common/shipin.png","Game/UI/Common/anniu_lv.png","Game/UI/Common/duihao.png","Game/UI/DressingRoom/ludijing.png","Game/UI/DressingRoom/jingzimian.png","TJ/Promo/image/gdyx3.png","TJ/Promo/image/tishi.png","TJ/Promo/image/jx3x.png","comp/image.png","TJ/Promo/image/kk2.png","TJ/Promo/image/y1.png","TJ/Promo/image/hb2.png","TJ/Promo/image/rm3.png"],"loadList3D":[]}