{"type":"View","props":{"width":1280,"height":720},"compId":2,"child":[{"type":"Image","props":{"zOrder":10,"y":302,"x":796,"width":86,"var":"Hand","name":"Hand","height":94,"alpha":1},"compId":5,"child":[{"type":"Image","props":{"y":43.8,"x":44,"width":87,"var":"Handpic","skin":"Lwg/UI/icon_hand.png","scaleY":1.01,"scaleX":1.01,"rotation":-11.7,"name":"Handpic","height":94,"anchorY":0.5,"anchorX":0.5,"alpha":1},"compId":6}]},{"type":"Image","props":{"zOrder":0,"y":640,"x":360,"width":200,"var":"Background","skin":"Lwg/UI/ui_orthogon_black_0.3.png","sizeGrid":"35,15,47,13","pivotY":640,"pivotX":360,"name":"Background","mouseEnabled":false,"height":200,"alpha":0},"compId":3},{"type":"Image","props":{"y":349,"x":1191,"width":119,"var":"Slide","name":"Slide","height":325,"anchorY":0.5,"anchorX":0.5},"compId":5274,"child":[{"type":"Image","props":{"zOrder":10,"y":221,"x":60,"width":86,"var":"SlideHand","name":"SlideHand","height":94,"alpha":1},"compId":5275,"child":[{"type":"Image","props":{"y":43.8,"x":44,"width":87,"skin":"Lwg/UI/icon_hand.png","scaleY":1.01,"scaleX":1.01,"rotation":-11.7,"name":"Handpic","height":94,"anchorY":0.5,"anchorX":0.5,"alpha":1},"compId":5276}]},{"type":"Image","props":{"y":143,"x":60,"width":68,"skin":"Lwg/UI/arrows1.png","pivotY":110,"pivotX":34,"name":"arrows","height":220},"compId":5277}]}],"animations":[{"nodes":[{"target":6,"keyframes":{"y":[{"value":47,"tweenMethod":"linearNone","tween":true,"target":6,"label":null,"key":"y","index":0},{"value":-9,"tweenMethod":"linearNone","tween":true,"target":6,"key":"y","index":16},{"value":47,"tweenMethod":"linearNone","tween":true,"target":6,"label":"effect","key":"y","index":25},{"value":47,"tweenMethod":"linearNone","tween":true,"target":6,"label":null,"key":"y","index":40},{"value":-9,"tweenMethod":"linearNone","tween":true,"target":6,"label":null,"key":"y","index":55},{"value":47,"tweenMethod":"linearNone","tween":true,"target":6,"label":"effect","key":"y","index":65},{"value":47,"tweenMethod":"linearNone","tween":true,"target":6,"label":null,"key":"y","index":80}],"x":[{"value":43,"tweenMethod":"linearNone","tween":true,"target":6,"label":null,"key":"x","index":0},{"value":54,"tweenMethod":"linearNone","tween":true,"target":6,"key":"x","index":16},{"value":43,"tweenMethod":"linearNone","tween":true,"target":6,"label":null,"key":"x","index":25},{"value":43,"tweenMethod":"linearNone","tween":true,"target":6,"label":null,"key":"x","index":40},{"value":54,"tweenMethod":"linearNone","tween":true,"target":6,"label":null,"key":"x","index":55},{"value":43,"tweenMethod":"linearNone","tween":true,"target":6,"label":null,"key":"x","index":65},{"value":43,"tweenMethod":"linearNone","tween":true,"target":6,"label":null,"key":"x","index":80}],"scaleY":[{"value":1,"tweenMethod":"linearNone","tween":true,"target":6,"label":null,"key":"scaleY","index":0},{"value":1.1,"tweenMethod":"linearNone","tween":true,"target":6,"key":"scaleY","index":16},{"value":1,"tweenMethod":"linearNone","tween":true,"target":6,"label":null,"key":"scaleY","index":25},{"value":1,"tweenMethod":"linearNone","tween":true,"target":6,"label":null,"key":"scaleY","index":40},{"value":1.1,"tweenMethod":"linearNone","tween":true,"target":6,"label":null,"key":"scaleY","index":55},{"value":1,"tweenMethod":"linearNone","tween":true,"target":6,"label":null,"key":"scaleY","index":65},{"value":1,"tweenMethod":"linearNone","tween":true,"target":6,"label":null,"key":"scaleY","index":80}],"scaleX":[{"value":1,"tweenMethod":"linearNone","tween":true,"target":6,"label":null,"key":"scaleX","index":0},{"value":1.1,"tweenMethod":"linearNone","tween":true,"target":6,"key":"scaleX","index":16},{"value":1,"tweenMethod":"linearNone","tween":true,"target":6,"label":null,"key":"scaleX","index":25},{"value":1,"tweenMethod":"linearNone","tween":true,"target":6,"label":null,"key":"scaleX","index":40},{"value":1.1,"tweenMethod":"linearNone","tween":true,"target":6,"label":null,"key":"scaleX","index":55},{"value":1,"tweenMethod":"linearNone","tween":true,"target":6,"label":null,"key":"scaleX","index":65},{"value":1,"tweenMethod":"linearNone","tween":true,"target":6,"label":null,"key":"scaleX","index":80}],"rotation":[{"value":-17,"tweenMethod":"linearNone","tween":true,"target":6,"label":null,"key":"rotation","index":0},{"value":36,"tweenMethod":"linearNone","tween":true,"target":6,"key":"rotation","index":16},{"value":-25,"tweenMethod":"linearNone","tween":true,"target":6,"label":null,"key":"rotation","index":25},{"value":-17,"tweenMethod":"linearNone","tween":true,"target":6,"key":"rotation","index":30},{"value":-17,"tweenMethod":"linearNone","tween":true,"target":6,"label":null,"key":"rotation","index":40},{"value":36,"tweenMethod":"linearNone","tween":true,"target":6,"label":null,"key":"rotation","index":55},{"value":-25,"tweenMethod":"linearNone","tween":true,"target":6,"key":"rotation","index":65},{"value":-17,"tweenMethod":"linearNone","tween":true,"target":6,"label":null,"key":"rotation","index":70},{"value":-17,"tweenMethod":"linearNone","tween":true,"target":6,"label":"com","key":"rotation","index":80}],"alpha":[{"value":1,"tweenMethod":"linearNone","tween":true,"target":6,"key":"alpha","index":0},{"value":1,"tweenMethod":"linearNone","tween":true,"target":6,"key":"alpha","index":16},{"value":1,"tweenMethod":"linearNone","tween":true,"target":6,"label":null,"key":"alpha","index":25},{"value":1,"tweenMethod":"linearNone","tween":true,"target":6,"label":null,"key":"alpha","index":40},{"value":1,"tweenMethod":"linearNone","tween":true,"target":6,"label":null,"key":"alpha","index":55},{"value":1,"tweenMethod":"linearNone","tween":true,"target":6,"label":null,"key":"alpha","index":65},{"value":1,"tweenMethod":"linearNone","tween":true,"target":6,"label":null,"key":"alpha","index":80}]}}],"name":"Click","id":2,"frameRate":60,"action":0},{"nodes":[{"target":6,"keyframes":{"y":[{"value":43.8,"tweenMethod":"linearNone","tween":true,"target":6,"key":"y","index":0},{"value":8,"tweenMethod":"linearNone","tween":true,"target":6,"key":"y","index":10},{"value":0,"tweenMethod":"linearNone","tween":true,"target":6,"key":"y","index":30},{"value":42,"tweenMethod":"linearNone","tween":true,"target":6,"key":"y","index":40},{"value":42,"tweenMethod":"linearNone","tween":true,"target":6,"label":null,"key":"y","index":55},{"value":42,"tweenMethod":"linearNone","tween":true,"target":6,"key":"y","index":65},{"value":43.8,"tweenMethod":"linearNone","tween":true,"target":6,"label":"com","key":"y","index":66}],"x":[{"value":44,"tweenMethod":"linearNone","tween":true,"target":6,"key":"x","index":0},{"value":9,"tweenMethod":"linearNone","tween":true,"target":6,"key":"x","index":10},{"value":-151,"tweenMethod":"linearNone","tween":true,"target":6,"key":"x","index":30},{"value":-190,"tweenMethod":"linearNone","tween":true,"target":6,"key":"x","index":40},{"value":-190,"tweenMethod":"linearNone","tween":true,"target":6,"label":null,"key":"x","index":55},{"value":-190,"tweenMethod":"linearNone","tween":true,"target":6,"key":"x","index":65},{"value":44,"tweenMethod":"linearNone","tween":true,"target":6,"label":null,"key":"x","index":66}],"scaleY":[{"value":1.01,"tweenMethod":"linearNone","tween":true,"target":6,"key":"scaleY","index":0},{"value":1,"tweenMethod":"linearNone","tween":true,"target":6,"key":"scaleY","index":55},{"value":0,"tweenMethod":"linearNone","tween":true,"target":6,"key":"scaleY","index":65}],"scaleX":[{"value":1.01,"tweenMethod":"linearNone","tween":true,"target":6,"key":"scaleX","index":0},{"value":1,"tweenMethod":"linearNone","tween":true,"target":6,"key":"scaleX","index":55},{"value":0,"tweenMethod":"linearNone","tween":true,"target":6,"key":"scaleX","index":65}],"rotation":[{"value":0,"tweenMethod":"linearNone","tween":true,"target":6,"key":"rotation","index":0}]}}],"name":"Line01","id":3,"frameRate":60,"action":0},{"nodes":[{"target":6,"keyframes":{"y":[{"value":43.8,"tweenMethod":"linearNone","tween":true,"target":6,"key":"y","index":0},{"value":172,"tweenMethod":"linearNone","tween":true,"target":6,"key":"y","index":15},{"value":312,"tweenMethod":"linearNone","tween":true,"target":6,"key":"y","index":30},{"value":312,"tweenMethod":"linearNone","tween":true,"target":6,"label":null,"key":"y","index":45},{"value":312,"tweenMethod":"linearNone","tween":true,"target":6,"label":null,"key":"y","index":55},{"value":43.8,"tweenMethod":"linearNone","tween":true,"target":6,"label":"com","key":"y","index":56}],"x":[{"value":44,"tweenMethod":"linearNone","tween":true,"target":6,"key":"x","index":0},{"value":14,"tweenMethod":"linearNone","tween":true,"target":6,"key":"x","index":15},{"value":83,"tweenMethod":"linearNone","tween":true,"target":6,"key":"x","index":30},{"value":83,"tweenMethod":"linearNone","tween":true,"target":6,"label":null,"key":"x","index":45},{"value":83,"tweenMethod":"linearNone","tween":true,"target":6,"label":null,"key":"x","index":55},{"value":44,"tweenMethod":"linearNone","tween":true,"target":6,"label":null,"key":"x","index":56}],"scaleY":[{"value":1.01,"tweenMethod":"linearNone","tween":true,"target":6,"key":"scaleY","index":0},{"value":1,"tweenMethod":"linearNone","tween":true,"target":6,"key":"scaleY","index":30},{"value":1,"tweenMethod":"linearNone","tween":true,"target":6,"key":"scaleY","index":45},{"value":0,"tweenMethod":"linearNone","tween":true,"target":6,"key":"scaleY","index":55}],"scaleX":[{"value":1.01,"tweenMethod":"linearNone","tween":true,"target":6,"key":"scaleX","index":0},{"value":1,"tweenMethod":"linearNone","tween":true,"target":6,"key":"scaleX","index":30},{"value":1,"tweenMethod":"linearNone","tween":true,"target":6,"key":"scaleX","index":45},{"value":0,"tweenMethod":"linearNone","tween":true,"target":6,"key":"scaleX","index":55}],"rotation":[{"value":0,"tweenMethod":"linearNone","tween":true,"target":6,"key":"rotation","index":0}]}}],"name":"Line03","id":4,"frameRate":60,"action":0},{"nodes":[{"target":6,"keyframes":{"y":[{"value":47,"tweenMethod":"linearNone","tween":true,"target":6,"key":"y","index":0},{"value":161,"tweenMethod":"linearNone","tween":true,"target":6,"key":"y","index":15},{"value":293,"tweenMethod":"linearNone","tween":true,"target":6,"key":"y","index":30},{"value":293,"tweenMethod":"linearNone","tween":true,"target":6,"label":null,"key":"y","index":45},{"value":293,"tweenMethod":"linearNone","tween":true,"target":6,"key":"y","index":55},{"value":47,"tweenMethod":"linearNone","tween":true,"target":6,"label":"com","key":"y","index":56}],"x":[{"value":43,"tweenMethod":"linearNone","tween":true,"target":6,"key":"x","index":0},{"value":69,"tweenMethod":"linearNone","tween":true,"target":6,"key":"x","index":15},{"value":19,"tweenMethod":"linearNone","tween":true,"target":6,"key":"x","index":30},{"value":19,"tweenMethod":"linearNone","tween":true,"target":6,"label":null,"key":"x","index":45},{"value":19,"tweenMethod":"linearNone","tween":true,"target":6,"key":"x","index":55},{"value":43,"tweenMethod":"linearNone","tween":true,"target":6,"label":null,"key":"x","index":56}],"scaleY":[{"value":1.01,"tweenMethod":"linearNone","tween":true,"target":6,"key":"scaleY","index":0},{"value":1,"tweenMethod":"linearNone","tween":true,"target":6,"key":"scaleY","index":30},{"value":1,"tweenMethod":"linearNone","tween":true,"target":6,"key":"scaleY","index":45},{"value":0,"tweenMethod":"linearNone","tween":true,"target":6,"key":"scaleY","index":55}],"scaleX":[{"value":1.01,"tweenMethod":"linearNone","tween":true,"target":6,"key":"scaleX","index":0},{"value":1,"tweenMethod":"linearNone","tween":true,"target":6,"key":"scaleX","index":30},{"value":1,"tweenMethod":"linearNone","tween":true,"target":6,"key":"scaleX","index":45},{"value":0,"tweenMethod":"linearNone","tween":true,"target":6,"key":"scaleX","index":55}],"rotation":[{"value":0,"tweenMethod":"linearNone","tween":true,"target":6,"key":"rotation","index":0}]}}],"name":"Line02","id":5,"frameRate":60,"action":0},{"nodes":[{"target":6,"keyframes":{"y":[{"value":43.8,"tweenMethod":"linearNone","tween":true,"target":6,"key":"y","index":0},{"value":47,"tweenMethod":"linearNone","tween":true,"target":6,"key":"y","index":30},{"value":47,"tweenMethod":"linearNone","tween":true,"target":6,"label":null,"key":"y","index":45},{"value":47,"tweenMethod":"linearNone","tween":true,"target":6,"key":"y","index":55},{"value":43.8,"tweenMethod":"linearNone","tween":true,"target":6,"label":"com","key":"y","index":56}],"x":[{"value":44,"tweenMethod":"linearNone","tween":true,"target":6,"key":"x","index":0},{"value":-345,"tweenMethod":"linearNone","tween":true,"target":6,"key":"x","index":30},{"value":-345,"tweenMethod":"linearNone","tween":true,"target":6,"label":null,"key":"x","index":45},{"value":-345.1,"tweenMethod":"linearNone","tween":true,"target":6,"key":"x","index":55},{"value":44,"tweenMethod":"linearNone","tween":true,"target":6,"label":null,"key":"x","index":56}],"scaleY":[{"value":1.01,"tweenMethod":"linearNone","tween":true,"target":6,"key":"scaleY","index":0},{"value":1,"tweenMethod":"linearNone","tween":true,"target":6,"key":"scaleY","index":30},{"value":1,"tweenMethod":"linearNone","tween":true,"target":6,"label":null,"key":"scaleY","index":45},{"value":0,"tweenMethod":"linearNone","tween":true,"target":6,"key":"scaleY","index":55}],"scaleX":[{"value":1.01,"tweenMethod":"linearNone","tween":true,"target":6,"key":"scaleX","index":0},{"value":1,"tweenMethod":"linearNone","tween":true,"target":6,"key":"scaleX","index":30},{"value":1,"tweenMethod":"linearNone","tween":true,"target":6,"label":null,"key":"scaleX","index":45},{"value":0,"tweenMethod":"linearNone","tween":true,"target":6,"key":"scaleX","index":55}],"rotation":[{"value":0,"tweenMethod":"linearNone","tween":true,"target":6,"key":"rotation","index":0}]}}],"name":"Line04","id":6,"frameRate":60,"action":0},{"nodes":[{"target":6,"keyframes":{"y":[{"value":47,"tweenMethod":"linearNone","tween":true,"target":6,"label":null,"key":"y","index":0},{"value":10,"tweenMethod":"linearNone","tween":true,"target":6,"label":null,"key":"y","index":10},{"value":47,"tweenMethod":"linearNone","tween":true,"target":6,"label":"effect","key":"y","index":20},{"value":47,"tweenMethod":"linearNone","tween":true,"target":6,"label":null,"key":"y","index":30},{"value":108,"tweenMethod":"linearNone","tween":true,"target":6,"key":"y","index":50},{"value":108,"tweenMethod":"linearNone","tween":true,"target":6,"label":null,"key":"y","index":65}],"x":[{"value":43,"tweenMethod":"linearNone","tween":true,"target":6,"label":null,"key":"x","index":0},{"value":53,"tweenMethod":"linearNone","tween":true,"target":6,"label":null,"key":"x","index":10},{"value":43,"tweenMethod":"linearNone","tween":true,"target":6,"label":null,"key":"x","index":20},{"value":43,"tweenMethod":"linearNone","tween":true,"target":6,"label":null,"key":"x","index":30},{"value":199,"tweenMethod":"linearNone","tween":true,"target":6,"key":"x","index":50},{"value":199,"tweenMethod":"linearNone","tween":true,"target":6,"label":null,"key":"x","index":65}],"scaleY":[{"value":1,"tweenMethod":"linearNone","tween":true,"target":6,"label":null,"key":"scaleY","index":0},{"value":1.1,"tweenMethod":"linearNone","tween":true,"target":6,"label":null,"key":"scaleY","index":10},{"value":1,"tweenMethod":"linearNone","tween":true,"target":6,"label":null,"key":"scaleY","index":20},{"value":1,"tweenMethod":"linearNone","tween":true,"target":6,"label":null,"key":"scaleY","index":30},{"value":1,"tweenMethod":"linearNone","tween":true,"target":6,"key":"scaleY","index":50},{"value":1,"tweenMethod":"linearNone","tween":true,"target":6,"label":null,"key":"scaleY","index":65},{"value":0,"tweenMethod":"linearNone","tween":true,"target":6,"label":"com","key":"scaleY","index":75}],"scaleX":[{"value":1,"tweenMethod":"linearNone","tween":true,"target":6,"label":null,"key":"scaleX","index":0},{"value":1.1,"tweenMethod":"linearNone","tween":true,"target":6,"label":null,"key":"scaleX","index":10},{"value":1,"tweenMethod":"linearNone","tween":true,"target":6,"label":null,"key":"scaleX","index":20},{"value":1,"tweenMethod":"linearNone","tween":true,"target":6,"label":null,"key":"scaleX","index":30},{"value":1,"tweenMethod":"linearNone","tween":true,"target":6,"key":"scaleX","index":50},{"value":1,"tweenMethod":"linearNone","tween":true,"target":6,"label":null,"key":"scaleX","index":65},{"value":0,"tweenMethod":"linearNone","tween":true,"target":6,"key":"scaleX","index":75}],"rotation":[{"value":-17,"tweenMethod":"linearNone","tween":true,"target":6,"label":null,"key":"rotation","index":0},{"value":36,"tweenMethod":"linearNone","tween":true,"target":6,"label":null,"key":"rotation","index":10},{"value":-17,"tweenMethod":"linearNone","tween":true,"target":6,"label":null,"key":"rotation","index":20},{"value":-17,"tweenMethod":"linearNone","tween":true,"target":6,"key":"rotation","index":30}],"alpha":[{"value":1,"tweenMethod":"linearNone","tween":true,"target":6,"label":null,"key":"alpha","index":0},{"value":1,"tweenMethod":"linearNone","tween":true,"target":6,"label":null,"key":"alpha","index":10},{"value":1,"tweenMethod":"linearNone","tween":true,"target":6,"label":null,"key":"alpha","index":20},{"value":1,"tweenMethod":"linearNone","tween":true,"target":6,"label":null,"key":"alpha","index":30}]}}],"name":"Frame","id":7,"frameRate":60,"action":0},{"nodes":[{"target":6,"keyframes":{"y":[{"value":47,"tweenMethod":"linearNone","tween":true,"target":6,"label":null,"key":"y","index":0},{"value":15,"tweenMethod":"linearNone","tween":true,"target":6,"label":null,"key":"y","index":15},{"value":47,"tweenMethod":"linearNone","tween":true,"target":6,"label":"effect","key":"y","index":25}],"x":[{"value":43,"tweenMethod":"linearNone","tween":true,"target":6,"label":null,"key":"x","index":0},{"value":53,"tweenMethod":"linearNone","tween":true,"target":6,"label":null,"key":"x","index":15},{"value":43,"tweenMethod":"linearNone","tween":true,"target":6,"label":null,"key":"x","index":25}],"scaleY":[{"value":1,"tweenMethod":"linearNone","tween":true,"target":6,"label":null,"key":"scaleY","index":0},{"value":1.1,"tweenMethod":"linearNone","tween":true,"target":6,"label":null,"key":"scaleY","index":15},{"value":1,"tweenMethod":"linearNone","tween":true,"target":6,"label":null,"key":"scaleY","index":25}],"scaleX":[{"value":1,"tweenMethod":"linearNone","tween":true,"target":6,"label":null,"key":"scaleX","index":0},{"value":1.1,"tweenMethod":"linearNone","tween":true,"target":6,"label":null,"key":"scaleX","index":15},{"value":1,"tweenMethod":"linearNone","tween":true,"target":6,"label":null,"key":"scaleX","index":25}],"rotation":[{"value":-17,"tweenMethod":"linearNone","tween":true,"target":6,"label":null,"key":"rotation","index":0},{"value":36,"tweenMethod":"linearNone","tween":true,"target":6,"label":null,"key":"rotation","index":15},{"value":-17,"tweenMethod":"linearNone","tween":true,"target":6,"key":"rotation","index":25}],"alpha":[{"value":1,"tweenMethod":"linearNone","tween":true,"target":6,"label":null,"key":"alpha","index":0},{"value":1,"tweenMethod":"linearNone","tween":true,"target":6,"label":null,"key":"alpha","index":15},{"value":1,"tweenMethod":"linearNone","tween":true,"target":6,"label":null,"key":"alpha","index":25}]}}],"name":"ClickOne","id":8,"frameRate":60,"action":0},{"nodes":[{"target":5275,"keyframes":{"y":[{"value":221,"tweenMethod":"linearNone","tween":true,"target":5275,"key":"y","index":0},{"value":221,"tweenMethod":"linearNone","tween":true,"target":5275,"label":null,"key":"y","index":15},{"value":28,"tweenMethod":"linearNone","tween":true,"target":5275,"key":"y","index":40}],"scaleY":[{"value":1,"tweenMethod":"linearNone","tween":true,"target":5275,"key":"scaleY","index":0},{"value":1,"tweenMethod":"linearNone","tween":true,"target":5275,"label":null,"key":"scaleY","index":15},{"value":1,"tweenMethod":"linearNone","tween":true,"target":5275,"key":"scaleY","index":40},{"value":0,"tweenMethod":"linearNone","tween":true,"target":5275,"key":"scaleY","index":45},{"value":0,"tweenMethod":"linearNone","tween":true,"target":5275,"label":null,"key":"scaleY","index":55}],"scaleX":[{"value":1,"tweenMethod":"linearNone","tween":true,"target":5275,"key":"scaleX","index":0},{"value":1,"tweenMethod":"linearNone","tween":true,"target":5275,"label":null,"key":"scaleX","index":15},{"value":1,"tweenMethod":"linearNone","tween":true,"target":5275,"key":"scaleX","index":40},{"value":0,"tweenMethod":"linearNone","tween":true,"target":5275,"key":"scaleX","index":45},{"value":0,"tweenMethod":"linearNone","tween":true,"target":5275,"label":null,"key":"scaleX","index":55}]}},{"target":5277,"keyframes":{"alpha":[{"value":0,"tweenMethod":"linearNone","tween":true,"target":5277,"key":"alpha","index":0},{"value":1,"tweenMethod":"linearNone","tween":true,"target":5277,"key":"alpha","index":15},{"value":1,"tweenMethod":"linearNone","tween":true,"target":5277,"key":"alpha","index":40},{"value":0,"tweenMethod":"linearNone","tween":true,"target":5277,"key":"alpha","index":45},{"value":0,"tweenMethod":"linearNone","tween":true,"target":5277,"label":null,"key":"alpha","index":55}]}}],"name":"SlideUp","id":9,"frameRate":60,"action":0}],"loadList":["Lwg/UI/icon_hand.png","Lwg/UI/ui_orthogon_black_0.3.png","Lwg/UI/arrows1.png"],"loadList3D":[]}