{"type":"Scene","props":{"width":1280,"height":720},"compId":2,"child":[{"type":"Image","props":{"width":1280,"var":"BG1","top":0,"sizeGrid":"14,9,17,10","rotation":0,"right":0,"name":"BG1","left":0,"height":720,"bottom":0},"compId":6733},{"type":"Image","props":{"width":1280,"var":"BG2","top":0,"sizeGrid":"14,9,17,10","rotation":0,"right":0,"pivotY":720,"pivotX":1280,"name":"BG2","left":0,"height":720,"bottom":0},"compId":7},{"type":"Image","props":{"zOrder":1000,"y":549,"x":1054,"width":126,"var":"Scissor","rotation":0,"pivotY":51,"pivotX":63,"name":"Scissor","height":124},"compId":30,"child":[{"type":"Image","props":{"y":64,"x":61,"width":62,"var":"S2","skin":"Game/UI/MakeTailor/scissors_02.png","scaleY":0.45,"scaleX":0.45,"rotation":25,"pivotY":135,"pivotX":47,"name":"S2","height":269},"compId":32},{"type":"Image","props":{"y":63,"x":62,"width":64,"var":"S1","skin":"Game/UI/MakeTailor/scissors_01.png","scaleY":0.45,"scaleX":0.45,"rotation":-22,"pivotY":134,"pivotX":12,"name":"S1","height":268},"compId":31},{"type":"Script","props":{"y":37,"x":50,"radius":12,"label":"scissor","isSensor":true,"runtime":"Laya.CircleCollider"},"compId":40},{"type":"Script","props":{"gravityScale":0,"bullet":true,"allowSleep":false,"runtime":"Laya.RigidBody"},"compId":41}]},{"type":"Image","props":{"y":392.5,"x":640,"width":512,"var":"CompleteE","pivotY":157,"pivotX":256,"name":"CompleteE","height":313,"alpha":0},"compId":776,"child":[{"type":"Image","props":{"y":271,"x":105,"width":20,"var":"EFlower","skin":"Lwg/UI/ui_orthogon_cycn.png","pivotY":15,"pivotX":10,"name":"EFlower","height":30,"alpha":1},"compId":775}]},{"type":"Image","props":{"var":"ScissorsMobile","top":0,"right":224,"name":"ScissorsMobile","left":0,"height":720,"bottom":0},"compId":786},{"type":"Image","props":{"zOrder":150,"y":20,"x":1095,"width":240,"var":"Operation","skewX":0,"name":"Operation","height":682},"compId":778,"child":[{"type":"Image","props":{"y":0,"x":0,"skin":"Game/UI/Common/di.png"},"compId":4444},{"type":"Image","props":{"y":72,"x":8,"width":173,"skin":"Game/UI/Common/kuang.png","sizeGrid":"116,0,139,0","height":601},"compId":4428},{"type":"List","props":{"y":87,"x":14,"width":159,"var":"List","spaceY":0,"rotation":0,"repeatY":4,"name":"List","height":552},"compId":782,"child":[{"type":"Box","props":{"y":88,"x":80,"width":160,"renderType":"render","pivotY":88,"pivotX":80,"height":175},"compId":783,"child":[{"type":"Image","props":{"skin":"Game/UI/Common/xuanzhong.png","sizeGrid":"9,12,14,13","name":"Board","centerY":0,"centerX":0},"compId":784},{"type":"Image","props":{"skin":"Lwg/UI/ui_orthogon_black_0.7.png","scaleY":0.7,"scaleX":0.7,"name":"Icon","centerY":3,"centerX":0},"compId":785},{"type":"Image","props":{"skin":"Game/UI/Common/juxing.png","sizeGrid":"44,23,34,23","name":"Mask","centerY":0,"centerX":0},"compId":6835},{"type":"Label","props":{"y":101,"x":23,"wordWrap":true,"width":115,"valign":"middle","text":"（3/3）","strokeColor":"#101638","stroke":3,"overflow":"visible","name":"UnlockWayNum","leading":5,"height":39,"fontSize":28,"color":"#ffffff","centerY":33,"centerX":0,"bold":true,"align":"center"},"compId":6839},{"type":"Label","props":{"wordWrap":true,"width":115,"valign":"middle","text":"制作衣服","strokeColor":"#101638","stroke":3,"overflow":"visible","name":"UnlockWay","leading":5,"height":55,"fontSize":28,"color":"#ffffff","centerY":0,"centerX":0,"bold":true,"align":"center"},"compId":6833},{"type":"Image","props":{"width":36,"visible":false,"skin":"Game/UI/Common/shipin.png","name":"AdsSign","centerY":0,"centerX":0},"compId":6765}]}]},{"type":"Image","props":{"y":48,"x":-60,"width":80,"var":"BtnComplete","skin":"Game/UI/Common/anniu_lv.png","skewY":1,"skewX":1,"sizeGrid":"16,9,9,15","scaleY":1,"scaleX":1,"pivotY":46,"pivotX":40,"name":"BtnComplete","height":92},"compId":787,"child":[{"type":"Image","props":{"y":22,"x":17.5,"skin":"Game/UI/Common/duihao.png"},"compId":4430}]}]},{"type":"Box","props":{"zOrder":1000,"y":0,"x":0,"width":1,"visible":true,"name":"P405","left":-2,"height":1,"centerY":0,"anchorY":0.5,"anchorX":0.5},"compId":6735,"child":[{"type":"Box","props":{"width":1,"name":"move","height":1,"centerY":0,"centerX":0,"anchorY":0.5,"anchorX":0.5},"compId":6745,"child":[{"type":"Box","props":{"width":1,"name":"button","height":1,"centerY":-47,"centerX":0,"anchorY":0.5,"anchorX":0.5},"compId":6746,"child":[{"type":"Button","props":{"y":50,"x":45,"width":90,"name":"show","height":100,"centerY":0,"centerX":44,"anchorY":0.5,"anchorX":0.5},"compId":6747,"child":[{"type":"Image","props":{"width":89,"skin":"TJ/Promo/image/gdyx3.png","height":100,"centerY":0,"centerX":0,"anchorY":0.5,"anchorX":0.5},"compId":6748,"child":[{"type":"Image","props":{"width":29,"skin":"TJ/Promo/image/tishi.png","height":32,"centerY":-46,"centerX":46,"anchorY":0.5,"anchorX":0.5},"compId":6749}]},{"type":"Script","props":{"runtime":"TJ/Promo/script/ButtonScale.ts"},"compId":6750}]},{"type":"Button","props":{"y":50,"x":45,"width":90,"visible":false,"name":"hide","height":100,"centerY":0,"centerX":44,"anchorY":0.5,"anchorX":0.5},"compId":6751,"child":[{"type":"Image","props":{"width":89,"skin":"TJ/Promo/image/gdyx3.png","height":100,"centerY":0,"centerX":0,"anchorY":0.5,"anchorX":0.5},"compId":6752},{"type":"Script","props":{"runtime":"TJ/Promo/script/ButtonScale.ts"},"compId":6753}]}]},{"type":"Box","props":{"width":560,"name":"board","height":720,"centerY":0,"centerX":-280,"anchorY":0.5,"anchorX":0.5},"compId":6754,"child":[{"type":"Image","props":{"top":0,"skin":"TJ/Promo/image/jx3x.png","right":0,"name":"bg","left":0,"bottom":0,"anchorY":0.5,"anchorX":0.5},"compId":6755},{"type":"Panel","props":{"width":534,"name":"scroll","height":690,"centerY":0,"centerX":0,"anchorY":0.5,"anchorX":0.5},"compId":6756,"child":[{"type":"Box","props":{"y":0,"x":0,"right":0,"name":"layout","left":0,"height":1},"compId":6757,"child":[{"type":"Box","props":{"y":105,"x":85,"width":170,"name":"item","height":212.5,"anchorY":0.5,"anchorX":0.5},"compId":6758,"child":[{"type":"Image","props":{"width":170,"skin":"TJ/Promo/image/jx8.png","name":"icon","height":170,"centerY":-21.25,"centerX":0,"anchorY":0.5,"anchorX":0.5},"compId":6759},{"type":"Image","props":{"y":170,"x":0,"width":170,"skin":"comp/image.png","name":"nbg","height":42.5,"centerY":85},"compId":6760},{"type":"Label","props":{"x":85,"wordWrap":false,"width":170,"valign":"middle","text":"这里是游戏名称","name":"name","multiline":false,"mouseEnabled":false,"height":24,"fontSize":20,"editable":false,"color":"#ffffff","centerY":85,"centerX":0,"anchorY":0.5,"anchorX":0.5,"align":"center"},"compId":6761},{"type":"Script","props":{"runtime":"TJ/Promo/script/PromoItem.ts"},"compId":6762},{"type":"Script","props":{"runtime":"TJ/Promo/script/ButtonScale.ts"},"compId":6763}]}]}]}]}]},{"type":"Script","props":{"runtime":"TJ/Promo/script/P405.ts"},"compId":6764}]},{"type":"Box","props":{"zOrder":1000,"width":112,"top":150,"right":300,"name":"P201","height":138,"anchorY":0.5,"anchorX":0.5},"compId":6809,"child":[{"type":"Image","props":{"width":102,"skin":"TJ/Promo/image/jx8.png","name":"icon","height":102,"centerY":-13,"centerX":0,"anchorY":0.5,"anchorX":0.5},"compId":6810,"child":[{"type":"Image","props":{"width":112,"skin":"TJ/Promo/image/kk2.png","name":"kk","height":138,"centerY":13,"centerX":0},"compId":6811},{"type":"Image","props":{"width":23,"visible":false,"skin":"TJ/Promo/image/y1.png","name":"flag1","height":23,"centerY":-45,"centerX":45,"anchorY":0.5,"anchorX":0.5},"compId":6812},{"type":"Image","props":{"width":45,"visible":false,"skin":"TJ/Promo/image/hb2.png","name":"flag2","height":23,"centerY":-44,"centerX":40,"anchorY":0.5,"anchorX":0.5},"compId":6813},{"type":"Image","props":{"width":45,"visible":false,"skin":"TJ/Promo/image/rm3.png","name":"flag3","height":23,"centerY":-44,"centerX":40,"anchorY":0.5,"anchorX":0.5},"compId":6814}]},{"type":"Label","props":{"wordWrap":false,"width":105,"valign":"middle","text":"这里是游戏名称","name":"name","multiline":false,"mouseEnabled":false,"height":18,"fontSize":15,"editable":false,"centerY":54,"centerX":0,"anchorY":0.5,"anchorX":0.5,"align":"center"},"compId":6815},{"type":"Script","props":{"runtime":"TJ/Promo/script/PromoItem.ts"},"compId":6816},{"type":"Script","props":{"runtime":"TJ/Promo/script/ButtonScale.ts"},"compId":6817},{"type":"Script","props":{"shake":true,"runtime":"TJ/Promo/script/P201.ts"},"compId":6818}]}],"animations":[{"nodes":[{"target":775,"keyframes":{"y":[{"value":141.5,"tweenMethod":"linearNone","tween":true,"target":775,"key":"y","index":0},{"value":159.5,"tweenMethod":"linearNone","tween":true,"target":775,"key":"y","index":1},{"value":175,"tweenMethod":"linearNone","tween":true,"target":775,"label":null,"key":"y","index":2},{"value":191,"tweenMethod":"linearNone","tween":true,"target":775,"label":null,"key":"y","index":3},{"value":205,"tweenMethod":"linearNone","tween":true,"target":775,"key":"y","index":4},{"value":218,"tweenMethod":"linearNone","tween":true,"target":775,"key":"y","index":5},{"value":230,"tweenMethod":"linearNone","tween":true,"target":775,"key":"y","index":6},{"value":240,"tweenMethod":"linearNone","tween":true,"target":775,"key":"y","index":7},{"value":250,"tweenMethod":"linearNone","tween":true,"target":775,"key":"y","index":8},{"value":257,"tweenMethod":"linearNone","tween":true,"target":775,"key":"y","index":9},{"value":265,"tweenMethod":"linearNone","tween":true,"target":775,"key":"y","index":10},{"value":270,"tweenMethod":"linearNone","tween":true,"target":775,"key":"y","index":11},{"value":271,"tweenMethod":"linearNone","tween":true,"target":775,"key":"y","index":12},{"value":272,"tweenMethod":"linearNone","tween":true,"target":775,"key":"y","index":13},{"value":271,"tweenMethod":"linearNone","tween":true,"target":775,"key":"y","index":14},{"value":269,"tweenMethod":"linearNone","tween":true,"target":775,"key":"y","index":15},{"value":265,"tweenMethod":"linearNone","tween":true,"target":775,"key":"y","index":16},{"value":258,"tweenMethod":"linearNone","tween":true,"target":775,"key":"y","index":17},{"value":246,"tweenMethod":"linearNone","tween":true,"target":775,"key":"y","index":18},{"value":234,"tweenMethod":"linearNone","tween":true,"target":775,"key":"y","index":19},{"value":213,"tweenMethod":"linearNone","tween":true,"target":775,"key":"y","index":20},{"value":199,"tweenMethod":"linearNone","tween":true,"target":775,"key":"y","index":21},{"value":177,"tweenMethod":"linearNone","tween":true,"target":775,"key":"y","index":22},{"value":176,"tweenMethod":"linearNone","tween":true,"target":775,"key":"y","index":23},{"value":151.5,"tweenMethod":"linearNone","tween":true,"target":775,"key":"y","index":24},{"value":122.5,"tweenMethod":"linearNone","tween":true,"target":775,"key":"y","index":25},{"value":95,"tweenMethod":"linearNone","tween":true,"target":775,"key":"y","index":26},{"value":63,"tweenMethod":"linearNone","tween":true,"target":775,"key":"y","index":27},{"value":25,"tweenMethod":"linearNone","tween":true,"target":775,"key":"y","index":28},{"value":-15,"tweenMethod":"linearNone","tween":true,"target":775,"key":"y","index":29},{"value":-42,"tweenMethod":"linearNone","tween":true,"target":775,"key":"y","index":30},{"value":-62,"tweenMethod":"linearNone","tween":true,"target":775,"key":"y","index":31},{"value":-75,"tweenMethod":"linearNone","tween":true,"target":775,"key":"y","index":32},{"value":-72,"tweenMethod":"linearNone","tween":true,"target":775,"key":"y","index":33},{"value":-64,"tweenMethod":"linearNone","tween":true,"target":775,"key":"y","index":34},{"value":-51,"tweenMethod":"linearNone","tween":true,"target":775,"key":"y","index":35},{"value":-34,"tweenMethod":"linearNone","tween":true,"target":775,"key":"y","index":36},{"value":-21,"tweenMethod":"linearNone","tween":true,"target":775,"key":"y","index":37},{"value":-47,"tweenMethod":"linearNone","tween":true,"target":775,"key":"y","index":38},{"value":-73,"tweenMethod":"linearNone","tween":true,"target":775,"key":"y","index":39},{"value":-95,"tweenMethod":"linearNone","tween":true,"target":775,"key":"y","index":40},{"value":-112,"tweenMethod":"linearNone","tween":true,"target":775,"key":"y","index":41},{"value":-126,"tweenMethod":"linearNone","tween":true,"target":775,"key":"y","index":42},{"value":-135,"tweenMethod":"linearNone","tween":true,"target":775,"key":"y","index":43},{"value":-139,"tweenMethod":"linearNone","tween":true,"target":775,"key":"y","index":44},{"value":-138,"tweenMethod":"linearNone","tween":true,"target":775,"key":"y","index":45},{"value":-129,"tweenMethod":"linearNone","tween":true,"target":775,"key":"y","index":46},{"value":-114,"tweenMethod":"linearNone","tween":true,"target":775,"key":"y","index":47},{"value":-94,"tweenMethod":"linearNone","tween":true,"target":775,"key":"y","index":48},{"value":-73,"tweenMethod":"linearNone","tween":true,"target":775,"key":"y","index":49},{"value":-42,"tweenMethod":"linearNone","tween":true,"target":775,"key":"y","index":50},{"value":-9,"tweenMethod":"linearNone","tween":true,"target":775,"key":"y","index":51},{"value":22,"tweenMethod":"linearNone","tween":true,"target":775,"key":"y","index":52},{"value":53,"tweenMethod":"linearNone","tween":true,"target":775,"key":"y","index":53},{"value":81,"tweenMethod":"linearNone","tween":true,"target":775,"key":"y","index":54},{"value":117,"tweenMethod":"linearNone","tween":true,"target":775,"key":"y","index":55},{"value":152.5,"tweenMethod":"linearNone","tween":true,"target":775,"key":"y","index":56},{"value":180,"tweenMethod":"linearNone","tween":true,"target":775,"key":"y","index":57},{"value":206,"tweenMethod":"linearNone","tween":true,"target":775,"key":"y","index":58},{"value":227,"tweenMethod":"linearNone","tween":true,"target":775,"key":"y","index":59},{"value":246,"tweenMethod":"linearNone","tween":true,"target":775,"key":"y","index":60},{"value":266,"tweenMethod":"linearNone","tween":true,"target":775,"key":"y","index":61},{"value":283,"tweenMethod":"linearNone","tween":true,"target":775,"key":"y","index":62},{"value":297,"tweenMethod":"linearNone","tween":true,"target":775,"key":"y","index":63},{"value":308,"tweenMethod":"linearNone","tween":true,"target":775,"key":"y","index":64},{"value":319,"tweenMethod":"linearNone","tween":true,"target":775,"key":"y","index":65},{"value":326,"tweenMethod":"linearNone","tween":true,"target":775,"key":"y","index":66},{"value":330,"tweenMethod":"linearNone","tween":true,"target":775,"key":"y","index":67},{"value":328,"tweenMethod":"linearNone","tween":true,"target":775,"key":"y","index":68},{"value":321,"tweenMethod":"linearNone","tween":true,"target":775,"key":"y","index":69},{"value":304,"tweenMethod":"linearNone","tween":true,"target":775,"key":"y","index":70},{"value":280,"tweenMethod":"linearNone","tween":true,"target":775,"key":"y","index":71},{"value":255,"tweenMethod":"linearNone","tween":true,"target":775,"key":"y","index":72},{"value":228,"tweenMethod":"linearNone","tween":true,"target":775,"key":"y","index":73},{"value":207,"tweenMethod":"linearNone","tween":true,"target":775,"key":"y","index":74},{"value":183,"tweenMethod":"linearNone","tween":true,"target":775,"key":"y","index":75},{"value":159.5,"tweenMethod":"linearNone","tween":true,"target":775,"key":"y","index":76},{"value":137.5,"tweenMethod":"linearNone","tween":true,"target":775,"key":"y","index":77},{"value":128.5,"tweenMethod":"linearNone","tween":true,"target":775,"key":"y","index":78},{"value":122.5,"tweenMethod":"linearNone","tween":true,"target":775,"key":"y","index":79},{"value":126.5,"tweenMethod":"linearNone","tween":true,"target":775,"key":"y","index":80},{"value":135.5,"tweenMethod":"linearNone","tween":true,"target":775,"key":"y","index":81},{"value":144.5,"tweenMethod":"linearNone","tween":true,"target":775,"key":"y","index":82},{"value":159.5,"tweenMethod":"linearNone","tween":true,"target":775,"key":"y","index":83},{"value":178,"tweenMethod":"linearNone","tween":true,"target":775,"key":"y","index":84},{"value":191,"tweenMethod":"linearNone","tween":true,"target":775,"key":"y","index":85},{"value":202,"tweenMethod":"linearNone","tween":true,"target":775,"key":"y","index":95}],"x":[{"value":-797,"tweenMethod":"linearNone","tween":true,"target":775,"key":"x","index":0},{"value":-366,"tweenMethod":"linearNone","tween":true,"target":775,"key":"x","index":1},{"value":-337,"tweenMethod":"linearNone","tween":true,"target":775,"label":null,"key":"x","index":2},{"value":-296,"tweenMethod":"linearNone","tween":true,"target":775,"label":null,"key":"x","index":3},{"value":-266,"tweenMethod":"linearNone","tween":true,"target":775,"key":"x","index":4},{"value":-234,"tweenMethod":"linearNone","tween":true,"target":775,"key":"x","index":5},{"value":-197,"tweenMethod":"linearNone","tween":true,"target":775,"key":"x","index":6},{"value":-156,"tweenMethod":"linearNone","tween":true,"target":775,"key":"x","index":7},{"value":-119,"tweenMethod":"linearNone","tween":true,"target":775,"key":"x","index":8},{"value":-83,"tweenMethod":"linearNone","tween":true,"target":775,"key":"x","index":9},{"value":-50,"tweenMethod":"linearNone","tween":true,"target":775,"key":"x","index":10},{"value":-13,"tweenMethod":"linearNone","tween":true,"target":775,"key":"x","index":11},{"value":18,"tweenMethod":"linearNone","tween":true,"target":775,"key":"x","index":12},{"value":60,"tweenMethod":"linearNone","tween":true,"target":775,"key":"x","index":13},{"value":105,"tweenMethod":"linearNone","tween":true,"target":775,"key":"x","index":14},{"value":141,"tweenMethod":"linearNone","tween":true,"target":775,"key":"x","index":15},{"value":180,"tweenMethod":"linearNone","tween":true,"target":775,"key":"x","index":16},{"value":218,"tweenMethod":"linearNone","tween":true,"target":775,"key":"x","index":17},{"value":247,"tweenMethod":"linearNone","tween":true,"target":775,"key":"x","index":18},{"value":289.3333333333333,"tweenMethod":"linearNone","tween":true,"target":775,"key":"x","index":19},{"value":330,"tweenMethod":"linearNone","tween":true,"target":775,"key":"x","index":20},{"value":363,"tweenMethod":"linearNone","tween":true,"target":775,"key":"x","index":21},{"value":397,"tweenMethod":"linearNone","tween":true,"target":775,"key":"x","index":22},{"value":397,"tweenMethod":"linearNone","tween":true,"target":775,"key":"x","index":23},{"value":434,"tweenMethod":"linearNone","tween":true,"target":775,"key":"x","index":24},{"value":464,"tweenMethod":"linearNone","tween":true,"target":775,"key":"x","index":25},{"value":489,"tweenMethod":"linearNone","tween":true,"target":775,"key":"x","index":26},{"value":508,"tweenMethod":"linearNone","tween":true,"target":775,"key":"x","index":27},{"value":524,"tweenMethod":"linearNone","tween":true,"target":775,"key":"x","index":28},{"value":525,"tweenMethod":"linearNone","tween":true,"target":775,"key":"x","index":29},{"value":517,"tweenMethod":"linearNone","tween":true,"target":775,"key":"x","index":30},{"value":496,"tweenMethod":"linearNone","tween":true,"target":775,"key":"x","index":31},{"value":465,"tweenMethod":"linearNone","tween":true,"target":775,"key":"x","index":32},{"value":429,"tweenMethod":"linearNone","tween":true,"target":775,"key":"x","index":33},{"value":400,"tweenMethod":"linearNone","tween":true,"target":775,"key":"x","index":34},{"value":372,"tweenMethod":"linearNone","tween":true,"target":775,"key":"x","index":35},{"value":351,"tweenMethod":"linearNone","tween":true,"target":775,"key":"x","index":36},{"value":331,"tweenMethod":"linearNone","tween":true,"target":775,"key":"x","index":37},{"value":315,"tweenMethod":"linearNone","tween":true,"target":775,"key":"x","index":38},{"value":297,"tweenMethod":"linearNone","tween":true,"target":775,"key":"x","index":39},{"value":277,"tweenMethod":"linearNone","tween":true,"target":775,"key":"x","index":40},{"value":254,"tweenMethod":"linearNone","tween":true,"target":775,"key":"x","index":41},{"value":228,"tweenMethod":"linearNone","tween":true,"target":775,"key":"x","index":42},{"value":203,"tweenMethod":"linearNone","tween":true,"target":775,"key":"x","index":43},{"value":177,"tweenMethod":"linearNone","tween":true,"target":775,"key":"x","index":44},{"value":146,"tweenMethod":"linearNone","tween":true,"target":775,"key":"x","index":45},{"value":112,"tweenMethod":"linearNone","tween":true,"target":775,"key":"x","index":46},{"value":87,"tweenMethod":"linearNone","tween":true,"target":775,"key":"x","index":47},{"value":70,"tweenMethod":"linearNone","tween":true,"target":775,"key":"x","index":48},{"value":56,"tweenMethod":"linearNone","tween":true,"target":775,"key":"x","index":49},{"value":43,"tweenMethod":"linearNone","tween":true,"target":775,"key":"x","index":50},{"value":41,"tweenMethod":"linearNone","tween":true,"target":775,"key":"x","index":51},{"value":47,"tweenMethod":"linearNone","tween":true,"target":775,"key":"x","index":52},{"value":59,"tweenMethod":"linearNone","tween":true,"target":775,"key":"x","index":53},{"value":76,"tweenMethod":"linearNone","tween":true,"target":775,"key":"x","index":54},{"value":101,"tweenMethod":"linearNone","tween":true,"target":775,"key":"x","index":55},{"value":132,"tweenMethod":"linearNone","tween":true,"target":775,"key":"x","index":56},{"value":164,"tweenMethod":"linearNone","tween":true,"target":775,"key":"x","index":57},{"value":192,"tweenMethod":"linearNone","tween":true,"target":775,"key":"x","index":58},{"value":221,"tweenMethod":"linearNone","tween":true,"target":775,"key":"x","index":59},{"value":248,"tweenMethod":"linearNone","tween":true,"target":775,"key":"x","index":60},{"value":275,"tweenMethod":"linearNone","tween":true,"target":775,"key":"x","index":61},{"value":299,"tweenMethod":"linearNone","tween":true,"target":775,"key":"x","index":62},{"value":326,"tweenMethod":"linearNone","tween":true,"target":775,"key":"x","index":63},{"value":351,"tweenMethod":"linearNone","tween":true,"target":775,"key":"x","index":64},{"value":380,"tweenMethod":"linearNone","tween":true,"target":775,"key":"x","index":65},{"value":410,"tweenMethod":"linearNone","tween":true,"target":775,"key":"x","index":66},{"value":442,"tweenMethod":"linearNone","tween":true,"target":775,"key":"x","index":67},{"value":474,"tweenMethod":"linearNone","tween":true,"target":775,"key":"x","index":68},{"value":508,"tweenMethod":"linearNone","tween":true,"target":775,"key":"x","index":69},{"value":532,"tweenMethod":"linearNone","tween":true,"target":775,"key":"x","index":70},{"value":552,"tweenMethod":"linearNone","tween":true,"target":775,"key":"x","index":71},{"value":566,"tweenMethod":"linearNone","tween":true,"target":775,"key":"x","index":72},{"value":581,"tweenMethod":"linearNone","tween":true,"target":775,"key":"x","index":73},{"value":592,"tweenMethod":"linearNone","tween":true,"target":775,"key":"x","index":74},{"value":607,"tweenMethod":"linearNone","tween":true,"target":775,"key":"x","index":75},{"value":623,"tweenMethod":"linearNone","tween":true,"target":775,"key":"x","index":76},{"value":646,"tweenMethod":"linearNone","tween":true,"target":775,"key":"x","index":77},{"value":676,"tweenMethod":"linearNone","tween":true,"target":775,"key":"x","index":78},{"value":710,"tweenMethod":"linearNone","tween":true,"target":775,"key":"x","index":79},{"value":747,"tweenMethod":"linearNone","tween":true,"target":775,"key":"x","index":80},{"value":785,"tweenMethod":"linearNone","tween":true,"target":775,"key":"x","index":81},{"value":821,"tweenMethod":"linearNone","tween":true,"target":775,"key":"x","index":82},{"value":854,"tweenMethod":"linearNone","tween":true,"target":775,"key":"x","index":83},{"value":886,"tweenMethod":"linearNone","tween":true,"target":775,"key":"x","index":84},{"value":923,"tweenMethod":"linearNone","tween":true,"target":775,"key":"x","index":85},{"value":1420,"tweenMethod":"linearNone","tween":true,"target":775,"key":"x","index":95}],"pivotX":[{"value":10,"tweenMethod":"linearNone","tween":true,"target":775,"key":"pivotX","index":0},{"value":10,"tweenMethod":"linearNone","tween":true,"target":775,"key":"pivotX","index":76}]}},{"target":776,"keyframes":{"name":[{"value":"CompleteE","tweenMethod":"linearNone","tween":false,"target":776,"key":"name","index":0},{"value":"CompleteE","tweenMethod":"linearNone","tween":false,"target":776,"key":"name","index":48}]}}],"name":"complete","id":10,"frameRate":60,"action":0}],"loadList":["Game/UI/MakeTailor/scissors_02.png","Game/UI/MakeTailor/scissors_01.png","Lwg/UI/ui_orthogon_cycn.png","Game/UI/Common/di.png","Game/UI/Common/kuang.png","Game/UI/Common/xuanzhong.png","Lwg/UI/ui_orthogon_black_0.7.png","Game/UI/Common/juxing.png","Game/UI/Common/shipin.png","Game/UI/Common/anniu_lv.png","Game/UI/Common/duihao.png","TJ/Promo/image/gdyx3.png","TJ/Promo/image/tishi.png","TJ/Promo/image/jx3x.png","TJ/Promo/image/jx8.png","comp/image.png","TJ/Promo/image/kk2.png","TJ/Promo/image/y1.png","TJ/Promo/image/hb2.png","TJ/Promo/image/rm3.png"],"loadList3D":[]}