{"type":"View","props":{"width":1280,"height":720},"compId":2,"child":[{"type":"Image","props":{"y":51,"width":109,"var":"BtnNext","skin":"Lwg/UI/ui_l_orthogon_green.png","sizeGrid":"17,11,12,12","right":212,"pivotY":42,"pivotX":55,"name":"BtnNext","height":84},"compId":3,"child":[{"type":"Label","props":{"y":12,"x":-8,"width":125,"valign":"middle","text":"下一步","height":60,"fontSize":25,"align":"center"},"compId":5}]},{"type":"Image","props":{"y":0,"x":0,"width":204,"var":"Case","skin":"Lwg/UI/ui_orthogon_grass.png","sizeGrid":"6,12,16,8","right":0,"name":"Case","height":722},"compId":4,"child":[{"type":"Image","props":{"y":164,"x":104,"width":134,"skin":"Lwg/UI/ui_circle_c_003.png","pivotY":67,"pivotX":67,"name":"","height":134},"compId":6,"child":[{"type":"Label","props":{"y":42,"x":28,"width":78,"valign":"middle","text":"#c871d4","height":50,"fontSize":20,"color":"#000000","align":"center"},"compId":9}]},{"type":"Image","props":{"y":323,"x":104,"width":134,"skin":"Lwg/UI/ui_circle_c_001.png","pivotY":67,"pivotX":67,"name":"","height":134},"compId":7,"child":[{"type":"Label","props":{"width":78,"valign":"middle","text":"#c0ff51","height":50,"fontSize":20,"color":"#000000","centerY":0,"centerX":0,"align":"center"},"compId":10}]},{"type":"Image","props":{"y":495,"x":102,"width":134,"skin":"Lwg/UI/ui_circle_c_007.png","pivotY":67,"pivotX":67,"name":"","height":134},"compId":8,"child":[{"type":"Label","props":{"y":0,"x":0,"width":78,"valign":"middle","text":"#67f2ff","height":50,"fontSize":20,"color":"#000000","centerY":0,"centerX":0,"align":"center"},"compId":11}]}]},{"type":"Image","props":{"y":0,"x":0,"width":871,"visible":true,"var":"Glasses","name":"Glasses","height":429,"alpha":0},"compId":14,"child":[{"type":"Sprite","props":{"y":90,"x":44,"width":320,"visible":true,"var":"Glasses1","texture":"Game/UI/MakeClothes/figure_01.png","scaleY":1,"name":"Glasses1","height":250},"compId":12},{"type":"Sprite","props":{"y":89.5,"x":472,"width":320,"visible":true,"var":"Glasses2","texture":"Game/UI/MakeClothes/figure_01.png","scaleY":1,"name":"Glasses2","height":250},"compId":13}]}],"loadList":["Lwg/UI/ui_l_orthogon_green.png","Lwg/UI/ui_orthogon_grass.png","Lwg/UI/ui_circle_c_003.png","Lwg/UI/ui_circle_c_001.png","Lwg/UI/ui_circle_c_007.png","Game/UI/MakeClothes/figure_01.png"],"loadList3D":[]}