{"type":"View","props":{"width":1280,"height":720},"compId":2,"child":[{"type":"Image","props":{"y":51,"width":109,"var":"BtnNext","skin":"Lwg/UI/ui_l_orthogon_green.png","sizeGrid":"17,11,12,12","right":212,"pivotY":42,"pivotX":55,"name":"BtnNext","height":84},"compId":30,"child":[{"type":"Label","props":{"y":12,"x":-8,"width":125,"valign":"middle","text":"下一步","height":60,"fontSize":25,"align":"center"},"compId":31}]},{"type":"Image","props":{"y":0,"width":204,"var":"Figure","skin":"Lwg/UI/ui_orthogon_grass.png","sizeGrid":"6,12,16,8","right":0,"name":"Figure","height":722},"compId":3,"child":[{"type":"Image","props":{"y":173,"x":104,"width":200,"skin":"Game/UI/MakeClothes/figure_01Btn.png","pivotY":73,"pivotX":100,"name":"","height":146},"compId":4},{"type":"Image","props":{"y":319,"x":104,"width":200,"skin":"Game/UI/MakeClothes/figure_02Btn.png","pivotY":73,"pivotX":100,"name":"","height":146},"compId":6},{"type":"Image","props":{"y":477,"x":104,"width":200,"skin":"Game/UI/MakeClothes/figure_03Btn.png","pivotY":73,"pivotX":100,"name":"","height":146},"compId":5}]},{"type":"Sprite","props":{"y":0,"x":0,"width":512,"visible":false,"var":"Ultimately","scaleY":1,"scaleX":1,"name":"Ultimately","height":512},"compId":10,"child":[{"type":"Sprite","props":{"y":512,"x":0,"width":512,"visible":true,"var":"Front","texture":"Game/UI/MakeClothes/diy_bottom_.png","scaleY":-1,"name":"Front","height":512},"compId":7},{"type":"Sprite","props":{"y":512,"x":0,"width":512,"visible":true,"var":"Reverse","texture":"Game/UI/MakeClothes/diy_bottom_.png","scaleY":-1,"name":"Reverse","height":512},"compId":34}]},{"type":"Sprite","props":{"y":0,"x":0,"width":86,"visible":true,"var":"Dispaly","scaleY":1,"scaleX":1,"name":"Dispaly","height":77},"compId":11},{"type":"Image","props":{"y":505,"x":881,"width":123,"visible":false,"var":"Wireframe","sizeGrid":"13,20,21,25","rotation":0,"name":"Wireframe","height":157},"compId":13,"child":[{"type":"Image","props":{"y":0,"x":0,"width":123,"visible":true,"var":"Frame","skin":"Lwg/UI/wireframeBlack2.png","sizeGrid":"13,20,21,25","rotation":0,"name":"Frame","height":157},"compId":20},{"type":"Image","props":{"y":0,"x":1.5,"width":60,"var":"WClose","skin":"Lwg/UI/icon_close.png","pivotY":30,"pivotX":30,"name":"WClose","height":60},"compId":15},{"type":"Image","props":{"y":146,"x":119,"width":60,"var":"WConversion","skin":"Lwg/UI/ui_circle_c_001.png","pivotY":30,"pivotX":30,"name":"WConversion","height":60},"compId":17,"child":[{"type":"Image","props":{"y":40,"x":34,"width":15,"skin":"Lwg/UI/icon_cuspR.png","rotation":68,"pivotY":8,"pivotX":8,"height":15},"compId":18},{"type":"Image","props":{"y":24,"x":27,"width":15,"skin":"Lwg/UI/icon_cuspR.png","rotation":605,"pivotY":8,"pivotX":8,"height":15},"compId":19}]}]},{"type":"Image","props":{"y":386,"x":957.5,"width":108,"var":"BtnR","skin":"Lwg/UI/icon_cuspR.png","pivotY":53,"pivotX":54,"name":"BtnR","height":105},"compId":25},{"type":"Image","props":{"y":386,"x":262,"width":108,"var":"BtnL","skin":"Lwg/UI/icon_cuspLpng.png","scaleX":1,"pivotY":53,"pivotX":54,"name":"BtnL","height":105},"compId":26}],"loadList":["Lwg/UI/ui_l_orthogon_green.png","Lwg/UI/ui_orthogon_grass.png","Game/UI/MakeClothes/figure_01Btn.png","Game/UI/MakeClothes/figure_02Btn.png","Game/UI/MakeClothes/figure_03Btn.png","Game/UI/MakeClothes/diy_bottom_.png","Lwg/UI/wireframeBlack2.png","Lwg/UI/icon_close.png","Lwg/UI/ui_circle_c_001.png","Lwg/UI/icon_cuspR.png","Lwg/UI/icon_cuspLpng.png"],"loadList3D":[]}