{"type":"View","props":{"width":1280,"height":720},"compId":2,"child":[{"type":"Sprite","props":{"zOrder":50,"y":0,"x":0,"width":86,"visible":true,"var":"Dispaly","scaleY":1,"scaleX":1,"name":"Dispaly","height":77},"compId":11},{"type":"Image","props":{"y":612,"x":799,"width":120,"visible":false,"var":"Wireframe","skin":"Lwg/UI/wireframeBlack1.png","sizeGrid":"13,20,21,25","rotation":0,"name":"Wireframe","height":150,"anchorY":0.5,"anchorX":0.5},"compId":13,"child":[{"type":"Image","props":{"y":0,"x":0,"width":49,"var":"WClose","skin":"Game/UI/MakePattern/close.png","pivotY":24,"pivotX":25,"name":"WClose","height":48},"compId":15},{"type":"Image","props":{"y":146,"x":117,"width":48,"var":"WConversion","skin":"Game/UI/MakePattern/lashen.png","name":"WConversion","height":48,"anchorY":0.5,"anchorX":0.5},"compId":17}]},{"type":"Sprite","props":{"zOrder":35,"y":0,"x":0,"width":512,"visible":false,"var":"Ultimately","scaleY":1,"scaleX":1,"name":"Ultimately","height":512},"compId":10,"child":[{"type":"Sprite","props":{"y":512,"x":0,"width":512,"visible":true,"var":"Front","texture":"Lwg/UI/ui_orthogon_black_0.7.png","scaleY":-1,"scaleX":1,"name":"Front","height":512},"compId":7},{"type":"Sprite","props":{"y":512,"x":0,"width":512,"visible":true,"var":"Reverse","texture":"Lwg/UI/ui_orthogon_black_0.7.png","scaleY":-1,"scaleX":1,"name":"Reverse","height":512},"compId":34},{"type":"Sprite","props":{"width":256,"var":"DrawFront","texture":"Lwg/UI/ui_orthogon_black_0.7.png","name":"DrawFront","height":256},"compId":4443},{"type":"Sprite","props":{"y":0,"x":0,"width":256,"var":"DrawReverse","texture":"Lwg/UI/ui_orthogon_black_0.7.png","name":"DrawReverse","height":256},"compId":4444}]},{"type":"Image","props":{"zOrder":40,"y":411,"x":271,"var":"BtnL","skin":"Game/UI/MakePattern/zuo.png","scaleX":1,"pivotY":53,"pivotX":54,"name":"BtnL","mouseThrough":true},"compId":26},{"type":"Image","props":{"zOrder":40,"y":411,"x":952,"width":95,"var":"BtnR","skin":"Game/UI/MakePattern/you.png","pivotY":78,"pivotX":48,"name":"BtnR","mouseThrough":true,"height":155},"compId":25},{"type":"Image","props":{"zOrder":45,"y":20,"x":1116,"width":240,"var":"Operation","name":"Operation","height":682},"compId":4432,"child":[{"type":"Image","props":{"y":0,"x":-70,"skin":"Game/UI/Common/di.png","sizeGrid":"0,9,0,223"},"compId":4433},{"type":"Image","props":{"y":117,"x":103,"width":95,"var":"Part","name":"Part","height":637},"compId":4500,"child":[{"type":"Image","props":{"y":51,"x":-3,"var":"newYear","skin":"Game/UI/Common/kuang_fen.png","name":"newYear","anchorY":0.5,"anchorX":0},"compId":4501,"child":[{"type":"Label","props":{"y":10,"x":10,"width":58,"valign":"middle","text":"1","strokeColor":"#c64b7c","stroke":3,"height":47,"fontSize":30,"color":"#fdfff4","centerY":0,"centerX":0,"bold":true,"align":"center"},"compId":4642}]},{"type":"Image","props":{"y":134,"x":-2,"var":"basic","skin":"Game/UI/Common/kuang_bai.png","name":"basic","anchorY":0.5,"anchorX":0},"compId":4503,"child":[{"type":"Label","props":{"y":0,"x":0,"width":58,"valign":"middle","text":"2","strokeColor":"#863153","height":47,"fontSize":30,"color":"#a84f47","centerY":0,"centerX":0,"bold":true,"align":"center"},"compId":4643}]},{"type":"Image","props":{"y":217,"x":-2,"var":"cut","skin":"Game/UI/Common/kuang_bai.png","name":"cat","anchorY":0.5,"anchorX":0},"compId":4505,"child":[{"type":"Label","props":{"y":0,"x":0,"width":58,"valign":"middle","text":"3","strokeColor":"#863153","height":47,"fontSize":30,"color":"#a84f47","centerY":0,"centerX":0,"bold":true,"align":"center"},"compId":4634}]},{"type":"Image","props":{"y":300,"x":-2,"var":"pink","skin":"Game/UI/Common/kuang_bai.png","name":"pink","anchorY":0.5,"anchorX":0},"compId":4507,"child":[{"type":"Label","props":{"y":0,"x":0,"width":58,"valign":"middle","text":"4","strokeColor":"#863153","height":47,"fontSize":30,"color":"#a84f47","centerY":0,"centerX":0,"bold":true,"align":"center"},"compId":4635}]},{"type":"Image","props":{"y":383,"x":-2,"var":"expression","skin":"Game/UI/Common/kuang_bai.png","name":"expression","anchorY":0.5,"anchorX":0},"compId":4511,"child":[{"type":"Label","props":{"y":0,"x":0,"width":58,"valign":"middle","text":"5","strokeColor":"#863153","height":47,"fontSize":30,"color":"#a84f47","centerY":0,"centerX":0,"bold":true,"align":"center"},"compId":4636}]}]},{"type":"Image","props":{"y":78,"x":-61,"width":173,"skin":"Game/UI/Common/kuang.png","sizeGrid":"120,0,307,0","height":601},"compId":4434},{"type":"Image","props":{"y":162,"x":-123,"width":80,"var":"BtnTurnFace","skin":"Game/UI/MakePattern/zheng.png","pivotY":46,"pivotX":40,"name":"BtnTurnFace","height":92},"compId":4442},{"type":"List","props":{"y":89,"x":-51,"width":154,"var":"List","spaceY":0,"rotation":0,"repeatY":5,"name":"List","height":547},"compId":4435,"child":[{"type":"Box","props":{"y":73,"x":80,"width":129,"renderType":"render","height":122,"anchorY":0.5,"anchorX":0.5},"compId":4436,"child":[{"type":"Image","props":{"width":100,"skin":"Pattern/expression1.png","name":"Icon","height":100,"centerY":0,"centerX":0},"compId":4438},{"type":"Image","props":{"y":0,"x":0,"top":0,"skin":"Game/UI/Common/juxing.png","sizeGrid":"43,40,34,37","right":0,"name":"Mask","left":0,"bottom":0},"compId":4640},{"type":"Image","props":{"width":36,"visible":false,"skin":"Game/UI/Common/shipin.png","name":"AdsSign","centerY":0,"centerX":0},"compId":4638},{"type":"Label","props":{"y":75,"x":7,"wordWrap":true,"width":115,"valign":"middle","text":"（3/3）","strokeColor":"#101638","stroke":3,"overflow":"visible","name":"UnlockWayNum","leading":5,"height":39,"fontSize":28,"color":"#ffffff","centerY":33,"centerX":0,"bold":true,"align":"center"},"compId":4645},{"type":"Label","props":{"y":0,"x":0,"wordWrap":true,"width":115,"valign":"middle","text":"制作衣服","strokeColor":"#101638","stroke":3,"overflow":"visible","name":"UnlockWay","leading":5,"height":55,"fontSize":28,"color":"#ffffff","centerY":0,"centerX":0,"bold":true,"align":"center"},"compId":4644}]}]},{"type":"Image","props":{"y":49,"x":-123,"width":80,"var":"BtnComplete","skin":"Game/UI/Common/anniu_lv.png","sizeGrid":"16,9,9,15","pivotY":46,"pivotX":40,"name":"BtnComplete","height":92},"compId":4439,"child":[{"type":"Image","props":{"y":22,"x":17.5,"skin":"Game/UI/Common/duihao.png"},"compId":4440}]}]},{"type":"Box","props":{"zOrder":1000,"y":0,"x":0,"width":1,"visible":true,"name":"P405","left":-2,"height":1,"centerY":0,"anchorY":0.5,"anchorX":0.5},"compId":4454,"child":[{"type":"Box","props":{"width":1,"name":"move","height":1,"centerY":0,"centerX":0,"anchorY":0.5,"anchorX":0.5},"compId":4455,"child":[{"type":"Box","props":{"width":1,"name":"button","height":1,"centerY":-47,"centerX":0,"anchorY":0.5,"anchorX":0.5},"compId":4456,"child":[{"type":"Button","props":{"y":50,"x":45,"width":90,"name":"show","height":100,"centerY":0,"centerX":44,"anchorY":0.5,"anchorX":0.5},"compId":4457,"child":[{"type":"Image","props":{"width":89,"skin":"TJ/Promo/image/gdyx3.png","height":100,"centerY":0,"centerX":0,"anchorY":0.5,"anchorX":0.5},"compId":4458,"child":[{"type":"Image","props":{"width":29,"skin":"TJ/Promo/image/tishi.png","height":32,"centerY":-46,"centerX":46,"anchorY":0.5,"anchorX":0.5},"compId":4459}]},{"type":"Script","props":{"runtime":"TJ/Promo/script/ButtonScale.ts"},"compId":4460}]},{"type":"Button","props":{"y":50,"x":45,"width":90,"visible":false,"name":"hide","height":100,"centerY":0,"centerX":44,"anchorY":0.5,"anchorX":0.5},"compId":4461,"child":[{"type":"Image","props":{"width":89,"skin":"TJ/Promo/image/gdyx3.png","height":100,"centerY":0,"centerX":0,"anchorY":0.5,"anchorX":0.5},"compId":4462},{"type":"Script","props":{"runtime":"TJ/Promo/script/ButtonScale.ts"},"compId":4463}]}]},{"type":"Box","props":{"width":560,"name":"board","height":720,"centerY":0,"centerX":-280,"anchorY":0.5,"anchorX":0.5},"compId":4464,"child":[{"type":"Image","props":{"top":0,"skin":"TJ/Promo/image/jx3x.png","right":0,"name":"bg","left":0,"bottom":0,"anchorY":0.5,"anchorX":0.5},"compId":4465},{"type":"Panel","props":{"width":534,"name":"scroll","height":690,"centerY":0,"centerX":0,"anchorY":0.5,"anchorX":0.5},"compId":4466,"child":[{"type":"Box","props":{"y":0,"x":0,"right":0,"name":"layout","left":0,"height":1},"compId":4467,"child":[{"type":"Box","props":{"y":105,"x":85,"width":170,"name":"item","height":212.5,"anchorY":0.5,"anchorX":0.5},"compId":4468,"child":[{"type":"Image","props":{"width":170,"skin":"TJ/Promo/image/jx8.png","name":"icon","height":170,"centerY":-21.25,"centerX":0,"anchorY":0.5,"anchorX":0.5},"compId":4469},{"type":"Image","props":{"y":170,"x":0,"width":170,"skin":"comp/image.png","name":"nbg","height":42.5,"centerY":85},"compId":4470},{"type":"Label","props":{"x":85,"wordWrap":false,"width":170,"valign":"middle","text":"这里是游戏名称","name":"name","multiline":false,"mouseEnabled":false,"height":24,"fontSize":20,"editable":false,"color":"#ffffff","centerY":85,"centerX":0,"anchorY":0.5,"anchorX":0.5,"align":"center"},"compId":4471},{"type":"Script","props":{"runtime":"TJ/Promo/script/PromoItem.ts"},"compId":4472},{"type":"Script","props":{"runtime":"TJ/Promo/script/ButtonScale.ts"},"compId":4473}]}]}]}]}]},{"type":"Script","props":{"runtime":"TJ/Promo/script/P405.ts"},"compId":4474}]},{"type":"Box","props":{"zOrder":1000,"width":112,"top":15,"right":390,"name":"P201","height":138,"anchorY":0.5,"anchorX":0.5},"compId":4475,"child":[{"type":"Image","props":{"width":102,"skin":"TJ/Promo/image/jx8.png","name":"icon","height":102,"centerY":-13,"centerX":0,"anchorY":0.5,"anchorX":0.5},"compId":4476,"child":[{"type":"Image","props":{"width":112,"skin":"TJ/Promo/image/kk2.png","name":"kk","height":138,"centerY":13,"centerX":0},"compId":4477},{"type":"Image","props":{"width":23,"visible":false,"skin":"TJ/Promo/image/y1.png","name":"flag1","height":23,"centerY":-45,"centerX":45,"anchorY":0.5,"anchorX":0.5},"compId":4478},{"type":"Image","props":{"width":45,"visible":false,"skin":"TJ/Promo/image/hb2.png","name":"flag2","height":23,"centerY":-44,"centerX":40,"anchorY":0.5,"anchorX":0.5},"compId":4479},{"type":"Image","props":{"width":45,"visible":false,"skin":"TJ/Promo/image/rm3.png","name":"flag3","height":23,"centerY":-44,"centerX":40,"anchorY":0.5,"anchorX":0.5},"compId":4480}]},{"type":"Label","props":{"wordWrap":false,"width":105,"valign":"middle","text":"这里是游戏名称","name":"name","multiline":false,"mouseEnabled":false,"height":18,"fontSize":15,"editable":false,"centerY":54,"centerX":0,"anchorY":0.5,"anchorX":0.5,"align":"center"},"compId":4481},{"type":"Script","props":{"runtime":"TJ/Promo/script/PromoItem.ts"},"compId":4482},{"type":"Script","props":{"runtime":"TJ/Promo/script/ButtonScale.ts"},"compId":4483},{"type":"Script","props":{"shake":true,"runtime":"TJ/Promo/script/P201.ts"},"compId":4484}]}],"loadList":["Lwg/UI/wireframeBlack1.png","Game/UI/MakePattern/close.png","Game/UI/MakePattern/lashen.png","Lwg/UI/ui_orthogon_black_0.7.png","Game/UI/MakePattern/zuo.png","Game/UI/MakePattern/you.png","Game/UI/Common/di.png","Game/UI/Common/kuang_fen.png","Game/UI/Common/kuang_bai.png","Game/UI/Common/kuang.png","Game/UI/MakePattern/zheng.png","Pattern/expression1.png","Game/UI/Common/juxing.png","Game/UI/Common/shipin.png","Game/UI/Common/anniu_lv.png","Game/UI/Common/duihao.png","TJ/Promo/image/gdyx3.png","TJ/Promo/image/tishi.png","TJ/Promo/image/jx3x.png","TJ/Promo/image/jx8.png","comp/image.png","TJ/Promo/image/kk2.png","TJ/Promo/image/y1.png","TJ/Promo/image/hb2.png","TJ/Promo/image/rm3.png"],"loadList3D":[]}