{"type":"View","props":{"width":1280,"height":720},"compId":2,"child":[{"type":"Image","props":{"y":0,"x":0,"width":1280,"var":"BG","top":0,"skin":"Game/UI/PreLoad/BG.png","sizeGrid":"16,13,14,13","right":0,"name":"BG","left":0,"height":720,"bottom":0},"compId":6},{"type":"Image","props":{"zOrder":10,"y":246,"var":"LoGo","skin":"Game/UI/PreLoad/logo.png","name":"LoGo","centerX":0,"anchorY":0.5,"anchorX":0.5},"compId":7},{"type":"Image","props":{"y":627,"width":615,"var":"Anti","skin":"Game/UI/PreLoad/wenzi.png","name":"Anti","height":52,"centerX":0,"anchorY":0.5,"anchorX":0.5},"compId":9,"child":[{"type":"Image","props":{"y":70,"x":163,"skin":"Game/UI/PreLoad/Powered by LayaAir Engine.png"},"compId":13}]},{"type":"Image","props":{"zOrder":10,"y":540,"var":"Progress","skin":"Game/UI/PreLoad/di.png","name":"Progress","centerX":0,"anchorY":0.5,"anchorX":0.5},"compId":10,"child":[{"type":"Image","props":{"y":6,"x":6,"width":521,"var":"ProgressBar","skin":"Game/UI/PreLoad/jindu.png","name":"ProgressBar","height":36},"compId":11,"child":[{"type":"Image","props":{"x":-521,"width":521,"skin":"Game/UI/PreLoad/jindu.png","renderType":"mask","name":"Mask","height":36,"centerY":0},"compId":14}]}]},{"type":"Label","props":{"y":456,"width":397,"var":"TextTip1","valign":"middle","text":"首次加载时间较长，请耐心等待","name":"TextTip1","height":35,"fontSize":24,"color":"#e5fcff","centerX":-30,"bold":true,"alpha":1,"align":"center"},"compId":16,"child":[{"type":"Label","props":{"width":63,"var":"TextTip2","valign":"middle","name":"TextTip2","height":35,"fontSize":24,"color":"#e5fcff","centerY":0,"centerX":205,"bold":true,"align":"left"},"compId":17}]}],"loadList":["Game/UI/PreLoad/BG.png","Game/UI/PreLoad/logo.png","Game/UI/PreLoad/wenzi.png","Game/UI/PreLoad/Powered by LayaAir Engine.png","Game/UI/PreLoad/di.png","Game/UI/PreLoad/jindu.png"],"loadList3D":[]}