{"type":"View","props":{"width":1280,"height":720},"compId":2,"child":[{"type":"Image","props":{"zOrder":10,"y":0,"x":0,"width":1280,"var":"Background","skin":"Game/UI/PreLoad/BG.png","sizeGrid":"13,5,11,9","name":"Background","height":720},"compId":7},{"type":"Label","props":{"zOrder":11,"y":396,"width":237,"valign":"middle","text":"正在载入...","height":61,"fontSize":40,"color":"#224566","centerX":0,"bold":true,"align":"center"},"compId":15},{"type":"Label","props":{"zOrder":11,"y":395,"width":237,"valign":"middle","text":"正在载入...","height":61,"fontSize":40,"color":"#ff7573","centerX":0,"bold":true,"align":"center"},"compId":4},{"type":"Label","props":{"zOrder":11,"y":394,"width":237,"valign":"middle","text":"正在载入...","height":61,"fontSize":40,"color":"#ffffff","centerX":0,"bold":true,"align":"center"},"compId":17},{"type":"Label","props":{"zOrder":11,"y":285,"width":168,"var":"Schedule","valign":"middle","text":"0%","strokeColor":"#ee5ca7","stroke":10,"name":"Schedule","height":61,"fontSize":60,"color":"#ffffff","centerX":0,"align":"center"},"compId":8},{"type":"Sprite","props":{"zOrder":35,"y":0,"x":0,"width":512,"visible":false,"var":"Ultimately","scaleY":1,"scaleX":1,"name":"Ultimately","height":512},"compId":18,"child":[{"type":"Sprite","props":{"y":512,"x":0,"width":512,"visible":true,"var":"Front","texture":"Lwg/UI/ui_orthogon_black_0.7.png","scaleY":-1,"scaleX":1,"name":"Front","height":512},"compId":19},{"type":"Sprite","props":{"y":512,"x":0,"width":512,"visible":true,"var":"Reverse","texture":"Lwg/UI/ui_orthogon_black_0.7.png","scaleY":-1,"scaleX":1,"name":"Reverse","height":512},"compId":20}]}],"loadList":["Game/UI/PreLoad/BG.png","Lwg/UI/ui_orthogon_black_0.7.png"],"loadList3D":[]}