{"type":"View","props":{"width":1280,"height":720},"compId":2,"child":[{"type":"Image","props":{"y":0,"x":0,"var":"Background","skin":"Lwg/UI/ui_orthogon_black_0.7.png","sizeGrid":"11,11,12,9","name":"Background"},"compId":32},{"type":"Box","props":{"width":110,"visible":false,"var":"NativeRoot","scaleY":1,"scaleX":1,"name":"NativeRoot","height":110,"centerX":-535,"bottom":434},"compId":68,"child":[{"type":"Image","props":{"top":0,"sizeGrid":"26,25,22,26","right":0,"left":0,"bottom":0,"alpha":0.3},"compId":69},{"type":"Image","props":{"top":0,"sizeGrid":"40,26,21,35","right":0,"left":0,"bottom":0},"compId":70},{"type":"Box","props":{"width":284,"top":0,"scaleY":1,"scaleX":1,"right":0,"pivotY":194.5,"pivotX":222.5,"name":"nativeNode","left":1,"height":276,"bottom":0,"anchorY":0.5,"anchorX":0.5},"compId":71,"child":[{"type":"Image","props":{"visible":false,"top":0,"sizeGrid":"50,50,50,50","right":0,"left":0,"bottom":0},"compId":72},{"type":"Image","props":{"width":600,"visible":false,"top":-1,"sizeGrid":"38,38,36,42","right":0,"name":"Contant","left":0,"height":277,"bottom":0},"compId":73},{"type":"Image","props":{"width":180,"visible":true,"left":27,"height":180,"centerY":-1},"compId":74},{"type":"Image","props":{"width":110,"visible":true,"skin":"TJ/Promo/image/jx8.png","name":"Icon","height":110,"centerY":0,"centerX":0},"compId":75},{"type":"Text","props":{"y":-7,"x":154,"wordWrap":false,"width":350,"visible":false,"valign":"middle","text":"广告名字","name":"Title","height":81,"fontSize":30,"color":"#000000","align":"left","runtime":"Laya.Text"},"compId":76},{"type":"Text","props":{"y":25,"x":154,"wordWrap":false,"width":383,"visible":false,"valign":"middle","text":"广告内容广告内容广告内容","name":"Des","height":125,"fontSize":30,"color":"#000000","align":"left","runtime":"Laya.Text"},"compId":77},{"type":"Image","props":{"visible":true,"skin":"TJ/Promo/image/yuansheng2.png","right":0,"bottom":0},"compId":78}]},{"type":"Box","props":{"width":285,"top":0,"right":0,"name":"defaultNode","left":0,"height":276,"bottom":0},"compId":79},{"type":"Image","props":{"visible":true,"top":0,"skin":"Game/UI/BackHint/guanbi.png","scaleY":0.5,"scaleX":0.5,"right":0,"name":"Close"},"compId":80},{"type":"Script","props":{"runtime":"TJ/NativeAd.ts"},"compId":81}]},{"type":"Image","props":{"y":360,"x":640,"width":935,"var":"Content","name":"Content","height":695,"centerY":0,"centerX":0,"anchorY":0.5,"anchorX":0.5},"compId":34,"child":[{"type":"Sprite","props":{"y":53,"x":0,"texture":"Game/UI/Common/dikuang.png","alpha":1},"compId":37},{"type":"Sprite","props":{"y":80,"x":22,"texture":"Game/UI/Common/kuang2.png","alpha":1},"compId":38},{"type":"Sprite","props":{"y":0,"x":176,"texture":"Game/UI/Ranking/choudai.png","alpha":1},"compId":35,"child":[{"type":"Image","props":{"y":29.5,"skin":"Game/UI/Ranking/paihangbang.png","centerX":0},"compId":57}]},{"type":"List","props":{"y":187,"x":41,"width":788,"var":"List","spaceY":0,"rotation":0,"repeatY":5,"name":"List","height":438},"compId":47,"child":[{"type":"Box","props":{"y":0,"x":0,"width":783,"renderType":"render","height":93},"compId":48,"child":[{"type":"Image","props":{"skin":"Game/UI/Ranking/w_di.png","sizeGrid":"9,12,14,13","name":"Board","centerY":0,"centerX":0,"alpha":1},"compId":49},{"type":"Label","props":{"y":29,"x":28,"width":46,"valign":"middle","text":"1","name":"RankNum","height":36,"fontSize":30,"color":"#a56c0a","align":"center"},"compId":52},{"type":"Image","props":{"x":310,"width":52,"skin":"Game/UI/Ranking/touxiang.png","sizeGrid":"12,18,17,17","scaleY":1.2,"scaleX":1.2,"name":"Icon","height":52,"centerY":0},"compId":53,"child":[{"type":"Image","props":{"skin":"Game/UI/Ranking/IconSkin/avatar_12.png","name":"Pic","centerY":0,"centerX":0},"compId":64}]},{"type":"Label","props":{"y":32,"x":383.5,"width":84,"valign":"middle","text":"老王哥","name":"Name","height":41,"fontSize":30,"color":"#a56c0a","bold":true,"align":"left"},"compId":54},{"type":"Image","props":{"x":609,"skin":"Game/UI/Common/zan.png","centerY":1},"compId":61},{"type":"Label","props":{"y":30,"x":661,"width":63,"valign":"middle","text":"1000","name":"FansNum","height":40,"fontSize":30,"color":"#a56c0a","align":"left"},"compId":62}]}]},{"type":"Image","props":{"y":124,"x":28,"skin":"Game/UI/Ranking/juxing.png"},"compId":56,"child":[{"type":"Image","props":{"x":377,"skin":"Game/UI/Ranking/zuozhe.png","centerY":0},"compId":59},{"type":"Image","props":{"x":637,"skin":"Game/UI/Ranking/renqizhi.png","centerY":0},"compId":60},{"type":"Image","props":{"skin":"Game/UI/Ranking/paiming.png","centerY":0,"centerX":-339},"compId":58}]},{"type":"Image","props":{"y":142,"x":880,"var":"BtnClose","skin":"Game/UI/Common/guanbi.png","name":"BtnClose","anchorY":0.5,"anchorX":0.5},"compId":63}]}],"loadList":["Lwg/UI/ui_orthogon_black_0.7.png","TJ/Promo/image/jx8.png","TJ/Promo/image/yuansheng2.png","Game/UI/BackHint/guanbi.png","Game/UI/Common/dikuang.png","Game/UI/Common/kuang2.png","Game/UI/Ranking/choudai.png","Game/UI/Ranking/paihangbang.png","Game/UI/Ranking/w_di.png","Game/UI/Ranking/touxiang.png","Game/UI/Ranking/IconSkin/avatar_12.png","Game/UI/Common/zan.png","Game/UI/Ranking/juxing.png","Game/UI/Ranking/zuozhe.png","Game/UI/Ranking/renqizhi.png","Game/UI/Ranking/paiming.png","Game/UI/Common/guanbi.png"],"loadList3D":[]}