{"type":"View","props":{"width":720,"height":1280},"compId":2,"child":[{"type":"Image","props":{"y":0,"x":0,"var":"Background","skin":"Game/UI/Common/bg1.png","sizeGrid":"880,0,207,0","name":"Background"},"compId":4},{"type":"List","props":{"y":38,"x":0,"width":720,"var":"MyList","spaceY":-150,"rotation":0,"name":"NoAni_MyList","height":922},"compId":17,"child":[{"type":"Box","props":{"y":135,"x":157,"width":720,"renderType":"render","pivotY":135,"pivotX":157,"height":414},"compId":7,"child":[{"type":"Image","props":{"y":10,"x":363,"width":334,"name":"Content","height":304},"compId":15,"child":[{"type":"Image","props":{"y":195,"x":-174,"skin":"Game/UI/SelectLevel/xianlu1.png","name":"Xianlu"},"compId":11},{"type":"Image","props":{"y":195,"x":-31,"skin":"Game/UI/SelectLevel/IconDress/bi.png","scaleX":-1,"name":"IconPen"},"compId":14},{"type":"Image","props":{"y":170,"x":167,"width":333,"scaleX":1,"pivotY":170,"pivotX":167,"name":"BtnContent","height":303},"compId":18,"child":[{"type":"Image","props":{"y":21,"x":14,"width":307,"skin":"Game/UI/SelectLevel/yuan.png","name":"Board2","height":269},"compId":9,"child":[{"type":"Image","props":{"y":0,"x":0,"name":"Pic"},"compId":38,"child":[{"type":"Image","props":{"y":4,"x":3,"width":301,"skin":"Game/UI/SelectLevel/yuan.png","renderType":"mask","height":261},"compId":39}]}]},{"type":"Image","props":{"y":234,"x":136,"skin":"Game/UI/SelectLevel/sp.png","name":"IconAds"},"compId":13},{"type":"Image","props":{"y":127,"x":143,"width":50,"skin":"Game/UI/SelectLevel/suo.png","name":"IconLock","height":62},"compId":12},{"type":"Image","props":{"y":33,"skin":"Game/UI/SelectLevel/hf.png","name":"Board1","centerX":0},"compId":8},{"type":"Image","props":{"y":41.5,"skin":"Game/UI/SelectLevel/Name/dinglaotai.png","name":"Name","centerX":0},"compId":10},{"type":"Image","props":{"y":242,"x":77,"skin":"Game/UI/SelectLevel/anb.png","name":"GoldBoard"},"compId":35,"child":[{"type":"Image","props":{"y":2,"x":13,"skin":"Game/UI/Common/jb.png","name":"IconGold"},"compId":34}]},{"type":"Label","props":{"y":256.5,"x":151,"width":88,"valign":"middle","text":"10000","name":"GoldNum","height":29,"fontSize":28,"color":"#5c644a","bold":true,"align":"left"},"compId":36}]},{"type":"Image","props":{"y":213.5,"x":167,"skin":"Game/UI/Start/anxiu.png","scaleY":0.7,"scaleX":0.7,"name":"ADjiesuo","anchorY":0.5,"anchorX":0.5},"compId":43,"child":[{"type":"Image","props":{"y":22,"x":77,"skin":"Game/UI/Start/jiesuo.png"},"compId":44},{"type":"Image","props":{"y":9,"x":18,"skin":"Game/UI/SelectLevel/sp.png","scaleY":0.8,"scaleX":0.8},"compId":45}]}]}]}]},{"type":"Image","props":{"x":162,"width":554,"var":"CutBtn","name":"CutBtn","height":247,"bottom":30},"compId":24,"child":[{"type":"Image","props":{"y":69,"x":137,"width":85,"var":"BtnOther","name":"other","height":229},"compId":26,"child":[{"type":"Image","props":{"y":12,"x":0,"skin":"Game/UI/SelectLevel/hong.png"},"compId":20},{"type":"Image","props":{"top":40,"skin":"Game/UI/SelectLevel/qt.png","rotation":0,"centerX":0},"compId":30}]},{"type":"Image","props":{"y":69,"x":242,"width":85,"var":"BtnLimit","name":"limit","height":229},"compId":27,"child":[{"type":"Image","props":{"y":12,"x":-3,"width":86,"skin":"Game/UI/SelectLevel/huang.png","sizeGrid":"204,0,24,0","height":267},"compId":21},{"type":"Image","props":{"top":40,"skin":"Game/UI/SelectLevel/dyxd.png","centerX":0},"compId":31}]},{"type":"Image","props":{"y":69,"x":338,"width":85,"var":"BtnBotany","name":"botany","height":229},"compId":28,"child":[{"type":"Image","props":{"y":-58,"x":-11,"width":107,"skin":"Game/UI/SelectLevel/zhiwudi.png","sizeGrid":"255,0,39,0","height":348},"compId":22},{"type":"Image","props":{"y":-40,"x":-80,"top":40,"skin":"Game/UI/SelectLevel/zhiwu.png","centerX":0},"compId":32}]},{"type":"Image","props":{"y":69,"x":442,"width":85,"var":"BtnAnimal","name":"animal","height":229},"compId":29,"child":[{"type":"Image","props":{"y":-75,"x":-48,"width":152,"skin":"Game/UI/SelectLevel/dwdi.png","sizeGrid":"214,0,70,0","height":355},"compId":23},{"type":"Image","props":{"top":40,"skin":"Game/UI/SelectLevel/dw.png","centerX":0},"compId":33}]}]},{"type":"Image","props":{"y":1204,"x":0,"width":720,"var":"UiLand","skin":"Game/UI/SelectLevel/sc.png","rotation":0,"name":"UiLand","height":76},"compId":19},{"type":"Sprite","props":{"y":1200,"x":100,"width":91,"var":"BtnBack","texture":"Game/UI/SelectLevel/icon_back.png","pivotY":48,"pivotX":46,"name":"BtnBack","height":95},"compId":42},{"type":"Image","props":{"visible":false,"var":"TiliTishi","top":0,"right":0,"name":"TiliTishi","left":0,"bottom":0},"compId":46,"child":[{"type":"Image","props":{"y":357,"x":62,"skin":"Game/UI/TiLi/kk.png"},"compId":47,"child":[{"type":"Image","props":{"y":198,"x":177,"skin":"Game/UI/TiLi/xz.png"},"compId":48},{"type":"Image","props":{"y":485,"x":297,"var":"SureQ","skin":"Game/UI/TiLi/ii.png","anchorY":0.5,"anchorX":0.5},"compId":49,"child":[{"type":"Image","props":{"y":10,"x":36,"skin":"Game/UI/TiLi/p.png"},"compId":50},{"type":"Image","props":{"y":21.5,"x":110,"skin":"Game/UI/TiLi/qd.png"},"compId":51}]},{"type":"Image","props":{"y":13,"x":580,"var":"GuanQ","skin":"Game/UI/TiLi/gb.png","anchorY":0.5,"anchorX":0.5},"compId":52},{"type":"Text","props":{"y":259,"x":318,"text":"x2","fontSize":60,"font":"SimHei","color":"#6b2b00","bold":true,"runtime":"Laya.Text"},"compId":56},{"type":"Text","props":{"y":33,"x":215,"text":"温馨提示","strokeColor":"#6b2b00","stroke":3.5,"fontSize":40,"font":"SimHei","color":"#ffffff","bold":true,"runtime":"Laya.Text"},"compId":57}]}]}],"animations":[{"nodes":[{"target":17,"keyframes":{"y":[{"value":-312,"tweenMethod":"linearNone","tween":true,"target":17,"key":"y","index":0},{"value":38,"tweenMethod":"linearNone","tween":true,"target":17,"key":"y","index":30}],"x":[{"value":-290,"tweenMethod":"linearNone","tween":true,"target":17,"key":"x","index":0},{"value":0,"tweenMethod":"linearNone","tween":true,"target":17,"key":"x","index":30}],"rotation":[{"value":67,"tweenMethod":"linearNone","tween":true,"target":17,"key":"rotation","index":0},{"value":0,"tweenMethod":"linearNone","tween":true,"target":17,"key":"rotation","index":30}]}}],"name":"ani1","id":1,"frameRate":60,"action":1}],"loadList":["Game/UI/Common/bg1.png","Game/UI/SelectLevel/xianlu1.png","Game/UI/SelectLevel/IconDress/bi.png","Game/UI/SelectLevel/yuan.png","Game/UI/SelectLevel/sp.png","Game/UI/SelectLevel/suo.png","Game/UI/SelectLevel/hf.png","Game/UI/SelectLevel/Name/dinglaotai.png","Game/UI/SelectLevel/anb.png","Game/UI/Common/jb.png","Game/UI/Start/anxiu.png","Game/UI/Start/jiesuo.png","Game/UI/SelectLevel/hong.png","Game/UI/SelectLevel/qt.png","Game/UI/SelectLevel/huang.png","Game/UI/SelectLevel/dyxd.png","Game/UI/SelectLevel/zhiwudi.png","Game/UI/SelectLevel/zhiwu.png","Game/UI/SelectLevel/dwdi.png","Game/UI/SelectLevel/dw.png","Game/UI/SelectLevel/sc.png","Game/UI/SelectLevel/icon_back.png","Game/UI/TiLi/kk.png","Game/UI/TiLi/xz.png","Game/UI/TiLi/ii.png","Game/UI/TiLi/p.png","Game/UI/TiLi/qd.png","Game/UI/TiLi/gb.png"],"loadList3D":[]}