{"type":"View","props":{"width":1280,"height":720},"compId":2,"child":[{"type":"Image","props":{"zOrder":10,"visible":false,"skin":"Game/UI/Common/anniu_lan.png","pivotY":46,"pivotX":40,"left":1181,"bottom":10},"compId":50,"child":[{"type":"Image","props":{"width":48,"skin":"Game/UI/Start/wangye.png","height":46,"centerY":-5,"centerX":0},"compId":51}]},{"type":"Image","props":{"zOrder":10,"y":0,"x":0,"width":122,"var":"BtnParent","name":"BtnParent","height":125},"compId":63,"child":[{"type":"Image","props":{"zOrder":10,"y":652,"width":80,"visible":true,"var":"BtnCheckIn","skin":"Game/UI/Start/diandao.png","pivotY":46,"pivotX":40,"name":"BtnCheckIn","left":120,"height":92},"compId":37,"child":[{"type":"Image","props":{"y":18,"skin":"Game/UI/Start/hudong.png","centerX":0},"compId":47}]},{"type":"Image","props":{"y":151,"x":204,"width":92,"var":"BtnDressingRoom","skin":"Game/UI/Start/qipao_fen.png","pivotY":52,"pivotX":46,"name":"BtnDressingRoom","height":104},"compId":39,"child":[{"type":"Image","props":{"y":11,"skin":"Game/UI/Start/shiyifu.png","centerX":0},"compId":49}]},{"type":"Image","props":{"y":183,"x":901,"width":92,"var":"BtnDress","skin":"Game/UI/Start/qipao_fen.png","pivotY":52,"pivotX":46,"name":"BtnDress","height":104},"compId":40,"child":[{"type":"Image","props":{"y":12,"width":29,"skin":"Game/UI/Start/lianyiqun.png","height":46,"centerX":0},"compId":46}]},{"type":"Image","props":{"y":123,"x":1115,"width":92,"var":"BtnTop","skin":"Game/UI/Start/qipao_fen.png","pivotY":52,"pivotX":46,"name":"BtnTop","height":104},"compId":41,"child":[{"type":"Image","props":{"y":16,"skin":"Game/UI/Start/yifu.png","centerX":0},"compId":44}]},{"type":"Image","props":{"y":279,"x":1043,"width":92,"var":"BtnBottoms","skin":"Game/UI/Start/qipao_fen.png","pivotY":52,"pivotX":46,"name":"BtnBottoms","height":104},"compId":42,"child":[{"type":"Image","props":{"y":19.5,"skin":"Game/UI/Start/xiazhuang.png","centerX":0},"compId":43}]}]},{"type":"Image","props":{"zOrder":10,"y":227,"x":296,"width":92,"visible":false,"var":"BtnHaircut","skin":"Game/UI/Start/qipao_fen.png","pivotY":52,"pivotX":46,"name":"BtnHaircut","height":104},"compId":38,"child":[{"type":"Image","props":{"y":13,"skin":"Game/UI/Start/jiantoufa.png","centerX":0},"compId":48}]},{"type":"Image","props":{"zOrder":10,"y":0,"x":0,"width":307,"var":"Info","skin":"Game/UI/Start/touxiangkuang.png","name":"Info","height":108},"compId":52,"child":[{"type":"Image","props":{"y":50,"x":192,"width":166,"var":"BtnRanking","pivotY":28,"pivotX":83,"name":"BtnRanking","height":56},"compId":59,"child":[{"type":"Label","props":{"y":14,"x":36,"width":116,"var":"RankNum","valign":"middle","text":"50/50","name":"RankNum","height":35,"fontSize":25,"color":"#ffffff","align":"center"},"compId":56},{"type":"Image","props":{"y":13,"x":135,"var":"UpDown","skin":"Game/UI/Start/jiantou.png","name":"UpDown"},"compId":57},{"type":"Image","props":{"y":5,"x":9,"skin":"Game/UI/Start/paihangbang.png","name":"IconRank"},"compId":55}]},{"type":"Image","props":{"y":56,"x":53,"width":84,"var":"BtnPersonalInfo","skin":"Game/UI/Start/touxiang_shang.png","pivotY":47,"pivotX":42,"name":"BtnPersonalInfo","height":93},"compId":60,"child":[{"type":"Image","props":{"y":1,"x":8,"width":66,"skin":"Game/UI/Ranking/IconSkin/Ava.png","height":92},"compId":62},{"type":"Sprite","props":{"y":2,"x":1,"width":82,"texture":"Game/UI/Start/touxiang_xia.png","renderType":"mask","name":"mask","height":82},"compId":61}]}]},{"type":"Box","props":{"width":112,"name":"P201","height":138,"centerY":-125,"centerX":-175,"anchorY":0.5,"anchorX":0.5},"compId":75,"child":[{"type":"Image","props":{"width":102,"skin":"TJ/Promo/image/jx8.png","name":"icon","height":102,"centerY":-13,"centerX":0,"anchorY":0.5,"anchorX":0.5},"compId":76,"child":[{"type":"Image","props":{"width":112,"skin":"TJ/Promo/image/kk2.png","name":"kk","height":138,"centerY":13,"centerX":0},"compId":77},{"type":"Image","props":{"width":23,"visible":false,"skin":"TJ/Promo/image/y1.png","name":"flag1","height":23,"centerY":-45,"centerX":45,"anchorY":0.5,"anchorX":0.5},"compId":78},{"type":"Image","props":{"width":45,"visible":false,"skin":"TJ/Promo/image/hb2.png","name":"flag2","height":23,"centerY":-44,"centerX":40,"anchorY":0.5,"anchorX":0.5},"compId":79},{"type":"Image","props":{"width":45,"visible":false,"skin":"TJ/Promo/image/rm3.png","name":"flag3","height":23,"centerY":-44,"centerX":40,"anchorY":0.5,"anchorX":0.5},"compId":80}]},{"type":"Label","props":{"wordWrap":false,"width":105,"valign":"middle","text":"这里是游戏名称","name":"name","multiline":false,"mouseEnabled":false,"height":18,"fontSize":15,"editable":false,"centerY":54,"centerX":0,"anchorY":0.5,"anchorX":0.5,"align":"center"},"compId":81},{"type":"Script","props":{"runtime":"TJ/Promo/script/PromoItem.ts"},"compId":82},{"type":"Script","props":{"runtime":"TJ/Promo/script/ButtonScale.ts"},"compId":83},{"type":"Script","props":{"shake":true,"runtime":"TJ/Promo/script/P201.ts"},"compId":84}]},{"type":"Box","props":{"zOrder":1000,"x":0,"width":1,"visible":true,"name":"P405","left":-2,"height":1,"centerY":0,"anchorY":0.5,"anchorX":0.5},"compId":109,"child":[{"type":"Box","props":{"width":1,"name":"move","height":1,"centerY":0,"centerX":0,"anchorY":0.5,"anchorX":0.5},"compId":110,"child":[{"type":"Box","props":{"width":1,"name":"button","height":1,"centerY":-47,"centerX":0,"anchorY":0.5,"anchorX":0.5},"compId":111,"child":[{"type":"Button","props":{"y":50,"x":45,"width":90,"name":"show","height":100,"centerY":0,"centerX":44,"anchorY":0.5,"anchorX":0.5},"compId":112,"child":[{"type":"Image","props":{"width":89,"skin":"TJ/Promo/image/gdyx3.png","height":100,"centerY":0,"centerX":0,"anchorY":0.5,"anchorX":0.5},"compId":113,"child":[{"type":"Image","props":{"width":29,"skin":"TJ/Promo/image/tishi.png","height":32,"centerY":-46,"centerX":46,"anchorY":0.5,"anchorX":0.5},"compId":114}]},{"type":"Script","props":{"runtime":"TJ/Promo/script/ButtonScale.ts"},"compId":115}]},{"type":"Button","props":{"y":50,"x":45,"width":90,"visible":false,"name":"hide","height":100,"centerY":0,"centerX":44,"anchorY":0.5,"anchorX":0.5},"compId":116,"child":[{"type":"Image","props":{"width":89,"skin":"TJ/Promo/image/gdyx3.png","height":100,"centerY":0,"centerX":0,"anchorY":0.5,"anchorX":0.5},"compId":117},{"type":"Script","props":{"runtime":"TJ/Promo/script/ButtonScale.ts"},"compId":118}]}]},{"type":"Box","props":{"width":560,"name":"board","height":720,"centerY":0,"centerX":-280,"anchorY":0.5,"anchorX":0.5},"compId":119,"child":[{"type":"Image","props":{"top":0,"skin":"TJ/Promo/image/jx3x.png","right":0,"name":"bg","left":0,"bottom":0,"anchorY":0.5,"anchorX":0.5},"compId":120},{"type":"Panel","props":{"width":534,"name":"scroll","height":690,"centerY":0,"centerX":0,"anchorY":0.5,"anchorX":0.5},"compId":121,"child":[{"type":"Box","props":{"y":0,"x":0,"right":0,"name":"layout","left":0,"height":1},"compId":122,"child":[{"type":"Box","props":{"y":105,"x":85,"width":170,"name":"item","height":212.5,"anchorY":0.5,"anchorX":0.5},"compId":123,"child":[{"type":"Image","props":{"width":170,"skin":"TJ/Promo/image/jx8.png","name":"icon","height":170,"centerY":-21.25,"centerX":0,"anchorY":0.5,"anchorX":0.5},"compId":124},{"type":"Image","props":{"y":170,"x":0,"width":170,"name":"nbg","height":42.5,"centerY":85},"compId":125},{"type":"Label","props":{"x":85,"wordWrap":false,"width":170,"valign":"middle","text":"这里是游戏名称","name":"name","multiline":false,"mouseEnabled":false,"height":24,"fontSize":20,"editable":false,"color":"#ffffff","centerY":85,"centerX":0,"anchorY":0.5,"anchorX":0.5,"align":"center"},"compId":126},{"type":"Script","props":{"runtime":"TJ/Promo/script/PromoItem.ts"},"compId":127},{"type":"Script","props":{"runtime":"TJ/Promo/script/ButtonScale.ts"},"compId":128}]}]}]}]}]},{"type":"Script","props":{"runtime":"TJ/Promo/script/P405.ts"},"compId":129}]}],"loadList":["Game/UI/Common/anniu_lan.png","Game/UI/Start/wangye.png","Game/UI/Start/diandao.png","Game/UI/Start/hudong.png","Game/UI/Start/qipao_fen.png","Game/UI/Start/shiyifu.png","Game/UI/Start/lianyiqun.png","Game/UI/Start/yifu.png","Game/UI/Start/xiazhuang.png","Game/UI/Start/jiantoufa.png","Game/UI/Start/touxiangkuang.png","Game/UI/Start/jiantou.png","Game/UI/Start/paihangbang.png","Game/UI/Start/touxiang_shang.png","Game/UI/Ranking/IconSkin/Ava.png","Game/UI/Start/touxiang_xia.png","TJ/Promo/image/jx8.png","TJ/Promo/image/kk2.png","TJ/Promo/image/y1.png","TJ/Promo/image/hb2.png","TJ/Promo/image/rm3.png","TJ/Promo/image/gdyx3.png","TJ/Promo/image/tishi.png","TJ/Promo/image/jx3x.png"],"loadList3D":[]}