{"type":"Scene","props":{"width":1280,"height":720},"compId":2,"child":[{"type":"Image","props":{"width":1280,"top":0,"skin":"Lwg/UI/ui_orthogon_grass.png","right":0,"left":0,"height":720,"bottom":0},"compId":7},{"type":"Image","props":{"y":60,"x":1198,"width":132,"var":"BtnNext","skin":"Lwg/UI/ui_l_orthogon_orange.png","sizeGrid":"13,13,22,6","pivotY":38,"pivotX":66,"name":"BtnNext","height":76},"compId":3,"child":[{"type":"Label","props":{"width":118,"valign":"middle","text":"下一步","height":52,"fontSize":35,"centerY":0,"centerX":0,"bold":true,"align":"center"},"compId":4}]},{"type":"Image","props":{"y":39,"x":225,"width":878,"var":"Root","name":"NoAniRoot","height":655},"compId":8,"child":[{"type":"Image","props":{"y":62,"x":143,"var":"Ultimately","skin":"Game/UI/MakeClothes/ultimately.png","name":"Ultimately"},"compId":9},{"type":"Image","props":{"y":73,"x":444,"width":167,"skin":"Game/UI/MakeClothes/tailor2.png","pivotY":42,"pivotX":84,"name":"Cloth1","height":83},"compId":26},{"type":"Image","props":{"y":139,"x":403.5,"width":81,"skin":"Game/UI/MakeClothes/tailor3.png","name":"Cloth2","height":41},"compId":29},{"type":"Image","props":{"y":202,"x":83,"width":138,"skin":"Game/UI/MakeClothes/tailor5.png","name":"Cloth3","height":142},"compId":24},{"type":"Image","props":{"y":200,"x":660,"skin":"Game/UI/MakeClothes/tailor4.png","name":"Cloth4"},"compId":25},{"type":"Image","props":{"y":234,"x":276,"width":33,"skin":"Game/UI/MakeClothes/tailor7.png","name":"Cloth5","height":265},"compId":28},{"type":"Image","props":{"y":230,"x":574,"skin":"Game/UI/MakeClothes/tailor6.png","name":"Cloth6"},"compId":27},{"type":"Image","props":{"y":516,"x":269,"var":"Cloth7","skin":"Game/UI/MakeClothes/tailor1.png","name":"Cloth7"},"compId":10},{"type":"Image","props":{"y":32,"width":793,"var":"LineParent","name":"LineParent","height":591,"centerX":0},"compId":23,"child":[{"type":"Image","props":{"y":24,"x":317,"width":168,"var":"Line1","name":"Line1","height":62},"compId":17,"child":[{"type":"Image","props":{"y":13,"x":1,"skin":"Game/UI/MakeClothes/dotted2.png","rotation":-24,"pivotY":11,"pivotX":6},"compId":387,"child":[{"type":"Image","props":{"y":5,"x":3,"width":7,"skin":"Game/UI/MakeClothes/dotted1.png","height":14},"compId":420},{"type":"Script","props":{"width":13,"isSensor":true,"height":24,"runtime":"Laya.BoxCollider"},"compId":427},{"type":"Script","props":{"type":"static","gravityScale":0,"allowSleep":true,"runtime":"Laya.RigidBody"},"compId":428}]},{"type":"Image","props":{"y":29,"x":10,"width":13,"skin":"Game/UI/MakeClothes/dotted2.png","rotation":-46,"pivotY":11,"pivotX":6,"height":24},"compId":433,"child":[{"type":"Image","props":{"y":6,"x":4,"width":7,"skin":"Game/UI/MakeClothes/dotted1.png","height":14},"compId":434},{"type":"Script","props":{"y":1,"x":1,"width":13,"isSensor":true,"height":24,"runtime":"Laya.BoxCollider"},"compId":435},{"type":"Script","props":{"type":"static","gravityScale":0,"runtime":"Laya.RigidBody"},"compId":436}]},{"type":"Image","props":{"y":42,"x":24,"width":13,"skin":"Game/UI/MakeClothes/dotted2.png","rotation":-57,"pivotY":11,"pivotX":6,"height":24},"compId":437,"child":[{"type":"Image","props":{"y":6,"x":4,"width":7,"skin":"Game/UI/MakeClothes/dotted1.png","height":14},"compId":438},{"type":"Script","props":{"y":1,"x":1,"width":13,"isSensor":true,"height":24,"runtime":"Laya.BoxCollider"},"compId":439},{"type":"Script","props":{"type":"static","gravityScale":0,"runtime":"Laya.RigidBody"},"compId":440}]},{"type":"Image","props":{"y":53,"x":41,"width":13,"skin":"Game/UI/MakeClothes/dotted2.png","rotation":-65,"pivotY":11,"pivotX":6,"height":24},"compId":441,"child":[{"type":"Image","props":{"y":6,"x":4,"width":7,"skin":"Game/UI/MakeClothes/dotted1.png","height":14},"compId":442},{"type":"Script","props":{"y":1,"x":1,"width":13,"isSensor":true,"height":24,"runtime":"Laya.BoxCollider"},"compId":443},{"type":"Script","props":{"type":"static","gravityScale":0,"runtime":"Laya.RigidBody"},"compId":444}]},{"type":"Image","props":{"y":60,"x":61,"width":13,"skin":"Game/UI/MakeClothes/dotted2.png","rotation":-84,"pivotY":11,"pivotX":6,"height":24},"compId":445,"child":[{"type":"Image","props":{"y":6,"x":4,"width":7,"skin":"Game/UI/MakeClothes/dotted1.png","height":14},"compId":446},{"type":"Script","props":{"y":1,"x":1,"width":13,"isSensor":true,"height":24,"runtime":"Laya.BoxCollider"},"compId":447},{"type":"Script","props":{"type":"static","gravityScale":0,"runtime":"Laya.RigidBody"},"compId":448}]},{"type":"Image","props":{"y":62,"x":82,"width":13,"skin":"Game/UI/MakeClothes/dotted2.png","rotation":-89,"pivotY":11,"pivotX":6,"height":24},"compId":449,"child":[{"type":"Image","props":{"y":6,"x":4,"width":7,"skin":"Game/UI/MakeClothes/dotted1.png","height":14},"compId":450},{"type":"Script","props":{"y":1,"x":1,"width":13,"isSensor":true,"height":24,"runtime":"Laya.BoxCollider"},"compId":451},{"type":"Script","props":{"type":"static","gravityScale":0,"runtime":"Laya.RigidBody"},"compId":452}]},{"type":"Image","props":{"y":61,"x":103,"width":13,"skin":"Game/UI/MakeClothes/dotted2.png","rotation":-98,"pivotY":11,"pivotX":6,"height":24},"compId":453,"child":[{"type":"Image","props":{"y":6,"x":4,"width":7,"skin":"Game/UI/MakeClothes/dotted1.png","height":14},"compId":454},{"type":"Script","props":{"y":1,"x":1,"width":13,"isSensor":true,"height":24,"runtime":"Laya.BoxCollider"},"compId":455},{"type":"Script","props":{"type":"static","gravityScale":0,"runtime":"Laya.RigidBody"},"compId":456}]},{"type":"Image","props":{"y":55,"x":124,"width":13,"skin":"Game/UI/MakeClothes/dotted2.png","rotation":-117,"pivotY":11,"pivotX":6,"height":24},"compId":457,"child":[{"type":"Image","props":{"y":6,"x":4,"width":7,"skin":"Game/UI/MakeClothes/dotted1.png","height":14},"compId":458},{"type":"Script","props":{"y":1,"x":1,"width":13,"isSensor":true,"height":24,"runtime":"Laya.BoxCollider"},"compId":459},{"type":"Script","props":{"type":"static","gravityScale":0,"runtime":"Laya.RigidBody"},"compId":460}]},{"type":"Image","props":{"y":44,"x":142,"width":13,"skin":"Game/UI/MakeClothes/dotted2.png","rotation":-130,"pivotY":11,"pivotX":6,"height":24},"compId":461,"child":[{"type":"Image","props":{"y":6,"x":4,"width":7,"skin":"Game/UI/MakeClothes/dotted1.png","height":14},"compId":462},{"type":"Script","props":{"y":1,"x":1,"width":13,"isSensor":true,"height":24,"runtime":"Laya.BoxCollider"},"compId":463},{"type":"Script","props":{"type":"static","gravityScale":0,"runtime":"Laya.RigidBody"},"compId":464}]},{"type":"Image","props":{"y":29,"x":157,"width":13,"skin":"Game/UI/MakeClothes/dotted2.png","rotation":-144,"pivotY":11,"pivotX":6,"height":24},"compId":465,"child":[{"type":"Image","props":{"y":6,"x":4,"width":7,"skin":"Game/UI/MakeClothes/dotted1.png","height":14},"compId":466},{"type":"Script","props":{"y":1,"x":1,"width":13,"isSensor":true,"height":24,"runtime":"Laya.BoxCollider"},"compId":467},{"type":"Script","props":{"type":"static","gravityScale":0,"runtime":"Laya.RigidBody"},"compId":468}]},{"type":"Image","props":{"y":11,"x":167,"width":13,"skin":"Game/UI/MakeClothes/dotted2.png","rotation":-154,"pivotY":11,"pivotX":6,"height":20},"compId":583,"child":[{"type":"Image","props":{"y":5,"x":4,"width":7,"skin":"Game/UI/MakeClothes/dotted1.png","height":12},"compId":584},{"type":"Script","props":{"y":1,"x":1,"width":13,"isSensor":true,"height":18,"runtime":"Laya.BoxCollider"},"compId":585},{"type":"Script","props":{"type":"static","gravityScale":0,"runtime":"Laya.RigidBody"},"compId":586}]}]},{"type":"Image","props":{"y":104,"x":352,"var":"Line2","skin":"Game/UI/MakeClothes/dottedline3.png","name":"Line2"},"compId":14,"child":[{"type":"Image","props":{"y":9,"x":7,"width":13,"skin":"Game/UI/MakeClothes/dotted2.png","rotation":-46,"pivotY":11,"pivotX":6,"height":24},"compId":469,"child":[{"type":"Image","props":{"y":6,"x":4,"width":7,"skin":"Game/UI/MakeClothes/dotted1.png","height":14},"compId":470},{"type":"Script","props":{"y":1,"x":1,"width":13,"isSensor":true,"height":24,"runtime":"Laya.BoxCollider"},"compId":471},{"type":"Script","props":{"type":"static","gravityScale":0,"runtime":"Laya.RigidBody"},"compId":472}]},{"type":"Image","props":{"y":24,"x":22,"width":13,"skin":"Game/UI/MakeClothes/dotted2.png","rotation":-46,"pivotY":11,"pivotX":6,"height":24},"compId":473,"child":[{"type":"Image","props":{"y":6,"x":4,"width":7,"skin":"Game/UI/MakeClothes/dotted1.png","height":14},"compId":474},{"type":"Script","props":{"y":1,"x":1,"width":13,"isSensor":true,"height":24,"runtime":"Laya.BoxCollider"},"compId":475},{"type":"Script","props":{"type":"static","gravityScale":0,"runtime":"Laya.RigidBody"},"compId":476}]},{"type":"Image","props":{"y":38,"x":37,"width":13,"skin":"Game/UI/MakeClothes/dotted2.png","rotation":-46,"pivotY":11,"pivotX":6,"height":24},"compId":477,"child":[{"type":"Image","props":{"y":6,"x":4,"width":7,"skin":"Game/UI/MakeClothes/dotted1.png","height":14},"compId":478},{"type":"Script","props":{"y":1,"x":1,"width":13,"isSensor":true,"height":24,"runtime":"Laya.BoxCollider"},"compId":479},{"type":"Script","props":{"type":"static","gravityScale":0,"runtime":"Laya.RigidBody"},"compId":480}]},{"type":"Image","props":{"y":38,"x":62,"width":13,"skin":"Game/UI/MakeClothes/dotted2.png","rotation":46,"pivotY":11,"pivotX":6,"height":24},"compId":481,"child":[{"type":"Image","props":{"y":6,"x":4,"width":7,"skin":"Game/UI/MakeClothes/dotted1.png","height":14},"compId":482},{"type":"Script","props":{"y":1,"x":1,"width":13,"isSensor":true,"height":24,"runtime":"Laya.BoxCollider"},"compId":483},{"type":"Script","props":{"type":"static","gravityScale":0,"runtime":"Laya.RigidBody"},"compId":484}]},{"type":"Image","props":{"y":24,"x":75,"width":13,"skin":"Game/UI/MakeClothes/dotted2.png","rotation":44,"pivotY":11,"pivotX":6,"height":24},"compId":485,"child":[{"type":"Image","props":{"y":6,"x":4,"width":7,"skin":"Game/UI/MakeClothes/dotted1.png","height":14},"compId":486},{"type":"Script","props":{"y":1,"x":1,"width":13,"isSensor":true,"height":24,"runtime":"Laya.BoxCollider"},"compId":487},{"type":"Script","props":{"type":"static","gravityScale":0,"runtime":"Laya.RigidBody"},"compId":488}]},{"type":"Image","props":{"y":7,"x":92,"width":13,"skin":"Game/UI/MakeClothes/dotted2.png","rotation":43,"pivotY":11,"pivotX":6,"height":28},"compId":489,"child":[{"type":"Image","props":{"y":6,"x":4,"width":7,"skin":"Game/UI/MakeClothes/dotted1.png","height":14},"compId":490},{"type":"Script","props":{"y":1,"x":1,"width":13,"isSensor":true,"height":24,"runtime":"Laya.BoxCollider"},"compId":491},{"type":"Script","props":{"type":"static","gravityScale":0,"runtime":"Laya.RigidBody"},"compId":492}]},{"type":"Image","props":{"y":1,"x":21,"width":13,"skin":"Game/UI/MakeClothes/dotted2.png","skewY":-29,"skewX":0,"scaleX":1,"rotation":91,"pivotY":11,"pivotX":6,"height":23},"compId":493,"child":[{"type":"Image","props":{"y":6,"x":4,"width":7,"skin":"Game/UI/MakeClothes/dotted1.png","height":14},"compId":494},{"type":"Script","props":{"y":1,"x":1,"width":13,"isSensor":true,"height":25,"runtime":"Laya.BoxCollider"},"compId":495},{"type":"Script","props":{"type":"static","gravityScale":0,"runtime":"Laya.RigidBody"},"compId":496}]},{"type":"Image","props":{"y":1,"x":41,"width":13,"skin":"Game/UI/MakeClothes/dotted2.png","rotation":91,"pivotY":11,"pivotX":6,"height":27},"compId":497,"child":[{"type":"Image","props":{"y":6,"x":4,"width":7,"skin":"Game/UI/MakeClothes/dotted1.png","height":14},"compId":498},{"type":"Script","props":{"y":1,"x":1,"width":13,"isSensor":true,"height":27,"runtime":"Laya.BoxCollider"},"compId":499},{"type":"Script","props":{"type":"static","gravityScale":0,"runtime":"Laya.RigidBody"},"compId":500}]},{"type":"Image","props":{"y":1,"x":82,"width":17,"skin":"Game/UI/MakeClothes/dotted2.png","skewY":41,"rotation":91,"pivotY":11,"pivotX":6,"height":24},"compId":505,"child":[{"type":"Image","props":{"y":6,"x":4,"width":9,"skin":"Game/UI/MakeClothes/dotted1.png","height":16},"compId":506},{"type":"Script","props":{"y":1,"x":1,"width":13,"isSensor":true,"height":24,"runtime":"Laya.BoxCollider"},"compId":507},{"type":"Script","props":{"type":"static","gravityScale":0,"runtime":"Laya.RigidBody"},"compId":508}]},{"type":"Image","props":{"y":1,"x":61,"width":13,"skin":"Game/UI/MakeClothes/dotted2.png","rotation":91,"pivotY":11,"pivotX":6,"height":24},"compId":501,"child":[{"type":"Image","props":{"y":6,"x":4,"width":7,"skin":"Game/UI/MakeClothes/dotted1.png","height":14},"compId":502},{"type":"Script","props":{"y":1,"x":1,"width":13,"isSensor":true,"height":24,"runtime":"Laya.BoxCollider"},"compId":503},{"type":"Script","props":{"type":"static","gravityScale":0,"runtime":"Laya.RigidBody"},"compId":504}]},{"type":"Image","props":{"y":49,"x":52,"width":13,"skin":"Game/UI/MakeClothes/dotted2.png","rotation":46,"pivotY":8,"pivotX":7,"height":15},"compId":559,"child":[{"type":"Image","props":{"y":4,"x":4,"width":7,"skin":"Game/UI/MakeClothes/dotted1.png","height":7},"compId":560},{"type":"Script","props":{"y":1,"x":1,"width":13,"isSensor":true,"height":14,"runtime":"Laya.BoxCollider"},"compId":561},{"type":"Script","props":{"type":"static","gravityScale":0,"runtime":"Laya.RigidBody"},"compId":562}]}]},{"type":"Image","props":{"y":167,"x":97,"width":85,"var":"Line3","name":"Line3","height":94},"compId":16,"child":[{"type":"Image","props":{"y":10,"x":8,"width":13,"skin":"Game/UI/MakeClothes/dotted2.png","rotation":-42,"pivotY":11,"pivotX":6,"height":24},"compId":511,"child":[{"type":"Image","props":{"y":4,"x":4,"width":7,"skin":"Game/UI/MakeClothes/dotted1.png","height":14},"compId":512},{"type":"Script","props":{"y":1,"x":1,"width":13,"isSensor":true,"height":24,"runtime":"Laya.BoxCollider"},"compId":513},{"type":"Script","props":{"type":"static","gravityScale":0,"runtime":"Laya.RigidBody"},"compId":514}]},{"type":"Image","props":{"y":24,"x":21,"width":13,"skin":"Game/UI/MakeClothes/dotted2.png","rotation":-42,"pivotY":11,"pivotX":6,"height":24},"compId":563,"child":[{"type":"Image","props":{"y":4,"x":4,"width":7,"skin":"Game/UI/MakeClothes/dotted1.png","height":14},"compId":564},{"type":"Script","props":{"y":1,"x":1,"width":13,"isSensor":true,"height":24,"runtime":"Laya.BoxCollider"},"compId":565},{"type":"Script","props":{"type":"static","gravityScale":0,"runtime":"Laya.RigidBody"},"compId":566}]},{"type":"Image","props":{"y":39,"x":35,"width":13,"skin":"Game/UI/MakeClothes/dotted2.png","rotation":-42,"pivotY":11,"pivotX":6,"height":24},"compId":567,"child":[{"type":"Image","props":{"y":4,"x":4,"width":7,"skin":"Game/UI/MakeClothes/dotted1.png","height":14},"compId":568},{"type":"Script","props":{"y":1,"x":1,"width":13,"isSensor":true,"height":24,"runtime":"Laya.BoxCollider"},"compId":569},{"type":"Script","props":{"type":"static","gravityScale":0,"runtime":"Laya.RigidBody"},"compId":570}]},{"type":"Image","props":{"y":54,"x":49,"width":13,"skin":"Game/UI/MakeClothes/dotted2.png","rotation":-42,"pivotY":11,"pivotX":6,"height":24},"compId":571,"child":[{"type":"Image","props":{"y":4,"x":4,"width":7,"skin":"Game/UI/MakeClothes/dotted1.png","height":14},"compId":572},{"type":"Script","props":{"y":1,"x":1,"width":13,"isSensor":true,"height":24,"runtime":"Laya.BoxCollider"},"compId":573},{"type":"Script","props":{"type":"static","gravityScale":0,"runtime":"Laya.RigidBody"},"compId":574}]},{"type":"Image","props":{"y":69,"x":63,"width":13,"skin":"Game/UI/MakeClothes/dotted2.png","rotation":-42,"pivotY":11,"pivotX":6,"height":24},"compId":575,"child":[{"type":"Image","props":{"y":4,"x":4,"width":7,"skin":"Game/UI/MakeClothes/dotted1.png","height":14},"compId":576},{"type":"Script","props":{"y":1,"x":1,"width":13,"isSensor":true,"height":24,"runtime":"Laya.BoxCollider"},"compId":577},{"type":"Script","props":{"type":"static","gravityScale":0,"runtime":"Laya.RigidBody"},"compId":578}]},{"type":"Image","props":{"y":83,"x":76,"width":13,"skin":"Game/UI/MakeClothes/dotted2.png","rotation":-42,"pivotY":11,"pivotX":6,"height":22},"compId":579,"child":[{"type":"Image","props":{"y":4,"x":4,"width":7,"skin":"Game/UI/MakeClothes/dotted1.png","height":14},"compId":580},{"type":"Script","props":{"y":1,"x":1,"width":13,"isSensor":true,"height":24,"runtime":"Laya.BoxCollider"},"compId":581},{"type":"Script","props":{"type":"static","gravityScale":0,"runtime":"Laya.RigidBody"},"compId":582}]}]},{"type":"Image","props":{"y":166,"x":616,"width":87,"var":"Line4","name":"Line4","height":93},"compId":15,"child":[{"type":"Image","props":{"y":10,"x":77,"width":13,"skin":"Game/UI/MakeClothes/dotted2.png","rotation":44,"pivotY":11,"pivotX":6,"height":24},"compId":535,"child":[{"type":"Image","props":{"y":6,"x":4,"width":7,"skin":"Game/UI/MakeClothes/dotted1.png","height":14},"compId":536},{"type":"Script","props":{"y":1,"x":1,"width":13,"isSensor":true,"height":24,"runtime":"Laya.BoxCollider"},"compId":537},{"type":"Script","props":{"type":"static","gravityScale":0,"runtime":"Laya.RigidBody"},"compId":538}]},{"type":"Image","props":{"y":22,"x":66,"width":13,"skin":"Game/UI/MakeClothes/dotted2.png","rotation":44,"pivotY":11,"pivotX":6,"height":24},"compId":539,"child":[{"type":"Image","props":{"y":6,"x":4,"width":7,"skin":"Game/UI/MakeClothes/dotted1.png","height":14},"compId":540},{"type":"Script","props":{"y":1,"x":1,"width":13,"isSensor":true,"height":24,"runtime":"Laya.BoxCollider"},"compId":541},{"type":"Script","props":{"type":"static","gravityScale":0,"runtime":"Laya.RigidBody"},"compId":542}]},{"type":"Image","props":{"y":37,"x":52,"width":13,"skin":"Game/UI/MakeClothes/dotted2.png","rotation":44,"pivotY":11,"pivotX":6,"height":24},"compId":543,"child":[{"type":"Image","props":{"y":6,"x":4,"width":7,"skin":"Game/UI/MakeClothes/dotted1.png","height":14},"compId":544},{"type":"Script","props":{"y":1,"x":1,"width":13,"isSensor":true,"height":24,"runtime":"Laya.BoxCollider"},"compId":545},{"type":"Script","props":{"type":"static","gravityScale":0,"runtime":"Laya.RigidBody"},"compId":546}]},{"type":"Image","props":{"y":53,"x":37,"width":13,"skin":"Game/UI/MakeClothes/dotted2.png","rotation":44,"pivotY":11,"pivotX":6,"height":24},"compId":547,"child":[{"type":"Image","props":{"y":6,"x":4,"width":7,"skin":"Game/UI/MakeClothes/dotted1.png","height":14},"compId":548},{"type":"Script","props":{"y":1,"x":1,"width":13,"isSensor":true,"height":24,"runtime":"Laya.BoxCollider"},"compId":549},{"type":"Script","props":{"type":"static","gravityScale":0,"runtime":"Laya.RigidBody"},"compId":550}]},{"type":"Image","props":{"y":81,"x":10,"width":13,"skin":"Game/UI/MakeClothes/dotted2.png","rotation":44,"pivotY":11,"pivotX":6,"height":24},"compId":555,"child":[{"type":"Image","props":{"y":6,"x":4,"width":7,"skin":"Game/UI/MakeClothes/dotted1.png","height":14},"compId":556},{"type":"Script","props":{"y":1,"x":1,"width":13,"isSensor":true,"height":24,"runtime":"Laya.BoxCollider"},"compId":557},{"type":"Script","props":{"type":"static","gravityScale":0,"runtime":"Laya.RigidBody"},"compId":558}]},{"type":"Image","props":{"y":69,"x":22,"width":13,"skin":"Game/UI/MakeClothes/dotted2.png","rotation":44,"pivotY":11,"pivotX":6,"height":28},"compId":551,"child":[{"type":"Image","props":{"y":6,"x":4,"width":7,"skin":"Game/UI/MakeClothes/dotted1.png","height":14},"compId":552},{"type":"Script","props":{"y":1,"x":1,"width":13,"isSensor":true,"height":24,"runtime":"Laya.BoxCollider"},"compId":553},{"type":"Script","props":{"type":"static","gravityScale":0,"runtime":"Laya.RigidBody"},"compId":554}]}]},{"type":"Image","props":{"y":197,"x":230,"width":41,"var":"Line5","name":"Line5","height":280},"compId":20,"child":[{"type":"Image","props":{"y":11,"x":22,"width":13,"skin":"Game/UI/MakeClothes/dotted2.png","rotation":-18,"pivotY":11,"pivotX":6,"height":24},"compId":587,"child":[{"type":"Image","props":{"y":-7,"x":12,"width":23,"skin":"Game/UI/MakeClothes/dotted2.png","rotation":25,"renderType":"mask","height":44},"compId":591},{"type":"Image","props":{"y":6,"x":4,"width":7,"skin":"Game/UI/MakeClothes/dotted1.png","height":14},"compId":588},{"type":"Script","props":{"y":1,"x":1,"width":13,"isSensor":true,"height":24,"runtime":"Laya.BoxCollider"},"compId":589},{"type":"Script","props":{"type":"static","gravityScale":0,"runtime":"Laya.RigidBody"},"compId":590}]},{"type":"Image","props":{"y":32,"x":28,"width":13,"skin":"Game/UI/MakeClothes/dotted2.png","rotation":-9,"pivotY":11,"pivotX":6,"height":24},"compId":592,"child":[{"type":"Image","props":{"y":6,"x":4,"width":7,"skin":"Game/UI/MakeClothes/dotted1.png","height":14},"compId":594},{"type":"Script","props":{"y":1,"x":1,"width":13,"isSensor":true,"height":24,"runtime":"Laya.BoxCollider"},"compId":595},{"type":"Script","props":{"type":"static","gravityScale":0,"runtime":"Laya.RigidBody"},"compId":596}]},{"type":"Image","props":{"y":55,"x":32.5,"width":13,"skin":"Game/UI/MakeClothes/dotted2.png","rotation":-5,"pivotY":11,"pivotX":6,"height":24},"compId":597,"child":[{"type":"Image","props":{"y":6,"x":4,"width":7,"skin":"Game/UI/MakeClothes/dotted1.png","height":14},"compId":598},{"type":"Script","props":{"y":1,"x":1,"width":13,"isSensor":true,"height":24,"runtime":"Laya.BoxCollider"},"compId":599},{"type":"Script","props":{"type":"static","gravityScale":0,"runtime":"Laya.RigidBody"},"compId":600}]},{"type":"Image","props":{"y":77,"x":35,"width":13,"skin":"Game/UI/MakeClothes/dotted2.png","rotation":-5,"pivotY":11,"pivotX":6,"height":24},"compId":601,"child":[{"type":"Image","props":{"y":6,"x":4,"width":7,"skin":"Game/UI/MakeClothes/dotted1.png","height":14},"compId":602},{"type":"Script","props":{"y":1,"x":1,"width":13,"isSensor":true,"height":24,"runtime":"Laya.BoxCollider"},"compId":603},{"type":"Script","props":{"type":"static","gravityScale":0,"runtime":"Laya.RigidBody"},"compId":604}]},{"type":"Image","props":{"y":99,"x":36,"width":13,"skin":"Game/UI/MakeClothes/dotted2.png","rotation":1,"pivotY":11,"pivotX":6,"height":24},"compId":605,"child":[{"type":"Image","props":{"y":6,"x":4,"width":7,"skin":"Game/UI/MakeClothes/dotted1.png","height":14},"compId":606},{"type":"Script","props":{"y":1,"x":1,"width":13,"isSensor":true,"height":24,"runtime":"Laya.BoxCollider"},"compId":607},{"type":"Script","props":{"type":"static","gravityScale":0,"runtime":"Laya.RigidBody"},"compId":608}]},{"type":"Image","props":{"y":121,"x":36,"width":13,"skin":"Game/UI/MakeClothes/dotted2.png","rotation":1,"pivotY":11,"pivotX":6,"height":24},"compId":609,"child":[{"type":"Image","props":{"y":6,"x":4,"width":7,"skin":"Game/UI/MakeClothes/dotted1.png","height":14},"compId":610},{"type":"Script","props":{"y":1,"x":1,"width":13,"isSensor":true,"height":24,"runtime":"Laya.BoxCollider"},"compId":611},{"type":"Script","props":{"type":"static","gravityScale":0,"runtime":"Laya.RigidBody"},"compId":612}]},{"type":"Image","props":{"y":142,"x":35,"width":13,"skin":"Game/UI/MakeClothes/dotted2.png","rotation":3,"pivotY":11,"pivotX":6,"height":24},"compId":613,"child":[{"type":"Image","props":{"y":6,"x":4,"width":7,"skin":"Game/UI/MakeClothes/dotted1.png","height":14},"compId":614},{"type":"Script","props":{"y":1,"x":1,"width":13,"isSensor":true,"height":24,"runtime":"Laya.BoxCollider"},"compId":615},{"type":"Script","props":{"type":"static","gravityScale":0,"runtime":"Laya.RigidBody"},"compId":616}]},{"type":"Image","props":{"y":164,"x":32.5,"width":13,"skin":"Game/UI/MakeClothes/dotted2.png","rotation":9,"pivotY":11,"pivotX":6,"height":24},"compId":617,"child":[{"type":"Image","props":{"y":6,"x":4,"width":7,"skin":"Game/UI/MakeClothes/dotted1.png","height":14},"compId":618},{"type":"Script","props":{"y":1,"x":1,"width":13,"isSensor":true,"height":24,"runtime":"Laya.BoxCollider"},"compId":619},{"type":"Script","props":{"type":"static","gravityScale":0,"runtime":"Laya.RigidBody"},"compId":620}]},{"type":"Image","props":{"y":185,"x":28.5,"width":13,"skin":"Game/UI/MakeClothes/dotted2.png","rotation":11,"pivotY":11,"pivotX":6,"height":24},"compId":621,"child":[{"type":"Image","props":{"y":6,"x":4,"width":7,"skin":"Game/UI/MakeClothes/dotted1.png","height":14},"compId":622},{"type":"Script","props":{"y":1,"x":1,"width":13,"isSensor":true,"height":24,"runtime":"Laya.BoxCollider"},"compId":623},{"type":"Script","props":{"type":"static","gravityScale":0,"runtime":"Laya.RigidBody"},"compId":624}]},{"type":"Image","props":{"y":206,"x":24,"width":13,"skin":"Game/UI/MakeClothes/dotted2.png","rotation":11,"pivotY":11,"pivotX":6,"height":24},"compId":625,"child":[{"type":"Image","props":{"y":6,"x":4,"width":7,"skin":"Game/UI/MakeClothes/dotted1.png","height":14},"compId":626},{"type":"Script","props":{"y":1,"x":1,"width":13,"isSensor":true,"height":24,"runtime":"Laya.BoxCollider"},"compId":627},{"type":"Script","props":{"type":"static","gravityScale":0,"runtime":"Laya.RigidBody"},"compId":628}]},{"type":"Image","props":{"y":227,"x":18.5,"width":13,"skin":"Game/UI/MakeClothes/dotted2.png","rotation":14,"pivotY":11,"pivotX":6,"height":24},"compId":629,"child":[{"type":"Image","props":{"y":6,"x":4,"width":7,"skin":"Game/UI/MakeClothes/dotted1.png","height":14},"compId":630},{"type":"Script","props":{"y":1,"x":1,"width":13,"isSensor":true,"height":24,"runtime":"Laya.BoxCollider"},"compId":631},{"type":"Script","props":{"type":"static","gravityScale":0,"runtime":"Laya.RigidBody"},"compId":632}]},{"type":"Image","props":{"y":247,"x":13,"width":13,"skin":"Game/UI/MakeClothes/dotted2.png","rotation":17,"pivotY":11,"pivotX":6,"height":24},"compId":633,"child":[{"type":"Image","props":{"y":6,"x":4,"width":7,"skin":"Game/UI/MakeClothes/dotted1.png","height":14},"compId":634},{"type":"Script","props":{"y":1,"x":1,"width":13,"isSensor":true,"height":24,"runtime":"Laya.BoxCollider"},"compId":635},{"type":"Script","props":{"type":"static","gravityScale":0,"runtime":"Laya.RigidBody"},"compId":636}]},{"type":"Image","props":{"y":267,"x":6.5,"width":13,"skin":"Game/UI/MakeClothes/dotted2.png","rotation":19,"pivotY":11,"pivotX":6,"height":28},"compId":637,"child":[{"type":"Image","props":{"y":6,"x":4,"width":7,"skin":"Game/UI/MakeClothes/dotted1.png","height":14},"compId":638},{"type":"Script","props":{"y":1,"x":1,"width":13,"isSensor":true,"height":24,"runtime":"Laya.BoxCollider"},"compId":639},{"type":"Script","props":{"type":"static","gravityScale":0,"runtime":"Laya.RigidBody"},"compId":640},{"type":"Image","props":{"y":-9,"x":-4,"width":23,"skin":"Game/UI/MakeClothes/dotted2.png","rotation":-13,"renderType":"mask","height":36},"compId":642}]}]},{"type":"Image","props":{"y":198,"x":527,"width":44,"var":"Line6","name":"Line6","height":279},"compId":19,"child":[{"type":"Image","props":{"y":6,"x":13,"width":13,"skin":"Game/UI/MakeClothes/dotted2.png","rotation":12,"pivotY":11,"pivotX":6,"height":29},"compId":647,"child":[{"type":"Image","props":{"y":-2,"x":-18.5,"width":23,"skin":"Game/UI/MakeClothes/dotted2.png","rotation":-26,"renderType":"mask","height":44},"compId":648},{"type":"Image","props":{"y":6,"x":4,"width":7,"skin":"Game/UI/MakeClothes/dotted1.png","height":14},"compId":649},{"type":"Script","props":{"y":1,"x":1,"width":13,"isSensor":true,"height":24,"runtime":"Laya.BoxCollider"},"compId":650},{"type":"Script","props":{"type":"static","gravityScale":0,"runtime":"Laya.RigidBody"},"compId":651}]},{"type":"Image","props":{"y":28,"x":8,"width":13,"skin":"Game/UI/MakeClothes/dotted2.png","rotation":10,"pivotY":11,"pivotX":6,"height":29},"compId":652,"child":[{"type":"Image","props":{"y":6,"x":4,"width":7,"skin":"Game/UI/MakeClothes/dotted1.png","height":14},"compId":654},{"type":"Script","props":{"y":1,"x":1,"width":13,"isSensor":true,"height":24,"runtime":"Laya.BoxCollider"},"compId":655},{"type":"Script","props":{"type":"static","gravityScale":0,"runtime":"Laya.RigidBody"},"compId":656}]},{"type":"Image","props":{"y":49,"x":4.5,"width":13,"skin":"Game/UI/MakeClothes/dotted2.png","rotation":8,"pivotY":11,"pivotX":6,"height":29},"compId":657,"child":[{"type":"Image","props":{"y":6,"x":4,"width":7,"skin":"Game/UI/MakeClothes/dotted1.png","height":14},"compId":658},{"type":"Script","props":{"y":1,"x":1,"width":13,"isSensor":true,"height":24,"runtime":"Laya.BoxCollider"},"compId":659},{"type":"Script","props":{"type":"static","gravityScale":0,"runtime":"Laya.RigidBody"},"compId":660}]},{"type":"Image","props":{"y":70,"x":2.5,"width":13,"skin":"Game/UI/MakeClothes/dotted2.png","rotation":5,"pivotY":11,"pivotX":6,"height":29},"compId":661,"child":[{"type":"Image","props":{"y":6,"x":4,"width":7,"skin":"Game/UI/MakeClothes/dotted1.png","height":14},"compId":662},{"type":"Script","props":{"y":1,"x":1,"width":13,"isSensor":true,"height":24,"runtime":"Laya.BoxCollider"},"compId":663},{"type":"Script","props":{"type":"static","gravityScale":0,"runtime":"Laya.RigidBody"},"compId":664}]},{"type":"Image","props":{"y":91,"x":1.5,"width":13,"skin":"Game/UI/MakeClothes/dotted2.png","rotation":2,"pivotY":11,"pivotX":6,"height":29},"compId":665,"child":[{"type":"Image","props":{"y":6,"x":4,"width":7,"skin":"Game/UI/MakeClothes/dotted1.png","height":14},"compId":666},{"type":"Script","props":{"y":1,"x":1,"width":13,"isSensor":true,"height":24,"runtime":"Laya.BoxCollider"},"compId":667},{"type":"Script","props":{"type":"static","gravityScale":0,"runtime":"Laya.RigidBody"},"compId":668}]},{"type":"Image","props":{"y":114,"x":1.5,"width":13,"skin":"Game/UI/MakeClothes/dotted2.png","rotation":-1,"pivotY":11,"pivotX":6,"height":29},"compId":669,"child":[{"type":"Image","props":{"y":6,"x":4,"width":7,"skin":"Game/UI/MakeClothes/dotted1.png","height":14},"compId":670},{"type":"Script","props":{"y":1,"x":1,"width":13,"isSensor":true,"height":24,"runtime":"Laya.BoxCollider"},"compId":671},{"type":"Script","props":{"type":"static","gravityScale":0,"runtime":"Laya.RigidBody"},"compId":672}]},{"type":"Image","props":{"y":134.5,"x":3.5,"width":13,"skin":"Game/UI/MakeClothes/dotted2.png","rotation":-6,"pivotY":11,"pivotX":6,"height":29},"compId":673,"child":[{"type":"Image","props":{"y":6,"x":4,"width":7,"skin":"Game/UI/MakeClothes/dotted1.png","height":14},"compId":674},{"type":"Script","props":{"y":1,"x":1,"width":13,"isSensor":true,"height":24,"runtime":"Laya.BoxCollider"},"compId":675},{"type":"Script","props":{"type":"static","gravityScale":0,"runtime":"Laya.RigidBody"},"compId":676}]},{"type":"Image","props":{"y":156.5,"x":7,"width":13,"skin":"Game/UI/MakeClothes/dotted2.png","rotation":-10,"pivotY":11,"pivotX":6,"height":29},"compId":677,"child":[{"type":"Image","props":{"y":6,"x":4,"width":7,"skin":"Game/UI/MakeClothes/dotted1.png","height":14},"compId":678},{"type":"Script","props":{"y":1,"x":1,"width":13,"isSensor":true,"height":24,"runtime":"Laya.BoxCollider"},"compId":679},{"type":"Script","props":{"type":"static","gravityScale":0,"runtime":"Laya.RigidBody"},"compId":680}]},{"type":"Image","props":{"y":177,"x":11,"width":13,"skin":"Game/UI/MakeClothes/dotted2.png","rotation":-12,"pivotY":11,"pivotX":6,"height":29},"compId":681,"child":[{"type":"Image","props":{"y":6,"x":4,"width":7,"skin":"Game/UI/MakeClothes/dotted1.png","height":14},"compId":682},{"type":"Script","props":{"y":1,"x":1,"width":13,"isSensor":true,"height":24,"runtime":"Laya.BoxCollider"},"compId":683},{"type":"Script","props":{"type":"static","gravityScale":0,"runtime":"Laya.RigidBody"},"compId":684}]},{"type":"Image","props":{"y":197.5,"x":15.5,"width":13,"skin":"Game/UI/MakeClothes/dotted2.png","rotation":-13,"pivotY":11,"pivotX":6,"height":29},"compId":689,"child":[{"type":"Image","props":{"y":6,"x":4,"width":7,"skin":"Game/UI/MakeClothes/dotted1.png","height":14},"compId":690},{"type":"Script","props":{"y":1,"x":1,"width":13,"isSensor":true,"height":24,"runtime":"Laya.BoxCollider"},"compId":691},{"type":"Script","props":{"type":"static","gravityScale":0,"runtime":"Laya.RigidBody"},"compId":692}]},{"type":"Image","props":{"y":217.5,"x":21,"width":13,"skin":"Game/UI/MakeClothes/dotted2.png","rotation":-15,"pivotY":11,"pivotX":6,"height":29},"compId":693,"child":[{"type":"Image","props":{"y":6,"x":4,"width":7,"skin":"Game/UI/MakeClothes/dotted1.png","height":14},"compId":694},{"type":"Script","props":{"y":1,"x":1,"width":13,"isSensor":true,"height":24,"runtime":"Laya.BoxCollider"},"compId":695},{"type":"Script","props":{"type":"static","gravityScale":0,"runtime":"Laya.RigidBody"},"compId":696}]},{"type":"Image","props":{"y":237.5,"x":27,"width":13,"skin":"Game/UI/MakeClothes/dotted2.png","rotation":-17,"pivotY":11,"pivotX":6,"height":29},"compId":697,"child":[{"type":"Image","props":{"y":6,"x":4,"width":7,"skin":"Game/UI/MakeClothes/dotted1.png","height":14},"compId":698},{"type":"Script","props":{"y":1,"x":1,"width":13,"isSensor":true,"height":24,"runtime":"Laya.BoxCollider"},"compId":699},{"type":"Script","props":{"type":"static","gravityScale":0,"runtime":"Laya.RigidBody"},"compId":700}]},{"type":"Image","props":{"y":258,"x":34,"width":13,"skin":"Game/UI/MakeClothes/dotted2.png","rotation":-19,"pivotY":11,"pivotX":6,"height":29},"compId":701,"child":[{"type":"Image","props":{"y":-8,"x":-6,"width":21,"skin":"Game/UI/MakeClothes/dotted2.png","rotation":10,"renderType":"mask","height":40},"compId":705},{"type":"Image","props":{"y":6,"x":4,"width":7,"skin":"Game/UI/MakeClothes/dotted1.png","rotation":0,"height":14},"compId":702},{"type":"Script","props":{"y":1,"x":1,"width":13,"isSensor":true,"height":24,"runtime":"Laya.BoxCollider"},"compId":703},{"type":"Script","props":{"type":"static","gravityScale":0,"runtime":"Laya.RigidBody"},"compId":704}]}]},{"type":"Image","props":{"y":479,"x":231,"width":341,"var":"Line7","name":"Line7","height":6},"compId":207,"child":[{"type":"Image","props":{"y":1,"x":15,"width":13,"skin":"Game/UI/MakeClothes/dotted2.png","rotation":90,"pivotY":11,"pivotX":6,"height":24},"compId":706,"child":[{"type":"Image","props":{"y":6,"x":4,"width":7,"skin":"Game/UI/MakeClothes/dotted1.png","height":14},"compId":707},{"type":"Script","props":{"y":1,"x":1,"width":13,"isSensor":true,"height":24,"runtime":"Laya.BoxCollider"},"compId":708},{"type":"Script","props":{"type":"static","gravityScale":0,"runtime":"Laya.RigidBody"},"compId":709}]},{"type":"Image","props":{"y":1,"x":36,"width":13,"skin":"Game/UI/MakeClothes/dotted2.png","rotation":90,"pivotY":11,"pivotX":6,"height":24},"compId":710,"child":[{"type":"Image","props":{"y":6,"x":4,"width":7,"skin":"Game/UI/MakeClothes/dotted1.png","height":14},"compId":711},{"type":"Script","props":{"y":1,"x":1,"width":13,"isSensor":true,"height":24,"runtime":"Laya.BoxCollider"},"compId":712},{"type":"Script","props":{"type":"static","gravityScale":0,"runtime":"Laya.RigidBody"},"compId":713}]},{"type":"Image","props":{"y":1,"x":57,"width":13,"skin":"Game/UI/MakeClothes/dotted2.png","rotation":90,"pivotY":11,"pivotX":6,"height":24},"compId":714,"child":[{"type":"Image","props":{"y":6,"x":4,"width":7,"skin":"Game/UI/MakeClothes/dotted1.png","height":14},"compId":715},{"type":"Script","props":{"y":1,"x":1,"width":13,"isSensor":true,"height":24,"runtime":"Laya.BoxCollider"},"compId":716},{"type":"Script","props":{"type":"static","gravityScale":0,"runtime":"Laya.RigidBody"},"compId":717}]},{"type":"Image","props":{"y":1,"x":78,"width":13,"skin":"Game/UI/MakeClothes/dotted2.png","rotation":90,"pivotY":11,"pivotX":6,"height":24},"compId":718,"child":[{"type":"Image","props":{"y":6,"x":4,"width":7,"skin":"Game/UI/MakeClothes/dotted1.png","height":14},"compId":719},{"type":"Script","props":{"y":1,"x":1,"width":13,"isSensor":true,"height":24,"runtime":"Laya.BoxCollider"},"compId":720},{"type":"Script","props":{"type":"static","gravityScale":0,"runtime":"Laya.RigidBody"},"compId":721}]},{"type":"Image","props":{"y":1,"x":98,"width":13,"skin":"Game/UI/MakeClothes/dotted2.png","rotation":90,"pivotY":11,"pivotX":6,"height":24},"compId":722,"child":[{"type":"Image","props":{"y":6,"x":4,"width":7,"skin":"Game/UI/MakeClothes/dotted1.png","height":14},"compId":723},{"type":"Script","props":{"y":1,"x":1,"width":13,"isSensor":true,"height":24,"runtime":"Laya.BoxCollider"},"compId":724},{"type":"Script","props":{"type":"static","gravityScale":0,"runtime":"Laya.RigidBody"},"compId":725}]},{"type":"Image","props":{"y":1,"x":119,"width":13,"skin":"Game/UI/MakeClothes/dotted2.png","rotation":90,"pivotY":11,"pivotX":6,"height":24},"compId":726,"child":[{"type":"Image","props":{"y":6,"x":4,"width":7,"skin":"Game/UI/MakeClothes/dotted1.png","height":14},"compId":727},{"type":"Script","props":{"y":1,"x":1,"width":13,"isSensor":true,"height":24,"runtime":"Laya.BoxCollider"},"compId":728},{"type":"Script","props":{"type":"static","gravityScale":0,"runtime":"Laya.RigidBody"},"compId":729}]},{"type":"Image","props":{"y":1,"x":141,"width":13,"skin":"Game/UI/MakeClothes/dotted2.png","rotation":90,"pivotY":11,"pivotX":6,"height":24},"compId":730,"child":[{"type":"Image","props":{"y":6,"x":4,"width":7,"skin":"Game/UI/MakeClothes/dotted1.png","height":14},"compId":731},{"type":"Script","props":{"y":1,"x":1,"width":13,"isSensor":true,"height":24,"runtime":"Laya.BoxCollider"},"compId":732},{"type":"Script","props":{"type":"static","gravityScale":0,"runtime":"Laya.RigidBody"},"compId":733}]},{"type":"Image","props":{"y":1,"x":163,"width":13,"skin":"Game/UI/MakeClothes/dotted2.png","rotation":90,"pivotY":11,"pivotX":6,"height":24},"compId":734,"child":[{"type":"Image","props":{"y":6,"x":4,"width":7,"skin":"Game/UI/MakeClothes/dotted1.png","height":14},"compId":735},{"type":"Script","props":{"y":1,"x":1,"width":13,"isSensor":true,"height":24,"runtime":"Laya.BoxCollider"},"compId":736},{"type":"Script","props":{"type":"static","gravityScale":0,"runtime":"Laya.RigidBody"},"compId":737}]},{"type":"Image","props":{"y":1,"x":185,"width":13,"skin":"Game/UI/MakeClothes/dotted2.png","rotation":90,"pivotY":11,"pivotX":6,"height":24},"compId":738,"child":[{"type":"Image","props":{"y":6,"x":4,"width":7,"skin":"Game/UI/MakeClothes/dotted1.png","height":14},"compId":739},{"type":"Script","props":{"y":1,"x":1,"width":13,"isSensor":true,"height":24,"runtime":"Laya.BoxCollider"},"compId":740},{"type":"Script","props":{"type":"static","gravityScale":0,"runtime":"Laya.RigidBody"},"compId":741}]},{"type":"Image","props":{"y":2,"x":205,"width":13,"skin":"Game/UI/MakeClothes/dotted2.png","rotation":90,"pivotY":12,"pivotX":7,"height":24},"compId":742,"child":[{"type":"Image","props":{"y":6,"x":4,"width":7,"skin":"Game/UI/MakeClothes/dotted1.png","height":14},"compId":743},{"type":"Script","props":{"y":1,"x":1,"width":13,"isSensor":true,"height":24,"runtime":"Laya.BoxCollider"},"compId":744},{"type":"Script","props":{"type":"static","gravityScale":0,"runtime":"Laya.RigidBody"},"compId":745}]},{"type":"Image","props":{"y":2,"x":226,"width":13,"skin":"Game/UI/MakeClothes/dotted2.png","rotation":90,"pivotY":12,"pivotX":7,"height":24},"compId":746,"child":[{"type":"Image","props":{"y":6,"x":4,"width":7,"skin":"Game/UI/MakeClothes/dotted1.png","height":14},"compId":747},{"type":"Script","props":{"y":1,"x":1,"width":13,"isSensor":true,"height":24,"runtime":"Laya.BoxCollider"},"compId":748},{"type":"Script","props":{"type":"static","gravityScale":0,"runtime":"Laya.RigidBody"},"compId":749}]},{"type":"Image","props":{"y":2,"x":246,"width":13,"skin":"Game/UI/MakeClothes/dotted2.png","rotation":90,"pivotY":12,"pivotX":7,"height":24},"compId":750,"child":[{"type":"Image","props":{"y":6,"x":4,"width":7,"skin":"Game/UI/MakeClothes/dotted1.png","height":14},"compId":751},{"type":"Script","props":{"y":1,"x":1,"width":13,"isSensor":true,"height":24,"runtime":"Laya.BoxCollider"},"compId":752},{"type":"Script","props":{"type":"static","gravityScale":0,"runtime":"Laya.RigidBody"},"compId":753}]},{"type":"Image","props":{"y":2,"x":266,"width":13,"skin":"Game/UI/MakeClothes/dotted2.png","rotation":90,"pivotY":12,"pivotX":7,"height":24},"compId":754,"child":[{"type":"Image","props":{"y":6,"x":4,"width":7,"skin":"Game/UI/MakeClothes/dotted1.png","height":14},"compId":755},{"type":"Script","props":{"y":1,"x":1,"width":13,"isSensor":true,"height":24,"runtime":"Laya.BoxCollider"},"compId":756},{"type":"Script","props":{"type":"static","gravityScale":0,"runtime":"Laya.RigidBody"},"compId":757}]},{"type":"Image","props":{"y":2,"x":287,"width":13,"skin":"Game/UI/MakeClothes/dotted2.png","rotation":90,"pivotY":12,"pivotX":7,"height":24},"compId":758,"child":[{"type":"Image","props":{"y":6,"x":4,"width":7,"skin":"Game/UI/MakeClothes/dotted1.png","height":14},"compId":759},{"type":"Script","props":{"y":1,"x":1,"width":13,"isSensor":true,"height":24,"runtime":"Laya.BoxCollider"},"compId":760},{"type":"Script","props":{"type":"static","gravityScale":0,"runtime":"Laya.RigidBody"},"compId":761}]},{"type":"Image","props":{"y":2,"x":307,"width":13,"skin":"Game/UI/MakeClothes/dotted2.png","rotation":90,"pivotY":12,"pivotX":7,"height":24},"compId":762,"child":[{"type":"Image","props":{"y":6,"x":4,"width":7,"skin":"Game/UI/MakeClothes/dotted1.png","height":14},"compId":763},{"type":"Script","props":{"y":1,"x":1,"width":13,"isSensor":true,"height":24,"runtime":"Laya.BoxCollider"},"compId":764},{"type":"Script","props":{"type":"static","gravityScale":0,"runtime":"Laya.RigidBody"},"compId":765}]},{"type":"Image","props":{"y":2,"x":327,"width":13,"skin":"Game/UI/MakeClothes/dotted2.png","rotation":90,"pivotY":12,"pivotX":7,"height":24},"compId":766,"child":[{"type":"Image","props":{"y":22,"x":-2,"width":17,"skin":"Game/UI/MakeClothes/dotted2.png","sizeGrid":"4,5,6,3","rotation":-97,"renderType":"mask","height":28},"compId":770},{"type":"Image","props":{"y":6,"x":4,"width":7,"skin":"Game/UI/MakeClothes/dotted1.png","height":14},"compId":767},{"type":"Script","props":{"y":1,"x":1,"width":13,"isSensor":true,"height":24,"runtime":"Laya.BoxCollider"},"compId":768},{"type":"Script","props":{"type":"static","gravityScale":0,"runtime":"Laya.RigidBody"},"compId":769}]}]}]}]},{"type":"Image","props":{"y":537,"x":986,"width":126,"var":"Scissor","pivotY":48,"pivotX":49,"name":"Scissor","height":124},"compId":30,"child":[{"type":"Image","props":{"y":56,"x":65,"width":64,"skin":"Game/UI/MakeClothes/scissors_01.png","scaleY":0.45,"scaleX":0.45,"rotation":-66,"pivotY":134,"pivotX":32,"name":"","height":268},"compId":31},{"type":"Image","props":{"y":69,"x":66,"width":62,"skin":"Game/UI/MakeClothes/scissors_02.png","scaleY":0.45,"scaleX":0.45,"rotation":-23,"pivotY":156,"pivotX":47,"name":"","height":269},"compId":32},{"type":"Script","props":{"y":30,"x":30,"radius":20,"label":"scissor","isSensor":true,"runtime":"Laya.CircleCollider"},"compId":40},{"type":"Script","props":{"gravityScale":0,"bullet":true,"allowSleep":false,"runtime":"Laya.RigidBody"},"compId":41}]}],"animations":[{"nodes":[{"target":29,"keyframes":{"y":[{"value":139,"tweenMethod":"linearNone","tween":true,"target":29,"key":"y","index":0},{"value":-105,"tweenMethod":"linearNone","tween":true,"target":29,"key":"y","index":30}],"x":[{"value":403.5,"tweenMethod":"linearNone","tween":true,"target":29,"key":"x","index":0},{"value":770,"tweenMethod":"linearNone","tween":true,"target":29,"key":"x","index":30}],"rotation":[{"value":0,"tweenMethod":"linearNone","tween":true,"target":29,"key":"rotation","index":0},{"value":360,"tweenMethod":"linearNone","tween":true,"target":29,"key":"rotation","index":30}]}}],"name":"ani2","id":2,"frameRate":60,"action":0},{"nodes":[{"target":24,"keyframes":{"y":[{"value":202,"tweenMethod":"linearNone","tween":true,"target":24,"key":"y","index":0},{"value":224.5,"tweenMethod":"linearNone","tween":true,"target":24,"key":"y","index":40}],"x":[{"value":83,"tweenMethod":"linearNone","tween":true,"target":24,"key":"x","index":0},{"value":-707,"tweenMethod":"linearNone","tween":true,"target":24,"key":"x","index":40}],"rotation":[{"value":0,"tweenMethod":"linearNone","tween":true,"target":24,"key":"rotation","index":0},{"value":360,"tweenMethod":"linearNone","tween":true,"target":24,"key":"rotation","index":40}]}}],"name":"ani3","id":3,"frameRate":60,"action":0},{"nodes":[{"target":25,"keyframes":{"y":[{"value":200,"tweenMethod":"linearNone","tween":true,"target":25,"key":"y","index":0},{"value":361,"tweenMethod":"linearNone","tween":true,"target":25,"key":"y","index":40}],"x":[{"value":660,"tweenMethod":"linearNone","tween":true,"target":25,"key":"x","index":0},{"value":1101,"tweenMethod":"linearNone","tween":true,"target":25,"key":"x","index":40}]}}],"name":"ani4","id":4,"frameRate":60,"action":0},{"nodes":[{"target":28,"keyframes":{"y":[{"value":234,"tweenMethod":"linearNone","tween":true,"target":28,"key":"y","index":0},{"value":305,"tweenMethod":"linearNone","tween":true,"target":28,"key":"y","index":40}],"x":[{"value":276,"tweenMethod":"linearNone","tween":true,"target":28,"key":"x","index":0},{"value":-333,"tweenMethod":"linearNone","tween":true,"target":28,"key":"x","index":40}],"rotation":[{"value":0,"tweenMethod":"linearNone","tween":true,"target":28,"key":"rotation","index":0},{"value":72,"tweenMethod":"linearNone","tween":true,"target":28,"key":"rotation","index":40}]}}],"name":"ani5","id":5,"frameRate":60,"action":0},{"nodes":[{"target":27,"keyframes":{"y":[{"value":230,"tweenMethod":"linearNone","tween":true,"target":27,"key":"y","index":0},{"value":655,"tweenMethod":"linearNone","tween":true,"target":27,"key":"y","index":40}],"x":[{"value":574,"tweenMethod":"linearNone","tween":true,"target":27,"key":"x","index":0},{"value":1332,"tweenMethod":"linearNone","tween":true,"target":27,"key":"x","index":40}]}}],"name":"ani6","id":6,"frameRate":60,"action":0},{"nodes":[{"target":10,"keyframes":{"y":[{"value":516,"tweenMethod":"linearNone","tween":true,"target":10,"key":"y","index":0},{"value":1210,"tweenMethod":"linearNone","tween":true,"target":10,"key":"y","index":40}],"x":[{"value":269,"tweenMethod":"linearNone","tween":true,"target":10,"key":"x","index":0},{"value":261,"tweenMethod":"linearNone","tween":true,"target":10,"key":"x","index":40}]}}],"name":"ani7","id":7,"frameRate":60,"action":0},{"nodes":[{"target":26,"keyframes":{"y":[{"value":73,"tweenMethod":"linearNone","tween":true,"target":26,"key":"y","index":0},{"value":-317,"tweenMethod":"linearNone","tween":true,"target":26,"key":"y","index":30}],"x":[{"value":444,"tweenMethod":"linearNone","tween":true,"target":26,"key":"x","index":0},{"value":439,"tweenMethod":"linearNone","tween":true,"target":26,"key":"x","index":30}],"rotation":[{"value":0,"tweenMethod":"linearNone","tween":true,"target":26,"key":"rotation","index":0},{"value":90,"tweenMethod":"linearNone","tween":true,"target":26,"key":"rotation","index":30}]}}],"name":"ani1","id":8,"frameRate":60,"action":0}],"loadList":["Lwg/UI/ui_orthogon_grass.png","Lwg/UI/ui_l_orthogon_orange.png","Game/UI/MakeClothes/ultimately.png","Game/UI/MakeClothes/tailor2.png","Game/UI/MakeClothes/tailor3.png","Game/UI/MakeClothes/tailor5.png","Game/UI/MakeClothes/tailor4.png","Game/UI/MakeClothes/tailor7.png","Game/UI/MakeClothes/tailor6.png","Game/UI/MakeClothes/tailor1.png","Game/UI/MakeClothes/dotted2.png","Game/UI/MakeClothes/dotted1.png","Game/UI/MakeClothes/dottedline3.png","Game/UI/MakeClothes/scissors_01.png","Game/UI/MakeClothes/scissors_02.png"],"loadList3D":[]}