{"type":"Scene","props":{"width":1280,"height":720},"compId":2,"child":[{"type":"Image","props":{"width":1280,"top":0,"skin":"Lwg/UI/ui_orthogon_grass.png","right":0,"left":0,"height":720,"bottom":0},"compId":7},{"type":"Image","props":{"y":60,"x":1198,"width":132,"var":"BtnNext","skin":"Lwg/UI/ui_l_orthogon_orange.png","sizeGrid":"13,13,22,6","pivotY":38,"pivotX":66,"name":"BtnNext","height":76},"compId":3,"child":[{"type":"Label","props":{"width":118,"valign":"middle","text":"下一步","height":52,"fontSize":35,"centerY":0,"centerX":0,"bold":true,"align":"center"},"compId":4}]},{"type":"Image","props":{"y":39,"x":225,"width":878,"var":"Root","name":"NoAniRoot","height":655},"compId":8,"child":[{"type":"Image","props":{"y":62,"x":143,"var":"Ultimately","skin":"Game/UI/MakeClothes/ultimately.png","name":"Ultimately"},"compId":9},{"type":"Image","props":{"y":73,"x":444,"width":167,"skin":"Game/UI/MakeClothes/tailor2.png","pivotY":42,"pivotX":84,"name":"Cloth1","height":83},"compId":26},{"type":"Image","props":{"y":139,"x":403.5,"width":81,"skin":"Game/UI/MakeClothes/tailor3.png","name":"Cloth2","height":41},"compId":29},{"type":"Image","props":{"y":202,"x":83,"width":138,"skin":"Game/UI/MakeClothes/tailor5.png","name":"Cloth3","height":142},"compId":24},{"type":"Image","props":{"y":200,"x":660,"skin":"Game/UI/MakeClothes/tailor4.png","name":"Cloth4"},"compId":25},{"type":"Image","props":{"y":234,"x":276,"width":33,"skin":"Game/UI/MakeClothes/tailor7.png","name":"Cloth5","height":265},"compId":28},{"type":"Image","props":{"y":230,"x":574,"skin":"Game/UI/MakeClothes/tailor6.png","name":"Cloth6"},"compId":27},{"type":"Image","props":{"y":516,"x":269,"var":"Cloth7","skin":"Game/UI/MakeClothes/tailor1.png","name":"Cloth7"},"compId":10},{"type":"Image","props":{"y":32,"width":793,"var":"LineParent","name":"LineParent","height":591,"centerX":0},"compId":23,"child":[{"type":"Image","props":{"y":24,"x":317,"width":168,"var":"Line1","name":"Line1","height":62},"compId":17,"child":[{"type":"Image","props":{"y":15,"x":2,"skin":"Game/UI/MakeClothes/dotted2.png","rotation":-24,"pivotY":11,"pivotX":6},"compId":387,"child":[{"type":"Image","props":{"y":5,"x":3,"width":7,"skin":"Game/UI/MakeClothes/dotted1.png","height":14},"compId":420},{"type":"Script","props":{"width":13,"height":24,"runtime":"Laya.BoxCollider"},"compId":427},{"type":"Script","props":{"runtime":"Laya.RigidBody"},"compId":428}]},{"type":"Image","props":{"y":32,"x":12,"width":13,"skin":"Game/UI/MakeClothes/dotted2.png","rotation":-46,"pivotY":11,"pivotX":6,"height":24},"compId":433,"child":[{"type":"Image","props":{"y":6,"x":4,"width":7,"skin":"Game/UI/MakeClothes/dotted1.png","height":14},"compId":434},{"type":"Script","props":{"y":1,"x":1,"width":13,"height":24,"runtime":"Laya.BoxCollider"},"compId":435},{"type":"Script","props":{"runtime":"Laya.RigidBody"},"compId":436}]},{"type":"Image","props":{"y":47,"x":29,"width":13,"skin":"Game/UI/MakeClothes/dotted2.png","rotation":-60,"pivotY":11,"pivotX":6,"height":24},"compId":437,"child":[{"type":"Image","props":{"y":6,"x":4,"width":7,"skin":"Game/UI/MakeClothes/dotted1.png","height":14},"compId":438},{"type":"Script","props":{"y":1,"x":1,"width":13,"height":24,"runtime":"Laya.BoxCollider"},"compId":439},{"type":"Script","props":{"runtime":"Laya.RigidBody"},"compId":440}]},{"type":"Image","props":{"y":57,"x":50,"width":13,"skin":"Game/UI/MakeClothes/dotted2.png","rotation":-71,"pivotY":11,"pivotX":6,"height":24},"compId":441,"child":[{"type":"Image","props":{"y":6,"x":4,"width":7,"skin":"Game/UI/MakeClothes/dotted1.png","height":14},"compId":442},{"type":"Script","props":{"y":1,"x":1,"width":13,"height":24,"runtime":"Laya.BoxCollider"},"compId":443},{"type":"Script","props":{"runtime":"Laya.RigidBody"},"compId":444}]},{"type":"Image","props":{"y":62,"x":71,"width":13,"skin":"Game/UI/MakeClothes/dotted2.png","rotation":-86,"pivotY":11,"pivotX":6,"height":24},"compId":445,"child":[{"type":"Image","props":{"y":6,"x":4,"width":7,"skin":"Game/UI/MakeClothes/dotted1.png","height":14},"compId":446},{"type":"Script","props":{"y":1,"x":1,"width":13,"height":24,"runtime":"Laya.BoxCollider"},"compId":447},{"type":"Script","props":{"runtime":"Laya.RigidBody"},"compId":448}]},{"type":"Image","props":{"y":62,"x":91,"width":13,"skin":"Game/UI/MakeClothes/dotted2.png","rotation":-96,"pivotY":11,"pivotX":6,"height":24},"compId":449,"child":[{"type":"Image","props":{"y":6,"x":4,"width":7,"skin":"Game/UI/MakeClothes/dotted1.png","height":14},"compId":450},{"type":"Script","props":{"y":1,"x":1,"width":13,"height":24,"runtime":"Laya.BoxCollider"},"compId":451},{"type":"Script","props":{"runtime":"Laya.RigidBody"},"compId":452}]},{"type":"Image","props":{"y":58,"x":112,"width":13,"skin":"Game/UI/MakeClothes/dotted2.png","rotation":-104,"pivotY":11,"pivotX":6,"height":24},"compId":453,"child":[{"type":"Image","props":{"y":6,"x":4,"width":7,"skin":"Game/UI/MakeClothes/dotted1.png","height":14},"compId":454},{"type":"Script","props":{"y":1,"x":1,"width":13,"height":24,"runtime":"Laya.BoxCollider"},"compId":455},{"type":"Script","props":{"runtime":"Laya.RigidBody"},"compId":456}]},{"type":"Image","props":{"y":51,"x":132,"width":13,"skin":"Game/UI/MakeClothes/dotted2.png","rotation":-122,"pivotY":11,"pivotX":6,"height":24},"compId":457,"child":[{"type":"Image","props":{"y":6,"x":4,"width":7,"skin":"Game/UI/MakeClothes/dotted1.png","height":14},"compId":458},{"type":"Script","props":{"y":1,"x":1,"width":13,"height":24,"runtime":"Laya.BoxCollider"},"compId":459},{"type":"Script","props":{"runtime":"Laya.RigidBody"},"compId":460}]},{"type":"Image","props":{"y":38,"x":150,"width":13,"skin":"Game/UI/MakeClothes/dotted2.png","rotation":-139,"pivotY":11,"pivotX":6,"height":24},"compId":461,"child":[{"type":"Image","props":{"y":6,"x":4,"width":7,"skin":"Game/UI/MakeClothes/dotted1.png","height":14},"compId":462},{"type":"Script","props":{"y":1,"x":1,"width":13,"height":24,"runtime":"Laya.BoxCollider"},"compId":463},{"type":"Script","props":{"runtime":"Laya.RigidBody"},"compId":464}]},{"type":"Image","props":{"y":20,"x":162,"width":13,"skin":"Game/UI/MakeClothes/dotted2.png","rotation":-152,"pivotY":11,"pivotX":6,"height":24},"compId":465,"child":[{"type":"Image","props":{"y":6,"x":4,"width":7,"skin":"Game/UI/MakeClothes/dotted1.png","height":14},"compId":466},{"type":"Script","props":{"y":1,"x":1,"width":13,"height":24,"runtime":"Laya.BoxCollider"},"compId":467},{"type":"Script","props":{"runtime":"Laya.RigidBody"},"compId":468}]}]},{"type":"Image","props":{"y":104,"x":352,"var":"Line2","skin":"Game/UI/MakeClothes/dottedline3.png","name":"Line2"},"compId":14},{"type":"Image","props":{"y":167,"x":97,"width":85,"var":"Line3","skin":"Game/UI/MakeClothes/dottedline5.png","name":"Line3","height":94},"compId":16},{"type":"Image","props":{"y":166,"x":616,"var":"Line4","skin":"Game/UI/MakeClothes/dottedline4.png","name":"Line4"},"compId":15},{"type":"Image","props":{"y":197,"x":230,"var":"Line5","skin":"Game/UI/MakeClothes/dottedline7.png","name":"Line5"},"compId":20},{"type":"Image","props":{"y":198,"x":527,"var":"Line6","skin":"Game/UI/MakeClothes/dottedline6.png","name":"Line6"},"compId":19},{"type":"Image","props":{"y":479,"x":231,"var":"Line7","skin":"Game/UI/MakeClothes/dottedline1.png","name":"Line7"},"compId":207}]}]},{"type":"Image","props":{"y":537,"x":986,"width":126,"var":"Scissor","pivotY":48,"pivotX":49,"name":"Scissor","height":124},"compId":30,"child":[{"type":"Image","props":{"y":56,"x":65,"width":64,"skin":"Game/UI/MakeClothes/scissors_01.png","scaleY":0.45,"scaleX":0.45,"rotation":-66,"pivotY":134,"pivotX":32,"name":"","height":268},"compId":31},{"type":"Image","props":{"y":69,"x":66,"width":62,"skin":"Game/UI/MakeClothes/scissors_02.png","scaleY":0.45,"scaleX":0.45,"rotation":-23,"pivotY":156,"pivotX":47,"name":"","height":269},"compId":32},{"type":"Script","props":{"y":30,"x":30,"radius":20,"label":"scissor","isSensor":true,"runtime":"Laya.CircleCollider"},"compId":40},{"type":"Script","props":{"gravityScale":0,"bullet":true,"allowSleep":false,"runtime":"Laya.RigidBody"},"compId":41}]}],"animations":[{"nodes":[{"target":29,"keyframes":{"y":[{"value":139,"tweenMethod":"linearNone","tween":true,"target":29,"key":"y","index":0},{"value":-105,"tweenMethod":"linearNone","tween":true,"target":29,"key":"y","index":30}],"x":[{"value":403.5,"tweenMethod":"linearNone","tween":true,"target":29,"key":"x","index":0},{"value":770,"tweenMethod":"linearNone","tween":true,"target":29,"key":"x","index":30}],"rotation":[{"value":0,"tweenMethod":"linearNone","tween":true,"target":29,"key":"rotation","index":0},{"value":360,"tweenMethod":"linearNone","tween":true,"target":29,"key":"rotation","index":30}]}}],"name":"ani2","id":2,"frameRate":60,"action":0},{"nodes":[{"target":24,"keyframes":{"y":[{"value":202,"tweenMethod":"linearNone","tween":true,"target":24,"key":"y","index":0},{"value":224.5,"tweenMethod":"linearNone","tween":true,"target":24,"key":"y","index":40}],"x":[{"value":83,"tweenMethod":"linearNone","tween":true,"target":24,"key":"x","index":0},{"value":-707,"tweenMethod":"linearNone","tween":true,"target":24,"key":"x","index":40}],"rotation":[{"value":0,"tweenMethod":"linearNone","tween":true,"target":24,"key":"rotation","index":0},{"value":360,"tweenMethod":"linearNone","tween":true,"target":24,"key":"rotation","index":40}]}}],"name":"ani3","id":3,"frameRate":60,"action":0},{"nodes":[{"target":25,"keyframes":{"y":[{"value":200,"tweenMethod":"linearNone","tween":true,"target":25,"key":"y","index":0},{"value":361,"tweenMethod":"linearNone","tween":true,"target":25,"key":"y","index":40}],"x":[{"value":660,"tweenMethod":"linearNone","tween":true,"target":25,"key":"x","index":0},{"value":1101,"tweenMethod":"linearNone","tween":true,"target":25,"key":"x","index":40}]}}],"name":"ani4","id":4,"frameRate":60,"action":0},{"nodes":[{"target":28,"keyframes":{"y":[{"value":234,"tweenMethod":"linearNone","tween":true,"target":28,"key":"y","index":0},{"value":305,"tweenMethod":"linearNone","tween":true,"target":28,"key":"y","index":40}],"x":[{"value":276,"tweenMethod":"linearNone","tween":true,"target":28,"key":"x","index":0},{"value":-333,"tweenMethod":"linearNone","tween":true,"target":28,"key":"x","index":40}],"rotation":[{"value":0,"tweenMethod":"linearNone","tween":true,"target":28,"key":"rotation","index":0},{"value":72,"tweenMethod":"linearNone","tween":true,"target":28,"key":"rotation","index":40}]}}],"name":"ani5","id":5,"frameRate":60,"action":0},{"nodes":[{"target":27,"keyframes":{"y":[{"value":230,"tweenMethod":"linearNone","tween":true,"target":27,"key":"y","index":0},{"value":655,"tweenMethod":"linearNone","tween":true,"target":27,"key":"y","index":40}],"x":[{"value":574,"tweenMethod":"linearNone","tween":true,"target":27,"key":"x","index":0},{"value":1332,"tweenMethod":"linearNone","tween":true,"target":27,"key":"x","index":40}]}}],"name":"ani6","id":6,"frameRate":60,"action":0},{"nodes":[{"target":10,"keyframes":{"y":[{"value":516,"tweenMethod":"linearNone","tween":true,"target":10,"key":"y","index":0},{"value":1210,"tweenMethod":"linearNone","tween":true,"target":10,"key":"y","index":40}],"x":[{"value":269,"tweenMethod":"linearNone","tween":true,"target":10,"key":"x","index":0},{"value":261,"tweenMethod":"linearNone","tween":true,"target":10,"key":"x","index":40}]}}],"name":"ani7","id":7,"frameRate":60,"action":0},{"nodes":[{"target":26,"keyframes":{"y":[{"value":73,"tweenMethod":"linearNone","tween":true,"target":26,"key":"y","index":0},{"value":-317,"tweenMethod":"linearNone","tween":true,"target":26,"key":"y","index":30}],"x":[{"value":444,"tweenMethod":"linearNone","tween":true,"target":26,"key":"x","index":0},{"value":439,"tweenMethod":"linearNone","tween":true,"target":26,"key":"x","index":30}],"rotation":[{"value":0,"tweenMethod":"linearNone","tween":true,"target":26,"key":"rotation","index":0},{"value":90,"tweenMethod":"linearNone","tween":true,"target":26,"key":"rotation","index":30}]}}],"name":"ani1","id":8,"frameRate":60,"action":0}],"loadList":["Lwg/UI/ui_orthogon_grass.png","Lwg/UI/ui_l_orthogon_orange.png","Game/UI/MakeClothes/ultimately.png","Game/UI/MakeClothes/tailor2.png","Game/UI/MakeClothes/tailor3.png","Game/UI/MakeClothes/tailor5.png","Game/UI/MakeClothes/tailor4.png","Game/UI/MakeClothes/tailor7.png","Game/UI/MakeClothes/tailor6.png","Game/UI/MakeClothes/tailor1.png","Game/UI/MakeClothes/dotted2.png","Game/UI/MakeClothes/dotted1.png","Game/UI/MakeClothes/dottedline3.png","Game/UI/MakeClothes/dottedline5.png","Game/UI/MakeClothes/dottedline4.png","Game/UI/MakeClothes/dottedline7.png","Game/UI/MakeClothes/dottedline6.png","Game/UI/MakeClothes/dottedline1.png","Game/UI/MakeClothes/scissors_01.png","Game/UI/MakeClothes/scissors_02.png"],"loadList3D":[]}