{"type":"View","props":{"width":1280,"height":720,"centerY":0},"compId":2,"child":[{"type":"Image","props":{"y":0,"x":0,"var":"BackGround","top":0,"skin":"Lwg/UI/ui_orthogon_black_0.7.png","sizeGrid":"11,11,12,9","right":0,"name":"BackGround","left":0,"bottom":0},"compId":254},{"type":"Image","props":{"y":360,"x":640,"width":808,"var":"Content","skin":"Game/UI/Common/dikuang.png","name":"Content","height":586,"centerY":0,"centerX":0,"anchorY":0.5,"anchorX":0.5},"compId":257,"child":[{"type":"Image","props":{"y":40,"x":20,"top":40,"skin":"Game/UI/Common/kuang2.png","sizeGrid":"126,114,169,158","right":20,"left":20,"bottom":20},"compId":260},{"type":"Image","props":{"y":40,"x":133,"var":"Fans","skin":"Game/UI/Tweeting/GetFan/choudai.png","name":"Fans","centerX":0},"compId":261,"child":[{"type":"Sprite","props":{"y":28,"x":142,"texture":"Game/UI/Tweeting/GetFan/zhangfen.png"},"compId":264},{"type":"FontClip","props":{"y":27.5,"x":247,"var":"FansNum","value":"2000","spaceX":-10,"skin":"Game/UI/Tweeting/GetFan/zi.png","sheet":"0123456789","name":"FansNum"},"compId":266}]},{"type":"Image","props":{"y":486,"x":522,"width":168,"var":"BtnOk","skin":"Game/UI/Tweeting/GetFan/haode.png","name":"BtnOk","height":77,"anchorY":0.5,"anchorX":0.5},"compId":263},{"type":"Image","props":{"y":486,"x":280,"width":196,"var":"BtnDouble","skin":"Game/UI/Tweeting/GetFan/shuangbei.png","name":"BtnDouble","height":77,"anchorY":0.5,"anchorX":0.5},"compId":262},{"type":"Box","props":{"width":594,"visible":true,"scaleY":1,"scaleX":1,"name":"P402","height":260,"centerY":10,"centerX":6},"compId":494,"child":[{"type":"Image","props":{"top":0,"skin":"Game/UI/Tweeting/GetFan/hutui.png","sizeGrid":"41,55,45,50","right":0,"name":"bg","left":0,"bottom":0,"anchorY":0.5,"anchorX":0.5},"compId":495},{"type":"Panel","props":{"width":568,"name":"scroll","height":236,"centerY":0,"centerX":0,"anchorY":0.5,"anchorX":0.5},"compId":496,"child":[{"type":"Box","props":{"y":0,"x":0,"width":1,"name":"layout","height":705},"compId":497,"child":[{"type":"Box","props":{"y":105,"x":85,"width":180,"name":"item","height":225,"anchorY":0.5,"anchorX":0.5},"compId":498,"child":[{"type":"Image","props":{"width":180,"skin":"TJ/Promo/image/jx8.png","name":"icon","height":180,"centerY":-22.5,"centerX":0,"anchorY":0.5,"anchorX":0.5},"compId":499},{"type":"Image","props":{"x":0,"width":180,"skin":"comp/image.png","name":"nbg","height":45,"centerY":90},"compId":500},{"type":"Label","props":{"x":85,"wordWrap":false,"width":170,"valign":"middle","text":"这里是游戏名称","name":"name","multiline":false,"mouseEnabled":false,"height":24,"fontSize":20,"editable":false,"color":"#ffffff","centerY":90,"centerX":0,"anchorY":0.5,"anchorX":0.5,"align":"center"},"compId":501},{"type":"Script","props":{"runtime":"TJ/Promo/script/PromoItem.ts"},"compId":502},{"type":"Script","props":{"runtime":"TJ/Promo/script/ButtonScale.ts"},"compId":503}]}]}]},{"type":"Script","props":{"runtime":"TJ/Promo/script/P402.ts"},"compId":504}]}]}],"animations":[{"nodes":[{"target":38,"keyframes":{"y":[{"value":0,"tweenMethod":"linearNone","tween":true,"target":38,"key":"y","index":0},{"value":247,"tweenMethod":"linearNone","tween":true,"target":38,"label":"comp","key":"y","index":25}],"x":[{"value":-46,"tweenMethod":"linearNone","tween":true,"target":38,"key":"x","index":0},{"value":241,"tweenMethod":"linearNone","tween":true,"target":38,"key":"x","index":25}]}}],"name":"ani1","id":1,"frameRate":60,"action":0}],"loadList":["Lwg/UI/ui_orthogon_black_0.7.png","Game/UI/Common/dikuang.png","Game/UI/Common/kuang2.png","Game/UI/Tweeting/GetFan/choudai.png","Game/UI/Tweeting/GetFan/zhangfen.png","Game/UI/Tweeting/GetFan/zi.png","Game/UI/Tweeting/GetFan/haode.png","Game/UI/Tweeting/GetFan/shuangbei.png","Game/UI/Tweeting/GetFan/hutui.png","TJ/Promo/image/jx8.png","comp/image.png"],"loadList3D":[]}