{"type":"View","props":{"width":1280,"height":720,"centerY":0},"compId":2,"child":[{"type":"Box","props":{"var":"Main","top":0,"right":0,"name":"Main","left":0,"bottom":0},"compId":45,"child":[{"type":"Image","props":{"top":0,"right":0,"name":"Content","left":0,"bottom":0},"compId":325,"child":[{"type":"Image","props":{"y":0,"x":0,"width":1280,"top":0,"skin":"Game/UI/Tweeting/Main/di.png","sizeGrid":"132,168,120,174","right":0,"name":"Bg","left":0,"height":804,"bottom":0},"compId":44},{"type":"Image","props":{"y":57,"x":50,"width":1180,"var":"Top","skin":"Game/UI/Tweeting/Main/juxing.png","sizeGrid":"0,399,0,517","name":"Top","height":50},"compId":133,"child":[{"type":"Image","props":{"y":14,"skin":"Game/UI/Tweeting/Main/weibo_logo.png","left":150,"centerY":0},"compId":58,"child":[{"type":"Image","props":{"x":45,"skin":"Game/UI/Tweeting/Main/weibo.png","centerY":0},"compId":59}]},{"type":"Image","props":{"y":14,"skin":"Game/UI/Tweeting/Main/xingming.png","right":300,"centerY":0},"compId":134,"child":[{"type":"Label","props":{"y":-2,"x":34,"width":208,"var":"PlayerName","valign":"middle","text":"玩家名字","name":"PlayerName","height":34,"fontSize":24,"color":"#a56c0a","bold":true,"align":"left"},"compId":135}]}]},{"type":"Image","props":{"y":150,"x":0,"width":236,"var":"BtnSet","name":"BtnSet","height":450},"compId":132,"child":[{"type":"Image","props":{"y":9,"x":20.5,"skin":"Game/UI/Tweeting/Main/kuang_fen.png"},"compId":47,"child":[{"type":"Image","props":{"skin":"Game/UI/Tweeting/Main/xuanze-2.png","centerY":-3,"centerX":69},"compId":48},{"type":"Image","props":{"skin":"Game/UI/Tweeting/Main/shouye.png","left":42,"centerY":-3},"compId":57}]},{"type":"Image","props":{"y":93,"x":21,"skin":"Game/UI/Tweeting/Main/kuang_bai.png"},"compId":49,"child":[{"type":"Image","props":{"skin":"Game/UI/Tweeting/Main/shoucang.png","left":45,"centerY":-3},"compId":50}]},{"type":"Image","props":{"y":177,"x":21,"skin":"Game/UI/Tweeting/Main/kuang_bai.png"},"compId":51,"child":[{"type":"Image","props":{"skin":"Game/UI/Tweeting/Main/shou.png","left":45,"centerY":-3},"compId":52}]},{"type":"Image","props":{"y":264,"x":21,"skin":"Game/UI/Tweeting/Main/kuang_bai.png"},"compId":53,"child":[{"type":"Image","props":{"skin":"Game/UI/Tweeting/Main/zan.png","left":45,"centerY":-3},"compId":54}]},{"type":"Image","props":{"y":353,"x":21,"skin":"Game/UI/Tweeting/Main/kuang_bai.png"},"compId":55,"child":[{"type":"Image","props":{"skin":"Game/UI/Tweeting/Main/dongtai.png","left":45,"centerY":-3},"compId":56}]}]},{"type":"Image","props":{"y":89,"x":930,"width":293,"var":"Head","name":"Head","height":195},"compId":71,"child":[{"type":"Image","props":{"y":7,"width":94,"skin":"Game/UI/Tweeting/Main/tx_biankuang.png","name":"PlayerIcon","height":94,"centerX":0},"compId":72,"child":[{"type":"Image","props":{"skin":"Game/UI/Tweeting/Main/touxiangkuang.png","name":"Icon","centerY":0,"centerX":0},"compId":73,"child":[{"type":"Sprite","props":{"y":0,"x":0,"width":88,"texture":"Lwg/UI/ui_circle_006.png","renderType":"mask","height":88},"compId":93}]}]},{"type":"Label","props":{"y":150,"x":31,"width":64,"valign":"middle","text":"关注","name":"Attention","height":34,"fontSize":24,"color":"#a56c0a","bold":true,"align":"center"},"compId":75},{"type":"Label","props":{"y":150,"width":64,"var":"Fans","valign":"middle","text":"粉丝","rotation":0,"name":"Fans","height":34,"fontSize":24,"color":"#a56c0a","centerX":2,"bold":true,"align":"center"},"compId":76},{"type":"Label","props":{"y":150,"x":202,"width":64,"var":"ProductionNum","valign":"middle","text":"作品","name":"ProductionNum","height":34,"fontSize":24,"color":"#a56c0a","bold":true,"align":"center"},"compId":77},{"type":"Label","props":{"y":111.5,"x":28,"width":64,"var":"AttentionNum","valign":"middle","text":"1000","name":"AttentionNum","height":34,"fontSize":24,"color":"#a56c0a","bold":false,"align":"center"},"compId":78},{"type":"Label","props":{"y":111.5,"width":64,"var":"FansNum","valign":"middle","text":"1000","name":"FansNum","height":34,"fontSize":24,"color":"#a56c0a","centerX":1,"bold":false,"align":"center"},"compId":80},{"type":"Label","props":{"y":111.5,"x":200,"width":64,"valign":"middle","text":"1000","name":"CompleteNum","height":34,"fontSize":24,"color":"#a56c0a","bold":false,"align":"center"},"compId":81},{"type":"Sprite","props":{"y":121,"x":105,"width":1,"texture":"Game/UI/Tweeting/Main/fenge.png","height":56},"compId":83},{"type":"Sprite","props":{"y":120,"x":192,"texture":"Game/UI/Tweeting/Main/fenge.png"},"compId":84}]},{"type":"Image","props":{"y":293,"x":919,"width":320,"var":"Hot","name":"Hot","height":389},"compId":82,"child":[{"type":"Image","props":{"skin":"Game/UI/Tweeting/Main/juxing2.png","centerY":0,"centerX":0},"compId":86},{"type":"Image","props":{"y":23,"x":19,"skin":"Game/UI/Tweeting/Main/remen.png"},"compId":85},{"type":"Box","props":{"y":110,"width":272,"pivotY":53,"pivotX":136,"name":"Rank1","height":105,"centerX":0},"compId":352,"child":[{"type":"Image","props":{"y":101,"x":3,"width":282,"skin":"Game/UI/Tweeting/Main/fenge2.png","height":1,"centerX":0},"compId":353},{"type":"Image","props":{"y":10,"x":100,"skin":"Game/UI/Tweeting/Main/1.png","name":"Tag"},"compId":354},{"type":"Image","props":{"x":0,"width":94,"skin":"Game/UI/Tweeting/Main/tx_biankuang.png","name":"HeadIcon","height":94,"centerY":-5},"compId":355,"child":[{"type":"Image","props":{"width":88,"skin":"Game/UI/Tweeting/Main/touxiangkuang.png","name":"Icon","height":88,"centerY":0,"centerX":0},"compId":356,"child":[{"type":"Sprite","props":{"y":0,"x":0,"width":88,"texture":"Lwg/UI/ui_circle_006.png","renderType":"mask","height":88},"compId":357}]}]},{"type":"Label","props":{"y":8,"width":64,"valign":"middle","text":"昵称","name":"Name","left":130,"height":24,"fontSize":20,"color":"#a56c0a","bold":true,"align":"left"},"compId":358},{"type":"Label","props":{"y":33,"wordWrap":true,"width":131,"valign":"top","text":"简介","name":"Brief","left":130,"height":46,"fontSize":18,"color":"#a56c0a","bold":true,"align":"left"},"compId":359},{"type":"Label","props":{"y":73,"width":127,"valign":"middle","text":"本周热度5555","name":"Heat","left":130,"height":24,"fontSize":18,"color":"#a56c0a","bold":true,"align":"left"},"compId":360}]},{"type":"Box","props":{"y":213,"width":272,"pivotY":53,"pivotX":136,"name":"Rank2","height":105,"centerX":0},"compId":362,"child":[{"type":"Image","props":{"y":101,"x":3,"width":282,"skin":"Game/UI/Tweeting/Main/fenge2.png","height":1,"centerX":0},"compId":363},{"type":"Image","props":{"y":10,"x":100,"skin":"Game/UI/Tweeting/Main/1.png","name":"Tag"},"compId":364},{"type":"Image","props":{"x":0,"width":94,"skin":"Game/UI/Tweeting/Main/tx_biankuang.png","name":"HeadIcon","height":94,"centerY":-5},"compId":365,"child":[{"type":"Image","props":{"width":88,"skin":"Game/UI/Tweeting/Main/touxiangkuang.png","name":"Icon","height":88,"centerY":0,"centerX":0},"compId":366,"child":[{"type":"Sprite","props":{"y":0,"x":0,"width":88,"texture":"Lwg/UI/ui_circle_006.png","renderType":"mask","height":88},"compId":367}]}]},{"type":"Label","props":{"y":8,"width":64,"valign":"middle","text":"昵称","name":"Name","left":130,"height":24,"fontSize":20,"color":"#a56c0a","bold":true,"align":"left"},"compId":368},{"type":"Label","props":{"y":33,"wordWrap":true,"width":131,"valign":"top","text":"简介","name":"Brief","left":130,"height":46,"fontSize":18,"color":"#a56c0a","bold":true,"align":"left"},"compId":369},{"type":"Label","props":{"y":73,"width":127,"valign":"middle","text":"本周热度5555","name":"Heat","left":130,"height":24,"fontSize":18,"color":"#a56c0a","bold":true,"align":"left"},"compId":370}]},{"type":"Box","props":{"y":318,"width":272,"pivotY":53,"pivotX":136,"name":"Rank3","height":105,"centerX":0},"compId":382,"child":[{"type":"Image","props":{"y":10,"x":100,"skin":"Game/UI/Tweeting/Main/1.png","name":"Tag"},"compId":384},{"type":"Image","props":{"x":0,"width":94,"skin":"Game/UI/Tweeting/Main/tx_biankuang.png","name":"HeadIcon","height":94,"centerY":-5},"compId":385,"child":[{"type":"Image","props":{"width":88,"skin":"Game/UI/Tweeting/Main/touxiangkuang.png","name":"Icon","height":88,"centerY":0,"centerX":0},"compId":386,"child":[{"type":"Sprite","props":{"y":0,"x":0,"width":88,"texture":"Lwg/UI/ui_circle_006.png","renderType":"mask","height":88},"compId":387}]}]},{"type":"Label","props":{"y":8,"width":64,"valign":"middle","text":"昵称","name":"Name","left":130,"height":24,"fontSize":20,"color":"#a56c0a","bold":true,"align":"left"},"compId":388},{"type":"Label","props":{"y":33,"wordWrap":true,"width":131,"valign":"top","text":"简介","name":"Brief","left":130,"height":46,"fontSize":18,"color":"#a56c0a","bold":true,"align":"left"},"compId":389},{"type":"Label","props":{"y":73,"width":127,"valign":"middle","text":"本周热度5555","name":"Heat","left":130,"height":24,"fontSize":18,"color":"#a56c0a","bold":true,"align":"left"},"compId":390}]}]},{"type":"Image","props":{"y":150,"x":271,"skin":"Game/UI/Tweeting/Main/xinxianshi.png"},"compId":138},{"type":"Image","props":{"y":178,"x":270,"width":615,"skin":"Game/UI/Tweeting/Main/shurukuang.png","sizeGrid":"0,62,0,105","name":"MainBody","height":212},"compId":136,"child":[{"type":"Label","props":{"wordWrap":true,"width":575,"top":30,"text":"你好","right":20,"name":"Body","left":20,"height":68,"fontSize":25,"color":"#656565","bold":true},"compId":139}]},{"type":"Panel","props":{"y":404,"x":264,"width":625,"var":"BtnChoosePhotos","name":"BtnChoosePhotos","height":274},"compId":310,"child":[{"type":"Image","props":{"top":0,"skin":"Game/UI/Tweeting/Main/zhaopian1.png","sizeGrid":"19,27,25,20","right":0,"name":"HintPic","left":0,"bottom":0,"alpha":0},"compId":351},{"type":"Image","props":{"x":30,"width":130,"name":"PhotoAds","height":130,"centerY":10},"compId":520,"child":[{"type":"Box","props":{"y":0,"x":0,"width":130,"visible":false,"scaleY":1,"scaleX":1,"name":"NativeRoot","height":130,"centerY":0,"centerX":0},"compId":523,"child":[{"type":"Image","props":{"top":0,"sizeGrid":"26,25,22,26","right":0,"left":0,"bottom":0,"alpha":0.3},"compId":524},{"type":"Image","props":{"top":0,"sizeGrid":"40,26,21,35","right":0,"left":0,"bottom":0},"compId":525},{"type":"Box","props":{"width":284,"top":0,"scaleY":1,"scaleX":1,"right":0,"pivotY":194.5,"pivotX":222.5,"name":"nativeNode","left":1,"height":276,"bottom":0,"anchorY":0.5,"anchorX":0.5},"compId":526,"child":[{"type":"Image","props":{"visible":false,"top":0,"sizeGrid":"50,50,50,50","right":0,"left":0,"bottom":0},"compId":527},{"type":"Image","props":{"width":600,"visible":false,"top":-1,"sizeGrid":"38,38,36,42","right":0,"name":"Contant","left":0,"height":277,"bottom":0},"compId":528},{"type":"Image","props":{"x":0,"width":130,"visible":true,"height":130,"centerY":0,"centerX":0},"compId":529},{"type":"Image","props":{"width":130,"visible":true,"skin":"TJ/Promo/image/jx8.png","name":"Icon","height":130,"centerY":0,"centerX":0},"compId":530},{"type":"Text","props":{"y":-7,"x":154,"wordWrap":false,"width":350,"visible":false,"valign":"middle","text":"广告名字","name":"Title","height":81,"fontSize":30,"color":"#000000","align":"left","runtime":"Laya.Text"},"compId":531},{"type":"Text","props":{"y":25,"x":154,"wordWrap":false,"width":383,"visible":false,"valign":"middle","text":"广告内容广告内容广告内容","name":"Des","height":125,"fontSize":30,"color":"#000000","align":"left","runtime":"Laya.Text"},"compId":532},{"type":"Image","props":{"visible":true,"skin":"TJ/Promo/image/yuansheng2.png","right":0,"bottom":0},"compId":533}]},{"type":"Box","props":{"width":285,"top":0,"right":0,"name":"defaultNode","left":0,"height":276,"bottom":0},"compId":534},{"type":"Image","props":{"width":21,"visible":true,"top":0,"skin":"Game/UI/Common/guanbi.png","scaleY":1.5,"scaleX":1.5,"right":0,"name":"Close","height":20},"compId":535},{"type":"Script","props":{"runtime":"TJ/NativeAd.ts"},"compId":536}]}]},{"type":"Image","props":{"x":180,"width":130,"name":"Photo1","height":130,"centerY":10},"compId":140,"child":[{"type":"Sprite","props":{"y":0,"x":0,"width":130,"height":130},"compId":319,"child":[{"type":"Sprite","props":{"y":0,"x":0,"width":130,"texture":"Game/UI/Tweeting/Main/zhaopian.png","renderType":"mask","height":130},"compId":322}]}]},{"type":"Image","props":{"x":330,"width":130,"name":"Photo2","height":130,"centerY":10},"compId":142,"child":[{"type":"Sprite","props":{"y":0,"x":0,"width":130,"height":130},"compId":320,"child":[{"type":"Sprite","props":{"y":0,"x":0,"width":130,"texture":"Game/UI/Tweeting/Main/zhaopian.png","renderType":"mask","height":130},"compId":323}]}]},{"type":"Image","props":{"x":480,"width":130,"name":"Photo3","height":130,"centerY":10},"compId":143,"child":[{"type":"Sprite","props":{"y":0,"x":0,"width":130,"height":130},"compId":321,"child":[{"type":"Sprite","props":{"y":0,"x":0,"width":130,"texture":"Game/UI/Tweeting/Main/zhaopian.png","renderType":"mask","height":130},"compId":324}]}]},{"type":"Sprite","props":{"y":25,"x":50,"texture":"Game/UI/Tweeting/Main/xuanze.png"},"compId":141},{"type":"Image","props":{"y":0,"x":0,"width":625,"top":0,"skin":"Game/UI/Tweeting/Main/kuang_xuanze.png","sizeGrid":"0,37,0,43","right":0,"left":0,"height":274,"bottom":0,"alpha":1},"compId":137}]}]}]},{"type":"Box","props":{"visible":false,"var":"ChoosePhotos","top":0,"right":0,"name":"ChoosePhotos","left":0,"bottom":0},"compId":145,"child":[{"type":"Image","props":{"y":0,"x":0,"var":"Bg","top":0,"skin":"Lwg/UI/ui_orthogon_black_0.7.png","sizeGrid":"11,11,12,9","right":0,"name":"Bg","left":0,"bottom":0},"compId":33},{"type":"Image","props":{"width":1009,"name":"Content","height":639,"centerY":0,"centerX":0,"anchorY":0.5,"anchorX":0.5},"compId":165,"child":[{"type":"Image","props":{"y":46,"x":70,"skin":"Game/UI/Tweeting/ChoosePhotos/kuang.png","centerY":0,"centerX":0},"compId":147},{"type":"Image","props":{"y":300,"x":252,"skin":"Game/UI/Tweeting/ChoosePhotos/zhaopian_di.png","name":"Photo1","centerY":-20,"anchorY":0.5,"anchorX":0.5},"compId":151,"child":[{"type":"Sprite","props":{"y":10,"x":12,"width":220,"texture":"Game/UI/Tweeting/ChoosePhotos/zhaopian.png","name":"Pic","height":219},"compId":153,"child":[{"type":"Sprite","props":{"y":0,"x":0,"texture":"Game/UI/Tweeting/ChoosePhotos/zhaopian.png","renderType":"mask","name":""},"compId":162}]},{"type":"Image","props":{"y":10,"x":182,"visible":false,"skin":"Game/UI/Tweeting/ChoosePhotos/duihao.png","name":"Tick"},"compId":154}]},{"type":"Image","props":{"y":300,"x":505,"width":244,"skin":"Game/UI/Tweeting/ChoosePhotos/zhaopian_di.png","name":"Photo2","height":244,"centerY":-20,"centerX":0,"anchorY":0.5,"anchorX":0.5},"compId":155,"child":[{"type":"Sprite","props":{"y":10,"x":12,"width":220,"texture":"Game/UI/Tweeting/ChoosePhotos/zhaopian.png","name":"Pic","height":219},"compId":156,"child":[{"type":"Sprite","props":{"y":0,"x":0,"texture":"Game/UI/Tweeting/ChoosePhotos/zhaopian.png","renderType":"mask","name":""},"compId":163}]},{"type":"Image","props":{"y":10,"x":182,"visible":false,"skin":"Game/UI/Tweeting/ChoosePhotos/duihao.png","name":"Tick"},"compId":157}]},{"type":"Image","props":{"y":300,"x":766,"skin":"Game/UI/Tweeting/ChoosePhotos/zhaopian_di.png","name":"Photo3","centerY":-20,"anchorY":0.5,"anchorX":0.5},"compId":158,"child":[{"type":"Sprite","props":{"y":10,"x":12,"width":220,"texture":"Game/UI/Tweeting/ChoosePhotos/zhaopian.png","name":"Pic","height":219},"compId":159,"child":[{"type":"Sprite","props":{"y":0,"x":0,"texture":"Game/UI/Tweeting/ChoosePhotos/zhaopian.png","renderType":"mask","name":""},"compId":164}]},{"type":"Image","props":{"y":10,"x":182,"visible":false,"skin":"Game/UI/Tweeting/ChoosePhotos/duihao.png","name":"Tick"},"compId":160}]},{"type":"Image","props":{"y":483,"x":507,"width":168,"skin":"Game/UI/Tweeting/ChoosePhotos/anniu_hui.png","pivotY":39,"pivotX":84,"name":"BtnSend","height":77},"compId":161},{"type":"Image","props":{"y":34,"x":357,"skin":"Game/UI/Tweeting/ChoosePhotos/xuanze.png","centerX":0},"compId":148}]}]},{"type":"Box","props":{"width":1280,"visible":false,"var":"Dynamic","top":0,"right":0,"name":"Dynamic","left":0,"height":720,"bottom":0},"compId":166,"child":[{"type":"Image","props":{"y":360,"x":640,"top":0,"right":0,"name":"Content","left":0,"bottom":0,"anchorY":0.5,"anchorX":0.5},"compId":312,"child":[{"type":"Image","props":{"y":0,"x":0,"width":1280,"top":0,"skin":"Game/UI/Tweeting/Main/di.png","sizeGrid":"132,168,120,174","right":0,"name":"Bg","left":0,"height":720,"bottom":0},"compId":168},{"type":"Image","props":{"y":63,"x":80,"width":1120,"name":"Head","height":304},"compId":169,"child":[{"type":"Image","props":{"top":10,"skin":"Game/UI/Tweeting/Main/tx_biankuang.png","name":"HeadIcon","left":10},"compId":172,"child":[{"type":"Image","props":{"skin":"Game/UI/Tweeting/Main/touxiangkuang.png","name":"Icon","centerY":0,"centerX":0},"compId":173,"child":[{"type":"Sprite","props":{"y":0,"x":0,"texture":"Game/UI/Tweeting/Main/touxiangkuang.png","renderType":"mask"},"compId":174}]}]},{"type":"Label","props":{"width":64,"valign":"middle","top":20,"text":"昵称","name":"PlayerName","left":115,"height":24,"fontSize":25,"color":"#a56c0a","bold":true,"align":"left"},"compId":175},{"type":"Label","props":{"y":55,"width":227,"valign":"top","text":"简介","rotation":0,"name":"Brief","left":115,"height":60,"fontSize":22,"color":"#a56c0a","bold":false,"align":"left"},"compId":176},{"type":"Label","props":{"y":106,"wordWrap":true,"right":200,"name":"Body","left":115,"height":61,"fontSize":22,"color":"#656565","bold":false},"compId":180},{"type":"Sprite","props":{"y":167,"x":130,"width":131,"texture":"Game/UI/Tweeting/Dynamic/tupian.png","name":"Photo","height":131},"compId":181,"child":[{"type":"Sprite","props":{"y":0,"x":0,"texture":"Game/UI/Tweeting/Dynamic/tupian.png","renderType":"mask"},"compId":247}]}]},{"type":"Image","props":{"y":374,"x":80,"width":1120,"name":"Middle","height":77},"compId":183,"child":[{"type":"Image","props":{"y":7,"width":1140,"skin":"Game/UI/Tweeting/Dynamic/fenge2.png","sizeGrid":"0,57,0,97","right":0,"left":0,"height":2},"compId":184},{"type":"Image","props":{"x":73,"width":26,"skin":"Game/UI/Tweeting/Dynamic/t_shoucang.png","rotation":0,"name":"Collect","height":25,"centerY":-2},"compId":185,"child":[{"type":"Sprite","props":{"y":3,"x":32,"texture":"Game/UI/Tweeting/Dynamic/shoucang.png"},"compId":186}]},{"type":"Image","props":{"x":344,"var":"Forwarded","skin":"Game/UI/Tweeting/Dynamic/t_zhuanfa.png","name":"Forwarded","centerY":-1},"compId":189,"child":[{"type":"Label","props":{"x":31,"width":59,"valign":"middle","text":"750","styleSkin":"Game/UI/Tweeting/Dynamic/shoucang.png","name":"Num","height":25,"fontSize":22,"color":"#a56c0a","centerY":1,"align":"left"},"compId":190}]},{"type":"Image","props":{"x":655,"skin":"Game/UI/Tweeting/Dynamic/t_pinglun.png","name":"Comment","centerY":0},"compId":191,"child":[{"type":"Label","props":{"x":31,"width":59,"valign":"middle","text":"1200","styleSkin":"Game/UI/Tweeting/Dynamic/shoucang.png","name":"Num","height":25,"fontSize":22,"color":"#a56c0a","centerY":-1,"align":"left"},"compId":192}]},{"type":"Image","props":{"x":970,"skin":"Game/UI/Tweeting/Dynamic/t_zan.png","name":"Like","centerY":-4},"compId":193,"child":[{"type":"Label","props":{"x":31,"width":59,"valign":"middle","text":"1200","styleSkin":"Game/UI/Tweeting/Dynamic/shoucang.png","name":"Num","height":25,"fontSize":22,"color":"#a56c0a","centerY":0,"align":"left"},"compId":194}]}]},{"type":"Panel","props":{"y":437,"x":80,"width":1120,"styleSkin":"Game/UI/Tweeting/Dynamic/juxing.png","sizeGrid":"0,73,0,84","name":"Bottom","height":239},"compId":195,"child":[{"type":"Image","props":{"top":4,"skin":"Game/UI/Tweeting/Dynamic/juxing.png","sizeGrid":"37,94,58,84","right":0,"left":0,"height":223,"bottom":0},"compId":297},{"type":"Image","props":{"y":21,"skin":"Game/UI/Tweeting/Dynamic/redu.png","left":30},"compId":248,"child":[{"type":"Image","props":{"y":0,"x":75,"width":1,"skin":"Game/UI/Tweeting/Dynamic/fenge1.png","height":24},"compId":249},{"type":"Image","props":{"y":0,"x":79.5,"skin":"Game/UI/Tweeting/Dynamic/shijian.png"},"compId":250}]},{"type":"Image","props":{"y":60,"right":20,"name":"Reply1","left":20,"height":105},"compId":299,"child":[{"type":"Image","props":{"x":0,"skin":"Game/UI/Tweeting/Main/tx_biankuang.png","name":"HeadIcon","centerY":-6},"compId":302,"child":[{"type":"Image","props":{"skin":"Game/UI/Tweeting/Main/touxiangkuang.png","name":"Icon","centerY":0,"centerX":0},"compId":308,"child":[{"type":"Sprite","props":{"y":0,"x":0,"texture":"Game/UI/Tweeting/Main/touxiangkuang.png","renderType":"mask"},"compId":309}]}]},{"type":"Label","props":{"y":24,"x":104,"width":842,"valign":"top","text":"昵称昵称昵称昵","name":"Body","height":24,"fontSize":18,"color":"#a56c0a","bold":true,"align":"left"},"compId":303},{"type":"Label","props":{"y":57,"x":105,"wordWrap":true,"width":185,"valign":"top","text":"12月24日     21：10","name":"Time","height":17,"fontSize":15,"color":"#ddb26b","bold":false,"align":"left"},"compId":304},{"type":"Image","props":{"y":99,"width":1140,"skin":"Game/UI/Tweeting/Dynamic/fenge2.png","sizeGrid":"0,57,0,97","right":0,"left":0,"height":2},"compId":306},{"type":"Image","props":{"y":48,"width":27,"skin":"Game/UI/Tweeting/Dynamic/t_zan.png","right":110,"name":"Like","height":24},"compId":313,"child":[{"type":"Label","props":{"y":2,"x":35,"width":59,"valign":"middle","text":"0","styleSkin":"Game/UI/Tweeting/Dynamic/shoucang.png","name":"Num","height":25,"fontSize":22,"color":"#a56c0a","align":"left"},"compId":314},{"type":"Image","props":{"y":4,"x":-7,"width":1,"skin":"Game/UI/Tweeting/Dynamic/fenge1.png","height":24},"compId":316},{"type":"Label","props":{"y":4,"x":-61,"width":47,"valign":"top","text":"回复","height":24,"fontSize":22,"color":"#a56c0a","bold":true,"align":"left"},"compId":315}]}]},{"type":"Image","props":{"y":165,"width":1084,"right":22,"name":"Reply2","left":20,"height":105},"compId":340,"child":[{"type":"Image","props":{"x":0,"skin":"Game/UI/Tweeting/Main/tx_biankuang.png","name":"HeadIcon","centerY":-5},"compId":341,"child":[{"type":"Image","props":{"skin":"Game/UI/Tweeting/Main/touxiangkuang.png","name":"Icon","centerY":0,"centerX":0},"compId":342,"child":[{"type":"Sprite","props":{"y":0,"x":0,"texture":"Game/UI/Tweeting/Main/touxiangkuang.png","renderType":"mask"},"compId":343}]}]},{"type":"Label","props":{"y":24,"x":104,"width":842,"valign":"top","text":"昵称昵称昵称昵","name":"Body","height":24,"fontSize":18,"color":"#a56c0a","bold":true,"align":"left"},"compId":344},{"type":"Label","props":{"y":57,"x":105,"wordWrap":true,"width":185,"valign":"top","text":"12月24日     21：10","name":"Time","height":17,"fontSize":15,"color":"#ddb26b","bold":false,"align":"left"},"compId":345},{"type":"Image","props":{"y":99,"width":1140,"skin":"Game/UI/Tweeting/Dynamic/fenge2.png","sizeGrid":"0,57,0,97","right":0,"left":0,"height":2},"compId":346},{"type":"Image","props":{"y":48,"width":27,"skin":"Game/UI/Tweeting/Dynamic/t_zan.png","right":110,"name":"Like","height":24},"compId":347,"child":[{"type":"Label","props":{"y":2,"x":35,"width":59,"valign":"middle","text":"0","styleSkin":"Game/UI/Tweeting/Dynamic/shoucang.png","name":"Num","height":25,"fontSize":22,"color":"#a56c0a","align":"left"},"compId":348},{"type":"Image","props":{"y":4,"x":-7,"width":1,"skin":"Game/UI/Tweeting/Dynamic/fenge1.png","height":24},"compId":349},{"type":"Label","props":{"y":4,"x":-61,"width":47,"valign":"top","text":"回复","height":24,"fontSize":22,"color":"#a56c0a","bold":true,"align":"left"},"compId":350}]}]}]}]}]},{"type":"Box","props":{"visible":false,"var":"GetFans","top":0,"right":0,"name":"GetFans","left":0,"bottom":0},"compId":253,"child":[{"type":"Image","props":{"y":0,"x":0,"top":0,"skin":"Lwg/UI/ui_orthogon_black_0.7.png","sizeGrid":"11,11,12,9","right":0,"name":"Bg","left":0,"bottom":0},"compId":254},{"type":"Image","props":{"y":360,"x":640,"width":808,"skin":"Game/UI/Common/dikuang.png","name":"Content","height":586,"centerY":0,"centerX":0,"anchorY":0.5,"anchorX":0.5},"compId":257,"child":[{"type":"Image","props":{"y":40,"x":20,"top":40,"skin":"Game/UI/Common/kuang2.png","sizeGrid":"126,114,169,158","right":20,"left":20,"bottom":20},"compId":260},{"type":"Image","props":{"y":40,"x":133,"skin":"Game/UI/Tweeting/GetFan/choudai.png","name":"Fans","centerX":0},"compId":261,"child":[{"type":"Sprite","props":{"y":28,"x":142,"texture":"Game/UI/Tweeting/GetFan/zhangfen.png"},"compId":264},{"type":"FontClip","props":{"y":27.5,"x":247,"value":"2000","spaceX":-10,"skin":"Game/UI/Tweeting/GetFan/zi.png","sheet":"0123456789","name":"Num"},"compId":266}]},{"type":"Image","props":{"y":486,"x":522,"width":168,"skin":"Game/UI/Tweeting/GetFan/haode.png","name":"BtnOk","height":77,"anchorY":0.5,"anchorX":0.5},"compId":263},{"type":"Image","props":{"y":486,"x":280,"width":196,"skin":"Game/UI/Tweeting/GetFan/shuangbei.png","name":"BtnDouble","height":77,"anchorY":0.5,"anchorX":0.5},"compId":262},{"type":"Box","props":{"width":594,"visible":true,"scaleY":1,"scaleX":1,"name":"P402","height":260,"centerY":10,"centerX":6},"compId":494,"child":[{"type":"Image","props":{"top":0,"skin":"Game/UI/Tweeting/GetFan/hutui.png","sizeGrid":"41,55,45,50","right":0,"name":"bg","left":0,"bottom":0,"anchorY":0.5,"anchorX":0.5},"compId":495},{"type":"Panel","props":{"width":568,"name":"scroll","height":236,"centerY":0,"centerX":0,"anchorY":0.5,"anchorX":0.5},"compId":496,"child":[{"type":"Box","props":{"y":0,"x":0,"width":1,"name":"layout","height":705},"compId":497,"child":[{"type":"Box","props":{"y":105,"x":85,"width":180,"name":"item","height":225,"anchorY":0.5,"anchorX":0.5},"compId":498,"child":[{"type":"Image","props":{"width":180,"skin":"TJ/Promo/image/jx8.png","name":"icon","height":180,"centerY":-22.5,"centerX":0,"anchorY":0.5,"anchorX":0.5},"compId":499},{"type":"Image","props":{"x":0,"width":180,"skin":"comp/image.png","name":"nbg","height":45,"centerY":90},"compId":500},{"type":"Label","props":{"x":85,"wordWrap":false,"width":170,"valign":"middle","text":"这里是游戏名称","name":"name","multiline":false,"mouseEnabled":false,"height":24,"fontSize":20,"editable":false,"color":"#ffffff","centerY":90,"centerX":0,"anchorY":0.5,"anchorX":0.5,"align":"center"},"compId":501},{"type":"Script","props":{"runtime":"TJ/Promo/script/PromoItem.ts"},"compId":502},{"type":"Script","props":{"runtime":"TJ/Promo/script/ButtonScale.ts"},"compId":503}]}]}]},{"type":"Script","props":{"runtime":"TJ/Promo/script/P402.ts"},"compId":504}]}]}]}],"animations":[{"nodes":[{"target":38,"keyframes":{"y":[{"value":0,"tweenMethod":"linearNone","tween":true,"target":38,"key":"y","index":0},{"value":247,"tweenMethod":"linearNone","tween":true,"target":38,"label":"comp","key":"y","index":25}],"x":[{"value":-46,"tweenMethod":"linearNone","tween":true,"target":38,"key":"x","index":0},{"value":241,"tweenMethod":"linearNone","tween":true,"target":38,"key":"x","index":25}]}}],"name":"ani1","id":1,"frameRate":60,"action":0}],"loadList":["Game/UI/Tweeting/Main/di.png","Game/UI/Tweeting/Main/juxing.png","Game/UI/Tweeting/Main/weibo_logo.png","Game/UI/Tweeting/Main/weibo.png","Game/UI/Tweeting/Main/xingming.png","Game/UI/Tweeting/Main/kuang_fen.png","Game/UI/Tweeting/Main/xuanze-2.png","Game/UI/Tweeting/Main/shouye.png","Game/UI/Tweeting/Main/kuang_bai.png","Game/UI/Tweeting/Main/shoucang.png","Game/UI/Tweeting/Main/shou.png","Game/UI/Tweeting/Main/zan.png","Game/UI/Tweeting/Main/dongtai.png","Game/UI/Tweeting/Main/tx_biankuang.png","Game/UI/Tweeting/Main/touxiangkuang.png","Lwg/UI/ui_circle_006.png","Game/UI/Tweeting/Main/fenge.png","Game/UI/Tweeting/Main/juxing2.png","Game/UI/Tweeting/Main/remen.png","Game/UI/Tweeting/Main/fenge2.png","Game/UI/Tweeting/Main/1.png","Game/UI/Tweeting/Main/xinxianshi.png","Game/UI/Tweeting/Main/shurukuang.png","Game/UI/Tweeting/Main/zhaopian1.png","TJ/Promo/image/jx8.png","TJ/Promo/image/yuansheng2.png","Game/UI/Common/guanbi.png","Game/UI/Tweeting/Main/zhaopian.png","Game/UI/Tweeting/Main/xuanze.png","Game/UI/Tweeting/Main/kuang_xuanze.png","Lwg/UI/ui_orthogon_black_0.7.png","Game/UI/Tweeting/ChoosePhotos/kuang.png","Game/UI/Tweeting/ChoosePhotos/zhaopian_di.png","Game/UI/Tweeting/ChoosePhotos/zhaopian.png","Game/UI/Tweeting/ChoosePhotos/duihao.png","Game/UI/Tweeting/ChoosePhotos/anniu_hui.png","Game/UI/Tweeting/ChoosePhotos/xuanze.png","Game/UI/Tweeting/Dynamic/tupian.png","Game/UI/Tweeting/Dynamic/fenge2.png","Game/UI/Tweeting/Dynamic/t_shoucang.png","Game/UI/Tweeting/Dynamic/shoucang.png","Game/UI/Tweeting/Dynamic/t_zhuanfa.png","Game/UI/Tweeting/Dynamic/t_pinglun.png","Game/UI/Tweeting/Dynamic/t_zan.png","Game/UI/Tweeting/Dynamic/juxing.png","Game/UI/Tweeting/Dynamic/redu.png","Game/UI/Tweeting/Dynamic/fenge1.png","Game/UI/Tweeting/Dynamic/shijian.png","Game/UI/Common/dikuang.png","Game/UI/Common/kuang2.png","Game/UI/Tweeting/GetFan/choudai.png","Game/UI/Tweeting/GetFan/zhangfen.png","Game/UI/Tweeting/GetFan/zi.png","Game/UI/Tweeting/GetFan/haode.png","Game/UI/Tweeting/GetFan/shuangbei.png","Game/UI/Tweeting/GetFan/hutui.png","comp/image.png"],"loadList3D":[]}