{"type":"View","props":{"width":1280,"height":720,"centerY":0},"compId":2,"child":[{"type":"Image","props":{"y":0,"x":0,"var":"BackGround","top":0,"skin":"Lwg/UI/ui_orthogon_black_0.7.png","sizeGrid":"11,11,12,9","right":0,"name":"BackGround","left":0,"bottom":0},"compId":33},{"type":"Image","props":{"y":360,"x":640,"width":1009,"var":"Content","name":"Content","height":639,"centerY":0,"centerX":0,"anchorY":0.5,"anchorX":0.5},"compId":165,"child":[{"type":"Image","props":{"y":46,"x":70,"skin":"Game/UI/Tweeting/ChoosePhotos/kuang.png","centerY":0,"centerX":0},"compId":147},{"type":"Image","props":{"y":300,"x":252,"var":"Photo1","skin":"Game/UI/Tweeting/ChoosePhotos/zhaopian_di.png","name":"Photo1","centerY":-20,"anchorY":0.5,"anchorX":0.5},"compId":151,"child":[{"type":"Sprite","props":{"y":10,"x":12,"width":220,"texture":"Game/UI/Tweeting/ChoosePhotos/zhaopian.png","name":"Pic","height":219},"compId":153,"child":[{"type":"Sprite","props":{"y":0,"x":0,"texture":"Game/UI/Tweeting/ChoosePhotos/zhaopian.png","renderType":"mask","name":""},"compId":162}]},{"type":"Image","props":{"y":10,"x":182,"visible":false,"skin":"Game/UI/Tweeting/ChoosePhotos/duihao.png","name":"Tick"},"compId":154}]},{"type":"Image","props":{"y":517,"x":122,"width":244,"var":"Photo2","skin":"Game/UI/Tweeting/ChoosePhotos/zhaopian_di.png","name":"Photo2","height":244,"centerY":-20,"centerX":0,"anchorY":0.5,"anchorX":0.5},"compId":155,"child":[{"type":"Sprite","props":{"y":10,"x":12,"width":220,"texture":"Game/UI/Tweeting/ChoosePhotos/zhaopian.png","name":"Pic","height":219},"compId":156,"child":[{"type":"Sprite","props":{"y":0,"x":0,"texture":"Game/UI/Tweeting/ChoosePhotos/zhaopian.png","renderType":"mask","name":""},"compId":163}]},{"type":"Image","props":{"y":10,"x":182,"visible":false,"skin":"Game/UI/Tweeting/ChoosePhotos/duihao.png","name":"Tick"},"compId":157}]},{"type":"Image","props":{"y":300,"x":766,"var":"Photo3","skin":"Game/UI/Tweeting/ChoosePhotos/zhaopian_di.png","name":"Photo3","centerY":-20,"anchorY":0.5,"anchorX":0.5},"compId":158,"child":[{"type":"Sprite","props":{"y":10,"x":12,"width":220,"texture":"Game/UI/Tweeting/ChoosePhotos/zhaopian.png","name":"Pic","height":219},"compId":159,"child":[{"type":"Sprite","props":{"y":0,"x":0,"texture":"Game/UI/Tweeting/ChoosePhotos/zhaopian.png","renderType":"mask","name":""},"compId":164}]},{"type":"Image","props":{"y":10,"x":182,"visible":false,"skin":"Game/UI/Tweeting/ChoosePhotos/duihao.png","name":"Tick"},"compId":160}]},{"type":"Image","props":{"y":483,"x":507,"width":168,"var":"BtnSend","skin":"Game/UI/Tweeting/ChoosePhotos/anniu_hui.png","pivotY":39,"pivotX":84,"name":"BtnSend","height":77},"compId":161},{"type":"Image","props":{"y":34,"x":357,"skin":"Game/UI/Tweeting/ChoosePhotos/xuanze.png","centerX":0},"compId":148}]}],"animations":[{"nodes":[{"target":38,"keyframes":{"y":[{"value":0,"tweenMethod":"linearNone","tween":true,"target":38,"key":"y","index":0},{"value":247,"tweenMethod":"linearNone","tween":true,"target":38,"label":"comp","key":"y","index":25}],"x":[{"value":-46,"tweenMethod":"linearNone","tween":true,"target":38,"key":"x","index":0},{"value":241,"tweenMethod":"linearNone","tween":true,"target":38,"key":"x","index":25}]}}],"name":"ani1","id":1,"frameRate":60,"action":0}],"loadList":["Lwg/UI/ui_orthogon_black_0.7.png","Game/UI/Tweeting/ChoosePhotos/kuang.png","Game/UI/Tweeting/ChoosePhotos/zhaopian_di.png","Game/UI/Tweeting/ChoosePhotos/zhaopian.png","Game/UI/Tweeting/ChoosePhotos/duihao.png","Game/UI/Tweeting/ChoosePhotos/anniu_hui.png","Game/UI/Tweeting/ChoosePhotos/xuanze.png"],"loadList3D":[]}