{"type":"View","props":{"width":1280,"height":720,"centerY":0},"compId":2,"child":[{"type":"Image","props":{"y":360,"x":640,"var":"Content","top":0,"right":0,"name":"Content","left":0,"bottom":0,"anchorY":0.5,"anchorX":0.5},"compId":538,"child":[{"type":"Image","props":{"y":0,"x":0,"width":1280,"var":"Bg","top":0,"skin":"Game/UI/Tweeting/Main/di.png","sizeGrid":"132,168,120,174","right":0,"name":"Bg","left":0,"height":720,"bottom":0},"compId":539},{"type":"Image","props":{"y":63,"x":80,"width":1120,"var":"Head","name":"Head","height":304},"compId":540,"child":[{"type":"Image","props":{"top":10,"skin":"Game/UI/Tweeting/Main/tx_biankuang.png","name":"HeadIcon","left":10},"compId":541,"child":[{"type":"Image","props":{"var":"IconPic","skin":"Game/UI/Tweeting/Main/touxiangkuang.png","name":"IconPic","centerY":0,"centerX":0},"compId":542,"child":[{"type":"Sprite","props":{"y":0,"x":0,"texture":"Game/UI/Tweeting/Main/touxiangkuang.png","renderType":"mask"},"compId":543}]}]},{"type":"Label","props":{"width":64,"var":"PlayerName","valign":"middle","top":20,"text":"昵称","name":"PlayerName","left":115,"height":24,"fontSize":25,"color":"#a56c0a","bold":true,"align":"left"},"compId":544},{"type":"Label","props":{"y":55,"width":227,"var":"Brief","valign":"top","text":"简介","rotation":0,"name":"Brief","left":115,"height":60,"fontSize":22,"color":"#a56c0a","bold":false,"align":"left"},"compId":545},{"type":"Label","props":{"y":106,"wordWrap":true,"var":"Body","right":200,"name":"Body","left":115,"height":61,"fontSize":22,"color":"#656565","bold":false},"compId":546},{"type":"Sprite","props":{"y":167,"x":130,"width":131,"var":"Photo","texture":"Game/UI/Tweeting/Dynamic/tupian.png","name":"Photo","height":131},"compId":547,"child":[{"type":"Sprite","props":{"y":0,"x":0,"texture":"Game/UI/Tweeting/Dynamic/tupian.png","renderType":"mask"},"compId":548}]}]},{"type":"Image","props":{"y":374,"x":80,"width":1120,"var":"Middle","name":"Middle","height":77},"compId":549,"child":[{"type":"Image","props":{"y":7,"width":1140,"skin":"Game/UI/Tweeting/Dynamic/fenge2.png","sizeGrid":"0,57,0,97","right":0,"left":0,"height":2},"compId":550},{"type":"Image","props":{"x":73,"width":26,"var":"Collect","skin":"Game/UI/Tweeting/Dynamic/t_shoucang.png","rotation":0,"name":"Collect","height":25,"centerY":-2},"compId":551,"child":[{"type":"Sprite","props":{"y":3,"x":32,"texture":"Game/UI/Tweeting/Dynamic/shoucang.png"},"compId":552}]},{"type":"Image","props":{"x":344,"var":"Forwarded","skin":"Game/UI/Tweeting/Dynamic/t_zhuanfa.png","name":"Forwarded","centerY":-1},"compId":553,"child":[{"type":"Label","props":{"x":31,"width":59,"var":"ForwardedNum","valign":"middle","text":"750","styleSkin":"Game/UI/Tweeting/Dynamic/shoucang.png","name":"ForwardedNum","height":25,"fontSize":22,"color":"#a56c0a","centerY":1,"align":"left"},"compId":554}]},{"type":"Image","props":{"x":655,"var":"Comment","skin":"Game/UI/Tweeting/Dynamic/t_pinglun.png","name":"Comment","centerY":0},"compId":555,"child":[{"type":"Label","props":{"x":31,"width":59,"var":"CommentNum","valign":"middle","text":"1200","styleSkin":"Game/UI/Tweeting/Dynamic/shoucang.png","name":"CommentNum","height":25,"fontSize":22,"color":"#a56c0a","centerY":-1,"align":"left"},"compId":556}]},{"type":"Image","props":{"x":970,"var":"Like","skin":"Game/UI/Tweeting/Dynamic/t_zan.png","name":"Like","centerY":-4},"compId":557,"child":[{"type":"Label","props":{"x":31,"width":59,"var":"LikeNum","valign":"middle","text":"1200","styleSkin":"Game/UI/Tweeting/Dynamic/shoucang.png","name":"LikeNum","height":25,"fontSize":22,"color":"#a56c0a","centerY":0,"align":"left"},"compId":558}]}]},{"type":"Panel","props":{"y":437,"x":80,"width":1120,"var":"Bottom","styleSkin":"Game/UI/Tweeting/Dynamic/juxing.png","sizeGrid":"0,73,0,84","name":"Bottom","height":239},"compId":559,"child":[{"type":"Image","props":{"top":4,"skin":"Game/UI/Tweeting/Dynamic/juxing.png","sizeGrid":"37,94,58,84","right":0,"left":0,"height":223,"bottom":0},"compId":560},{"type":"Image","props":{"y":21,"skin":"Game/UI/Tweeting/Dynamic/redu.png","left":30},"compId":561,"child":[{"type":"Image","props":{"y":0,"x":75,"width":1,"skin":"Game/UI/Tweeting/Dynamic/fenge1.png","height":24},"compId":562},{"type":"Image","props":{"y":0,"x":79.5,"skin":"Game/UI/Tweeting/Dynamic/shijian.png"},"compId":563}]},{"type":"Image","props":{"y":60,"var":"Reply1","right":20,"name":"Reply1","left":20,"height":105},"compId":564,"child":[{"type":"Image","props":{"x":0,"skin":"Game/UI/Tweeting/Main/tx_biankuang.png","name":"HeadIcon","centerY":-6},"compId":565,"child":[{"type":"Image","props":{"skin":"Game/UI/Tweeting/Main/touxiangkuang.png","name":"Icon","centerY":0,"centerX":0},"compId":566,"child":[{"type":"Sprite","props":{"y":0,"x":0,"texture":"Game/UI/Tweeting/Main/touxiangkuang.png","renderType":"mask"},"compId":567}]}]},{"type":"Label","props":{"y":24,"x":104,"width":842,"var":"Reply1Body","valign":"top","text":"昵称昵称昵称昵","name":"Reply1Body","height":24,"fontSize":18,"color":"#a56c0a","bold":true,"align":"left"},"compId":568},{"type":"Label","props":{"y":57,"x":105,"wordWrap":true,"width":185,"valign":"top","text":"12月24日     21：10","name":"Time","height":17,"fontSize":15,"color":"#ddb26b","bold":false,"align":"left"},"compId":569},{"type":"Image","props":{"y":99,"width":1140,"skin":"Game/UI/Tweeting/Dynamic/fenge2.png","sizeGrid":"0,57,0,97","right":0,"left":0,"height":2},"compId":570},{"type":"Image","props":{"y":48,"width":27,"skin":"Game/UI/Tweeting/Dynamic/t_zan.png","right":110,"name":"Like","height":24},"compId":571,"child":[{"type":"Label","props":{"y":2,"x":35,"width":59,"valign":"middle","text":"0","styleSkin":"Game/UI/Tweeting/Dynamic/shoucang.png","name":"Num","height":25,"fontSize":22,"color":"#a56c0a","align":"left"},"compId":572},{"type":"Image","props":{"y":4,"x":-7,"width":1,"skin":"Game/UI/Tweeting/Dynamic/fenge1.png","height":24},"compId":573},{"type":"Label","props":{"y":4,"x":-61,"width":47,"valign":"top","text":"回复","height":24,"fontSize":22,"color":"#a56c0a","bold":true,"align":"left"},"compId":574}]}]},{"type":"Image","props":{"y":165,"width":1084,"var":"Reply2","right":22,"name":"Reply2","left":20,"height":105},"compId":575,"child":[{"type":"Image","props":{"x":0,"skin":"Game/UI/Tweeting/Main/tx_biankuang.png","name":"HeadIcon","centerY":-5},"compId":576,"child":[{"type":"Image","props":{"skin":"Game/UI/Tweeting/Main/touxiangkuang.png","name":"Icon","centerY":0,"centerX":0},"compId":577,"child":[{"type":"Sprite","props":{"y":0,"x":0,"texture":"Game/UI/Tweeting/Main/touxiangkuang.png","renderType":"mask"},"compId":578}]}]},{"type":"Label","props":{"y":24,"x":104,"width":842,"var":"Reply2Body","valign":"top","text":"昵称昵称昵称昵","name":"Reply2Body","height":24,"fontSize":18,"color":"#a56c0a","bold":true,"align":"left"},"compId":579},{"type":"Label","props":{"y":57,"x":105,"wordWrap":true,"width":185,"valign":"top","text":"12月24日     21：10","name":"Time","height":17,"fontSize":15,"color":"#ddb26b","bold":false,"align":"left"},"compId":580},{"type":"Image","props":{"y":99,"width":1140,"skin":"Game/UI/Tweeting/Dynamic/fenge2.png","sizeGrid":"0,57,0,97","right":0,"left":0,"height":2},"compId":581},{"type":"Image","props":{"y":48,"width":27,"skin":"Game/UI/Tweeting/Dynamic/t_zan.png","right":110,"name":"Like","height":24},"compId":582,"child":[{"type":"Label","props":{"y":2,"x":35,"width":59,"valign":"middle","text":"0","styleSkin":"Game/UI/Tweeting/Dynamic/shoucang.png","name":"Num","height":25,"fontSize":22,"color":"#a56c0a","align":"left"},"compId":583},{"type":"Image","props":{"y":4,"x":-7,"width":1,"skin":"Game/UI/Tweeting/Dynamic/fenge1.png","height":24},"compId":584},{"type":"Label","props":{"y":4,"x":-61,"width":47,"valign":"top","text":"回复","height":24,"fontSize":22,"color":"#a56c0a","bold":true,"align":"left"},"compId":585}]}]}]}]}],"animations":[{"nodes":[{"target":38,"keyframes":{"y":[{"value":0,"tweenMethod":"linearNone","tween":true,"target":38,"key":"y","index":0},{"value":247,"tweenMethod":"linearNone","tween":true,"target":38,"label":"comp","key":"y","index":25}],"x":[{"value":-46,"tweenMethod":"linearNone","tween":true,"target":38,"key":"x","index":0},{"value":241,"tweenMethod":"linearNone","tween":true,"target":38,"key":"x","index":25}]}}],"name":"ani1","id":1,"frameRate":60,"action":0}],"loadList":["Game/UI/Tweeting/Main/di.png","Game/UI/Tweeting/Main/tx_biankuang.png","Game/UI/Tweeting/Main/touxiangkuang.png","Game/UI/Tweeting/Dynamic/tupian.png","Game/UI/Tweeting/Dynamic/fenge2.png","Game/UI/Tweeting/Dynamic/t_shoucang.png","Game/UI/Tweeting/Dynamic/shoucang.png","Game/UI/Tweeting/Dynamic/t_zhuanfa.png","Game/UI/Tweeting/Dynamic/t_pinglun.png","Game/UI/Tweeting/Dynamic/t_zan.png","Game/UI/Tweeting/Dynamic/juxing.png","Game/UI/Tweeting/Dynamic/redu.png","Game/UI/Tweeting/Dynamic/fenge1.png","Game/UI/Tweeting/Dynamic/shijian.png"],"loadList3D":[]}