{"type":"View","props":{"width":1280,"height":720,"centerY":0},"compId":2,"child":[{"type":"Image","props":{"y":0,"x":0,"width":1280,"var":"Background","top":0,"skin":"Game/UI/Tweeting/Main/di.png","sizeGrid":"132,168,120,174","right":0,"name":"Background","left":0,"height":720,"bottom":0},"compId":44},{"type":"Image","props":{"y":0,"x":0,"var":"Content","top":0,"right":0,"name":"Content","left":0,"bottom":0},"compId":325,"child":[{"type":"Image","props":{"y":57,"x":50,"width":1180,"var":"Top","skin":"Game/UI/Tweeting/Main/juxing.png","sizeGrid":"0,399,0,517","name":"Top","height":50},"compId":133,"child":[{"type":"Image","props":{"y":14,"skin":"Game/UI/Tweeting/Main/weibo_logo.png","left":150,"centerY":0},"compId":58,"child":[{"type":"Image","props":{"x":45,"skin":"Game/UI/Tweeting/Main/weibo.png","centerY":0},"compId":59}]},{"type":"Image","props":{"y":14,"skin":"Game/UI/Tweeting/Main/xingming.png","right":300,"centerY":0},"compId":134,"child":[{"type":"Label","props":{"y":-2,"x":34,"width":208,"var":"PlayerName","valign":"middle","text":"玩家名字","name":"PlayerName","height":34,"fontSize":24,"color":"#a56c0a","bold":true,"align":"left"},"compId":135}]}]},{"type":"Image","props":{"y":150,"x":0,"width":236,"var":"BtnSet","name":"BtnSet","height":450},"compId":132,"child":[{"type":"Image","props":{"y":9,"x":20.5,"skin":"Game/UI/Tweeting/Main/kuang_fen.png"},"compId":47,"child":[{"type":"Image","props":{"skin":"Game/UI/Tweeting/Main/xuanze-2.png","centerY":-3,"centerX":69},"compId":48},{"type":"Image","props":{"skin":"Game/UI/Tweeting/Main/shouye.png","left":42,"centerY":-3},"compId":57}]},{"type":"Image","props":{"y":93,"x":21,"skin":"Game/UI/Tweeting/Main/kuang_bai.png"},"compId":49,"child":[{"type":"Image","props":{"skin":"Game/UI/Tweeting/Main/shoucang.png","left":45,"centerY":-3},"compId":50}]},{"type":"Image","props":{"y":177,"x":21,"skin":"Game/UI/Tweeting/Main/kuang_bai.png"},"compId":51,"child":[{"type":"Image","props":{"skin":"Game/UI/Tweeting/Main/shou.png","left":45,"centerY":-3},"compId":52}]},{"type":"Image","props":{"y":264,"x":21,"skin":"Game/UI/Tweeting/Main/kuang_bai.png"},"compId":53,"child":[{"type":"Image","props":{"skin":"Game/UI/Tweeting/Main/zan.png","left":45,"centerY":-3},"compId":54}]},{"type":"Image","props":{"y":353,"x":21,"skin":"Game/UI/Tweeting/Main/kuang_bai.png"},"compId":55,"child":[{"type":"Image","props":{"skin":"Game/UI/Tweeting/Main/dongtai.png","left":45,"centerY":-3},"compId":56}]}]},{"type":"Image","props":{"y":89,"x":930,"width":293,"var":"Head","name":"Head","height":195},"compId":71,"child":[{"type":"Image","props":{"y":7,"width":94,"var":"PlayerIcon","skin":"Game/UI/Tweeting/Main/tx_biankuang.png","name":"PlayerIcon","height":94,"centerX":0},"compId":72,"child":[{"type":"Image","props":{"var":"IconPic","skin":"Game/UI/Tweeting/Main/touxiangkuang.png","name":"IconPic","centerY":0,"centerX":0},"compId":73,"child":[{"type":"Sprite","props":{"y":0,"x":0,"width":88,"texture":"Lwg/UI/ui_circle_006.png","renderType":"mask","height":88},"compId":93}]}]},{"type":"Label","props":{"y":150,"x":31,"width":64,"valign":"middle","text":"关注","height":34,"fontSize":24,"color":"#a56c0a","bold":true,"align":"center"},"compId":75},{"type":"Label","props":{"y":150,"width":64,"valign":"middle","text":"粉丝","rotation":0,"height":34,"fontSize":24,"color":"#a56c0a","centerX":2,"bold":true,"align":"center"},"compId":76},{"type":"Label","props":{"y":150,"x":202,"width":64,"valign":"middle","text":"作品","height":34,"fontSize":24,"color":"#a56c0a","bold":true,"align":"center"},"compId":77},{"type":"Label","props":{"y":111.5,"x":28,"width":64,"var":"AttentionNum","valign":"middle","text":"1000","name":"AttentionNum","height":34,"fontSize":24,"color":"#a56c0a","bold":false,"align":"center"},"compId":78},{"type":"Label","props":{"y":111.5,"width":64,"var":"FansNum","valign":"middle","text":"1000","name":"FansNum","height":34,"fontSize":24,"color":"#a56c0a","centerX":1,"bold":false,"align":"center"},"compId":80},{"type":"Label","props":{"y":111.5,"x":200,"width":64,"var":"CompleteNum","valign":"middle","text":"1000","name":"CompleteNum","height":34,"fontSize":24,"color":"#a56c0a","bold":false,"align":"center"},"compId":81},{"type":"Sprite","props":{"y":121,"x":105,"width":1,"texture":"Game/UI/Tweeting/Main/fenge.png","height":56},"compId":83},{"type":"Sprite","props":{"y":120,"x":192,"texture":"Game/UI/Tweeting/Main/fenge.png"},"compId":84}]},{"type":"Image","props":{"y":293,"x":919,"width":320,"var":"Hot","name":"Hot","height":389},"compId":82,"child":[{"type":"Image","props":{"skin":"Game/UI/Tweeting/Main/juxing2.png","centerY":0,"centerX":0},"compId":86},{"type":"Image","props":{"y":23,"x":19,"skin":"Game/UI/Tweeting/Main/remen.png"},"compId":85},{"type":"Box","props":{"y":110,"width":272,"pivotY":53,"pivotX":136,"name":"Rank1","height":105,"centerX":0},"compId":352,"child":[{"type":"Image","props":{"y":101,"x":3,"width":282,"skin":"Game/UI/Tweeting/Main/fenge2.png","height":1,"centerX":0},"compId":353},{"type":"Image","props":{"y":10,"x":100,"skin":"Game/UI/Tweeting/Main/1.png","name":"Tag"},"compId":354},{"type":"Image","props":{"x":0,"width":94,"skin":"Game/UI/Tweeting/Main/tx_biankuang.png","name":"HeadIcon","height":94,"centerY":-5},"compId":355,"child":[{"type":"Image","props":{"width":88,"skin":"Game/UI/Tweeting/Main/touxiangkuang.png","name":"Icon","height":88,"centerY":0,"centerX":0},"compId":356,"child":[{"type":"Sprite","props":{"y":0,"x":0,"width":88,"texture":"Lwg/UI/ui_circle_006.png","renderType":"mask","height":88},"compId":357}]}]},{"type":"Label","props":{"y":8,"width":64,"valign":"middle","text":"昵称","name":"Name","left":130,"height":24,"fontSize":20,"color":"#a56c0a","bold":true,"align":"left"},"compId":358},{"type":"Label","props":{"y":33,"wordWrap":true,"width":131,"valign":"top","text":"简介","name":"Brief","left":130,"height":46,"fontSize":18,"color":"#a56c0a","bold":true,"align":"left"},"compId":359},{"type":"Label","props":{"y":73,"width":127,"valign":"middle","text":"本周热度5555","name":"Heat","left":130,"height":24,"fontSize":18,"color":"#a56c0a","bold":true,"align":"left"},"compId":360}]},{"type":"Box","props":{"y":213,"width":272,"pivotY":53,"pivotX":136,"name":"Rank2","height":105,"centerX":0},"compId":362,"child":[{"type":"Image","props":{"y":101,"x":3,"width":282,"skin":"Game/UI/Tweeting/Main/fenge2.png","height":1,"centerX":0},"compId":363},{"type":"Image","props":{"y":10,"x":100,"skin":"Game/UI/Tweeting/Main/1.png","name":"Tag"},"compId":364},{"type":"Image","props":{"x":0,"width":94,"skin":"Game/UI/Tweeting/Main/tx_biankuang.png","name":"HeadIcon","height":94,"centerY":-5},"compId":365,"child":[{"type":"Image","props":{"width":88,"skin":"Game/UI/Tweeting/Main/touxiangkuang.png","name":"Icon","height":88,"centerY":0,"centerX":0},"compId":366,"child":[{"type":"Sprite","props":{"y":0,"x":0,"width":88,"texture":"Lwg/UI/ui_circle_006.png","renderType":"mask","height":88},"compId":367}]}]},{"type":"Label","props":{"y":8,"width":64,"valign":"middle","text":"昵称","name":"Name","left":130,"height":24,"fontSize":20,"color":"#a56c0a","bold":true,"align":"left"},"compId":368},{"type":"Label","props":{"y":33,"wordWrap":true,"width":131,"valign":"top","text":"简介","name":"Brief","left":130,"height":46,"fontSize":18,"color":"#a56c0a","bold":true,"align":"left"},"compId":369},{"type":"Label","props":{"y":73,"width":127,"valign":"middle","text":"本周热度5555","name":"Heat","left":130,"height":24,"fontSize":18,"color":"#a56c0a","bold":true,"align":"left"},"compId":370}]},{"type":"Box","props":{"y":318,"width":272,"pivotY":53,"pivotX":136,"name":"Rank3","height":105,"centerX":0},"compId":382,"child":[{"type":"Image","props":{"y":10,"x":100,"skin":"Game/UI/Tweeting/Main/1.png","name":"Tag"},"compId":384},{"type":"Image","props":{"x":0,"width":94,"skin":"Game/UI/Tweeting/Main/tx_biankuang.png","name":"HeadIcon","height":94,"centerY":-5},"compId":385,"child":[{"type":"Image","props":{"width":88,"skin":"Game/UI/Tweeting/Main/touxiangkuang.png","name":"Icon","height":88,"centerY":0,"centerX":0},"compId":386,"child":[{"type":"Sprite","props":{"y":0,"x":0,"width":88,"texture":"Lwg/UI/ui_circle_006.png","renderType":"mask","height":88},"compId":387}]}]},{"type":"Label","props":{"y":8,"width":64,"valign":"middle","text":"昵称","name":"Name","left":130,"height":24,"fontSize":20,"color":"#a56c0a","bold":true,"align":"left"},"compId":388},{"type":"Label","props":{"y":33,"wordWrap":true,"width":131,"valign":"top","text":"简介","name":"Brief","left":130,"height":46,"fontSize":18,"color":"#a56c0a","bold":true,"align":"left"},"compId":389},{"type":"Label","props":{"y":73,"width":127,"valign":"middle","text":"本周热度5555","name":"Heat","left":130,"height":24,"fontSize":18,"color":"#a56c0a","bold":true,"align":"left"},"compId":390}]}]},{"type":"Image","props":{"y":178,"x":270,"width":615,"var":"Body","skin":"Game/UI/Tweeting/Main/shurukuang.png","sizeGrid":"0,62,0,105","name":"Body","height":212},"compId":136,"child":[{"type":"Image","props":{"y":-28,"x":1,"skin":"Game/UI/Tweeting/Main/xinxianshi.png"},"compId":138},{"type":"Label","props":{"wordWrap":true,"width":575,"var":"BodyText","top":30,"text":"你好","right":20,"name":"BodyText","left":20,"height":68,"fontSize":25,"color":"#656565","bold":true},"compId":139}]},{"type":"Panel","props":{"y":404,"x":264,"width":625,"var":"BtnChoosePhotos","name":"BtnChoosePhotos","height":274},"compId":310,"child":[{"type":"Image","props":{"var":"HintPic","top":0,"skin":"Game/UI/Tweeting/Main/zhaopian1.png","sizeGrid":"19,27,25,20","right":0,"name":"HintPic","left":0,"bottom":0,"alpha":0},"compId":351},{"type":"Image","props":{"x":30,"width":130,"var":"PhotoAds","name":"PhotoAds","height":130,"centerY":10},"compId":520,"child":[{"type":"Box","props":{"y":0,"x":0,"width":130,"visible":false,"scaleY":1,"scaleX":1,"name":"NativeRoot","height":130,"centerY":0,"centerX":0},"compId":523,"child":[{"type":"Image","props":{"top":0,"sizeGrid":"26,25,22,26","right":0,"left":0,"bottom":0,"alpha":0.3},"compId":524},{"type":"Image","props":{"top":0,"sizeGrid":"40,26,21,35","right":0,"left":0,"bottom":0},"compId":525},{"type":"Box","props":{"width":284,"top":0,"scaleY":1,"scaleX":1,"right":0,"pivotY":194.5,"pivotX":222.5,"name":"nativeNode","left":1,"height":276,"bottom":0,"anchorY":0.5,"anchorX":0.5},"compId":526,"child":[{"type":"Image","props":{"visible":false,"top":0,"sizeGrid":"50,50,50,50","right":0,"left":0,"bottom":0},"compId":527},{"type":"Image","props":{"width":600,"visible":false,"top":-1,"sizeGrid":"38,38,36,42","right":0,"name":"Contant","left":0,"height":277,"bottom":0},"compId":528},{"type":"Image","props":{"x":0,"width":130,"visible":true,"height":130,"centerY":0,"centerX":0},"compId":529},{"type":"Image","props":{"width":130,"visible":true,"skin":"TJ/Promo/image/jx8.png","name":"Icon","height":130,"centerY":0,"centerX":0},"compId":530},{"type":"Text","props":{"y":-7,"x":154,"wordWrap":false,"width":350,"visible":false,"valign":"middle","text":"广告名字","name":"Title","height":81,"fontSize":30,"color":"#000000","align":"left","runtime":"Laya.Text"},"compId":531},{"type":"Text","props":{"y":25,"x":154,"wordWrap":false,"width":383,"visible":false,"valign":"middle","text":"广告内容广告内容广告内容","name":"Des","height":125,"fontSize":30,"color":"#000000","align":"left","runtime":"Laya.Text"},"compId":532},{"type":"Image","props":{"visible":true,"skin":"TJ/Promo/image/yuansheng2.png","right":0,"bottom":0},"compId":533}]},{"type":"Box","props":{"width":285,"top":0,"right":0,"name":"defaultNode","left":0,"height":276,"bottom":0},"compId":534},{"type":"Image","props":{"width":21,"visible":true,"top":0,"skin":"Game/UI/Common/guanbi.png","scaleY":1.5,"scaleX":1.5,"right":0,"name":"Close","height":20},"compId":535},{"type":"Script","props":{"runtime":"TJ/NativeAd.ts"},"compId":536}]}]},{"type":"Image","props":{"x":180,"width":130,"var":"Photo1","name":"Photo1","height":130,"centerY":10},"compId":140,"child":[{"type":"Sprite","props":{"y":0,"x":0,"width":130,"height":130},"compId":319,"child":[{"type":"Sprite","props":{"y":0,"x":0,"width":130,"texture":"Game/UI/Tweeting/Main/zhaopian.png","renderType":"mask","height":130},"compId":322}]}]},{"type":"Image","props":{"x":330,"width":130,"var":"Photo2","name":"Photo2","height":130,"centerY":10},"compId":142,"child":[{"type":"Sprite","props":{"y":0,"x":0,"width":130,"height":130},"compId":320,"child":[{"type":"Sprite","props":{"y":0,"x":0,"width":130,"texture":"Game/UI/Tweeting/Main/zhaopian.png","renderType":"mask","height":130},"compId":323}]}]},{"type":"Image","props":{"x":480,"width":130,"var":"Photo3","name":"Photo3","height":130,"centerY":10},"compId":143,"child":[{"type":"Sprite","props":{"y":0,"x":0,"width":130,"height":130},"compId":321,"child":[{"type":"Sprite","props":{"y":0,"x":0,"width":130,"texture":"Game/UI/Tweeting/Main/zhaopian.png","renderType":"mask","height":130},"compId":324}]}]},{"type":"Sprite","props":{"y":25,"x":50,"texture":"Game/UI/Tweeting/Main/xuanze.png"},"compId":141},{"type":"Image","props":{"y":0,"x":0,"width":625,"top":0,"skin":"Game/UI/Tweeting/Main/kuang_xuanze.png","sizeGrid":"0,37,0,43","right":0,"left":0,"height":274,"bottom":0,"alpha":1},"compId":137}]}]}],"animations":[{"nodes":[{"target":38,"keyframes":{"y":[{"value":0,"tweenMethod":"linearNone","tween":true,"target":38,"key":"y","index":0},{"value":247,"tweenMethod":"linearNone","tween":true,"target":38,"label":"comp","key":"y","index":25}],"x":[{"value":-46,"tweenMethod":"linearNone","tween":true,"target":38,"key":"x","index":0},{"value":241,"tweenMethod":"linearNone","tween":true,"target":38,"key":"x","index":25}]}}],"name":"ani1","id":1,"frameRate":60,"action":0}],"loadList":["Game/UI/Tweeting/Main/di.png","Game/UI/Tweeting/Main/juxing.png","Game/UI/Tweeting/Main/weibo_logo.png","Game/UI/Tweeting/Main/weibo.png","Game/UI/Tweeting/Main/xingming.png","Game/UI/Tweeting/Main/kuang_fen.png","Game/UI/Tweeting/Main/xuanze-2.png","Game/UI/Tweeting/Main/shouye.png","Game/UI/Tweeting/Main/kuang_bai.png","Game/UI/Tweeting/Main/shoucang.png","Game/UI/Tweeting/Main/shou.png","Game/UI/Tweeting/Main/zan.png","Game/UI/Tweeting/Main/dongtai.png","Game/UI/Tweeting/Main/tx_biankuang.png","Game/UI/Tweeting/Main/touxiangkuang.png","Lwg/UI/ui_circle_006.png","Game/UI/Tweeting/Main/fenge.png","Game/UI/Tweeting/Main/juxing2.png","Game/UI/Tweeting/Main/remen.png","Game/UI/Tweeting/Main/fenge2.png","Game/UI/Tweeting/Main/1.png","Game/UI/Tweeting/Main/shurukuang.png","Game/UI/Tweeting/Main/xinxianshi.png","Game/UI/Tweeting/Main/zhaopian1.png","TJ/Promo/image/jx8.png","TJ/Promo/image/yuansheng2.png","Game/UI/Common/guanbi.png","Game/UI/Tweeting/Main/zhaopian.png","Game/UI/Tweeting/Main/xuanze.png","Game/UI/Tweeting/Main/kuang_xuanze.png"],"loadList3D":[]}