{"type":"View","props":{"width":720,"height":1280},"compId":2,"child":[{"type":"Image","props":{"y":0,"x":0,"width":720,"var":"Background","skin":"Frame/UI/ui_orthogon_black.png","sizeGrid":"5,6,5,10","name":"Background","height":1280,"alpha":0.7},"compId":8},{"type":"Sprite","props":{"y":586,"x":372,"width":598,"var":"SceneContent","pivotY":451,"pivotX":299,"name":"SceneContent","height":902,"alpha":1},"compId":10,"child":[{"type":"Image","props":{"y":35,"x":-4,"width":604,"skin":"UI/Common/dikuang.png","sizeGrid":"36,38,66,36","height":718,"alpha":1},"compId":62},{"type":"Sprite","props":{"y":50,"x":574,"width":72,"var":"BtnBack","texture":"UI/Common/X.png","pivotY":36,"pivotX":36,"name":"BtnBack","height":72},"compId":97},{"type":"Sprite","props":{"y":-5,"x":165,"texture":"UI/Common/biaotidi.png"},"compId":99,"child":[{"type":"Sprite","props":{"y":22.75,"x":51.75,"texture":"UI/CheckIn/biaoti.png"},"compId":100}]},{"type":"List","props":{"y":81,"x":16,"width":564,"var":"CheckList","spaceY":-23,"spaceX":-22,"repeatY":2,"repeatX":3,"name":"CheckList","height":422},"compId":73,"child":[{"type":"Box","props":{"y":113,"x":97,"width":206,"renderType":"render","pivotY":113,"pivotX":103,"height":226},"compId":72,"child":[{"type":"Image","props":{"y":22,"x":23,"width":160,"skin":"UI/Common/kuang2.png","sizeGrid":"37,0,57,0","name":"Pic_Board","height":181},"compId":67},{"type":"Image","props":{"y":78,"x":64,"width":81,"skin":"UI/GameStart/qian.png","name":"Pic_Gold","height":60},"compId":70},{"type":"Label","props":{"y":144,"x":54,"width":98,"valign":"middle","underlineColor":"#ffffff","text":"x25","strokeColor":"#ffffff","stroke":5,"rotation":0,"name":"Num","height":48,"fontSize":30,"font":"Microsoft YaHei","color":"#367a21","bold":true,"align":"center"},"compId":84},{"type":"Label","props":{"y":38,"x":68,"width":62,"valign":"middle","text":"第一天","name":"DayNum","height":29,"fontSize":22,"color":"#ffffff","bold":true,"align":"center"},"compId":101},{"type":"Label","props":{"y":102.5,"x":55,"width":96,"text":"已领取","name":"ChinkTip","height":33,"fontSize":30,"color":"#ffffff","bold":true},"compId":102}]}]},{"type":"Image","props":{"y":597,"x":298,"width":527,"var":"BtnSeven","skin":"UI/Common/kuang2.png","sizeGrid":"0,42,0,35","pivotY":90,"pivotX":264,"name":"BtnSeven","height":180},"compId":85,"child":[{"type":"Image","props":{"y":55,"x":228,"width":83,"skin":"UI/CheckIn/qian.png","name":"Pic_Gold","height":65},"compId":87},{"type":"Label","props":{"y":127.5,"x":197.5,"width":140,"valign":"middle","underlineColor":"#ffffff","text":"x1000","strokeColor":"#ffffff","stroke":5,"name":"Num","height":36,"fontSize":40,"font":"Microsoft YaHei","color":"#367a21","bold":true,"align":"center"},"compId":88},{"type":"Label","props":{"y":19,"x":224.5,"width":89,"valign":"middle","text":"第七天","name":"DayNum","height":35,"fontSize":22,"color":"#ffffff","bold":true,"align":"center"},"compId":110},{"type":"Label","props":{"y":79,"x":221,"width":96,"text":"已领取","name":"ChinkTip","height":33,"fontSize":30,"color":"#ffffff","bold":true},"compId":111}]},{"type":"Image","props":{"y":713,"x":48,"width":489,"var":"Platform","name":"Platform","height":360},"compId":139,"child":[{"type":"Sprite","props":{"y":60,"x":105,"width":287,"var":"WeChat","name":"WeChat","height":221},"compId":117,"child":[{"type":"Sprite","props":{"y":75,"x":142,"var":"BtnGet_WeChat","texture":"UI/Common/anniu.png","pivotY":66,"pivotX":144,"name":"BtnGet_WeChat"},"compId":104,"child":[{"type":"Sprite","props":{"y":44.5,"x":65,"texture":"UI/CheckIn/txt_lingqu.png"},"compId":106}]},{"type":"Sprite","props":{"y":75,"x":142,"var":"BtnThreeGet_WeChat","texture":"UI/Common/anniu.png","pivotY":66,"pivotX":144,"name":"BtnThreeGet_WeChat"},"compId":74,"child":[{"type":"Sprite","props":{"y":12.5,"x":204,"texture":"UI/Common/shipin.png","name":"AdsPic"},"compId":75},{"type":"Sprite","props":{"y":44.5,"x":35,"texture":"UI/CheckIn/txt_lingqu.png","name":"Word"},"compId":103}]},{"type":"Sprite","props":{"y":203,"x":114,"width":51,"var":"Select_WeChat","pivotY":14,"pivotX":114,"name":"Select_WeChat","height":30,"alpha":0.7},"compId":77,"child":[{"type":"Sprite","props":{"y":-2,"x":38,"texture":"UI/CheckIn/wordsthree.png"},"compId":91},{"type":"Sprite","props":{"y":-1,"x":7,"var":"BtnSelect","texture":"UI/Common/yuan1.png","name":"BtnSelect"},"compId":108},{"type":"Sprite","props":{"y":7,"x":15,"width":16,"var":"Dot","texture":"UI/Common/yuan2.png","name":"Dot","height":16},"compId":109}]}]},{"type":"Sprite","props":{"y":61,"x":106,"width":287,"var":"OPPO","name":"OPPO","height":221},"compId":118,"child":[{"type":"Sprite","props":{"y":49,"x":-6,"width":288,"var":"BtnGet_OPPO","texture":"UI/Common/anniu.png","pivotY":64,"pivotX":144,"name":"BtnGet_OPPO","height":128},"compId":119,"child":[{"type":"Label","props":{"y":45,"x":60,"width":165,"text":"普通领取","height":39,"fontSize":40,"color":"#e25754","bold":true},"compId":142}]},{"type":"Sprite","props":{"y":51,"x":301,"var":"BtnThreeGet_OPPO","texture":"UI/Common/anniu.png","pivotY":66,"pivotX":144,"name":"BtnThreeGet_OPPO"},"compId":121,"child":[{"type":"Sprite","props":{"y":12.5,"x":204,"texture":"UI/Common/shipin.png"},"compId":122},{"type":"Sprite","props":{"y":48.5,"x":39,"width":153,"texture":"UI/CheckIn/3bei.png","height":37},"compId":123}]},{"type":"Box","props":{"width":600,"visible":false,"var":"NativeRoot","scaleY":0.8,"scaleX":0.8,"name":"NativeRoot","height":276,"centerX":1,"bottom":-129},"compId":172,"child":[{"type":"Image","props":{"top":0,"skin":"Frame/UI/ui_square_c_012.png","sizeGrid":"26,25,22,26","right":0,"left":0,"bottom":0,"alpha":0.3},"compId":173},{"type":"Image","props":{"y":1,"x":0,"width":599,"skin":"Frame/UI/ui_square_007.png","sizeGrid":"40,26,21,35","height":126},"compId":174},{"type":"Image","props":{"y":203,"x":451,"width":273,"skin":"Frame/UI/ui_square_006.png","sizeGrid":"42,44,29,41","pivotY":54,"pivotX":137,"height":108},"compId":175,"child":[{"type":"Label","props":{"text":"继续游戏","fontSize":40,"color":"#ffffff","centerY":0,"centerX":0,"bold":true},"compId":176}]},{"type":"Image","props":{"y":201,"x":153,"width":288,"skin":"UI/Common/anniu.png","pivotY":64,"pivotX":144,"height":128},"compId":177,"child":[{"type":"Label","props":{"y":44,"x":52,"text":"查看广告","strokeColor":"#9f5c5e","stroke":3,"fontSize":45,"color":"#ffffff","bold":true},"compId":178}]},{"type":"Box","props":{"width":500,"top":0,"scaleY":1,"scaleX":1,"right":0,"pivotY":194.5,"pivotX":222.5,"name":"nativeNode","left":0,"height":250,"bottom":0,"anchorY":0.5,"anchorX":0.5},"compId":179,"child":[{"type":"Image","props":{"visible":false,"top":0,"skin":"UI/Common/yuansheng1.png","sizeGrid":"50,50,50,50","right":0,"left":0,"bottom":0},"compId":180},{"type":"Image","props":{"visible":false,"top":-1,"skin":"UI/Common/yuansheng1.png","sizeGrid":"45,28,44,24","right":0,"name":"Contant","left":0,"bottom":0},"compId":181},{"type":"Image","props":{"width":180,"visible":false,"left":27,"height":180,"centerY":-1},"compId":182},{"type":"Image","props":{"width":110,"visible":true,"skin":"UI/Common/bg.png","name":"Icon","left":25,"height":110,"centerY":-75},"compId":183},{"type":"Text","props":{"y":-7,"x":154,"width":350,"visible":true,"valign":"middle","text":"广告名字","name":"Title","height":81,"fontSize":30,"color":"#000000","align":"left","runtime":"Laya.Text"},"compId":184},{"type":"Text","props":{"y":25,"x":154,"wordWrap":true,"width":383,"visible":true,"valign":"middle","text":"广告内容广告内容广告内容","name":"Des","height":125,"fontSize":30,"color":"#000000","align":"left","runtime":"Laya.Text"},"compId":185},{"type":"Image","props":{"visible":false,"skin":"UI/Common/yuansheng2.png","right":0,"bottom":0},"compId":186}]},{"type":"Box","props":{"top":0,"right":0,"name":"defaultNode","left":0,"bottom":0},"compId":187},{"type":"Script","props":{"runtime":"../../../../../../../软件/Laya2.9.0/resources/app/out/vs/layaEditor/src/script/TJ/NativeAd.ts"},"compId":188},{"type":"Image","props":{"y":0,"x":0,"width":24,"visible":false,"top":3,"skin":"UI/Common/X.png","scaleY":1.5,"scaleX":1.5,"right":3,"name":"Close","height":24},"compId":189}]}]}]}]},{"type":"Script","props":{"runtime":"../../../../../../../软件/Laya2.9.0/resources/app/out/vs/layaEditor/src/script/Game/UICheckIn.ts"},"compId":95}],"loadList":["Frame/UI/ui_orthogon_black.png","UI/Common/dikuang.png","UI/Common/X.png","UI/Common/biaotidi.png","UI/CheckIn/biaoti.png","UI/Common/kuang2.png","UI/GameStart/qian.png","UI/CheckIn/qian.png","UI/Common/anniu.png","UI/CheckIn/txt_lingqu.png","UI/Common/shipin.png","UI/CheckIn/wordsthree.png","UI/Common/yuan1.png","UI/Common/yuan2.png","UI/CheckIn/3bei.png","Frame/UI/ui_square_c_012.png","Frame/UI/ui_square_007.png","Frame/UI/ui_square_006.png","UI/Common/yuansheng1.png","UI/Common/bg.png","UI/Common/yuansheng2.png"],"loadList3D":[]}