{"type":"View","props":{"width":720,"height":1280},"compId":2,"child":[{"type":"Image","props":{"zOrder":8,"y":640,"x":360,"width":720,"var":"Background","skin":"Frame/UI/ui_orthogon_black.png","sizeGrid":"35,15,47,13","pivotY":640,"pivotX":360,"name":"Background","mouseEnabled":false,"height":1280,"alpha":0},"compId":3},{"type":"Image","props":{"zOrder":10,"y":1019,"x":348,"var":"Hand","name":"Hand","alpha":0},"compId":5,"child":[{"type":"Image","props":{"var":"Handpic","skin":"Lwg/UI/icon_hand.png","name":"Handpic"},"compId":6}]}],"animations":[{"nodes":[{"target":6,"keyframes":{"y":[{"value":0,"tweenMethod":"linearNone","tween":true,"target":6,"key":"y","index":0},{"value":0,"tweenMethod":"linearNone","tween":true,"target":6,"label":null,"key":"y","index":3},{"value":-104,"tweenMethod":"linearNone","tween":true,"target":6,"key":"y","index":8},{"value":174,"tweenMethod":"linearNone","tween":true,"target":6,"key":"y","index":13},{"value":59,"tweenMethod":"linearNone","tween":true,"target":6,"key":"y","index":18},{"value":180,"tweenMethod":"linearNone","tween":true,"target":6,"key":"y","index":23},{"value":163,"tweenMethod":"linearNone","tween":true,"target":6,"key":"y","index":28}],"x":[{"value":0,"tweenMethod":"linearNone","tween":true,"target":6,"key":"x","index":0},{"value":0,"tweenMethod":"linearNone","tween":true,"target":6,"label":null,"key":"x","index":3},{"value":188,"tweenMethod":"linearNone","tween":true,"target":6,"key":"x","index":8},{"value":12,"tweenMethod":"linearNone","tween":true,"target":6,"key":"x","index":13},{"value":268,"tweenMethod":"linearNone","tween":true,"target":6,"key":"x","index":18},{"value":137,"tweenMethod":"linearNone","tween":true,"target":6,"key":"x","index":23},{"value":325,"tweenMethod":"linearNone","tween":true,"target":6,"key":"x","index":28}],"alpha":[{"value":0,"tweenMethod":"linearNone","tween":true,"target":6,"key":"alpha","index":0},{"value":1,"tweenMethod":"linearNone","tween":true,"target":6,"label":"start","key":"alpha","index":3},{"value":1,"tweenMethod":"linearNone","tween":true,"target":6,"key":"alpha","index":8},{"value":1,"tweenMethod":"linearNone","tween":true,"target":6,"key":"alpha","index":28},{"value":0,"tweenMethod":"linearNone","tween":true,"target":6,"label":"end","key":"alpha","index":31}]}}],"name":"Draw","id":1,"frameRate":10,"action":0},{"nodes":[{"target":6,"keyframes":{"y":[{"value":60,"tweenMethod":"linearNone","tween":true,"target":6,"label":null,"key":"y","index":0},{"value":25,"tweenMethod":"linearNone","tween":true,"target":6,"key":"y","index":10},{"value":60,"tweenMethod":"linearNone","tween":true,"target":6,"label":null,"key":"y","index":15}],"x":[{"value":44,"tweenMethod":"linearNone","tween":true,"target":6,"label":null,"key":"x","index":0},{"value":46,"tweenMethod":"linearNone","tween":true,"target":6,"key":"x","index":10},{"value":44,"tweenMethod":"linearNone","tween":true,"target":6,"label":null,"key":"x","index":15}],"scaleY":[{"value":1,"tweenMethod":"linearNone","tween":true,"target":6,"label":null,"key":"scaleY","index":0},{"value":1.1,"tweenMethod":"linearNone","tween":true,"target":6,"key":"scaleY","index":10},{"value":1,"tweenMethod":"linearNone","tween":true,"target":6,"label":null,"key":"scaleY","index":15}],"scaleX":[{"value":1,"tweenMethod":"linearNone","tween":true,"target":6,"label":null,"key":"scaleX","index":0},{"value":1.1,"tweenMethod":"linearNone","tween":true,"target":6,"key":"scaleX","index":10},{"value":1,"tweenMethod":"linearNone","tween":true,"target":6,"label":null,"key":"scaleX","index":15}],"rotation":[{"value":-17,"tweenMethod":"linearNone","tween":true,"target":6,"label":null,"key":"rotation","index":0},{"value":18,"tweenMethod":"linearNone","tween":true,"target":6,"key":"rotation","index":10},{"value":-17,"tweenMethod":"linearNone","tween":true,"target":6,"label":null,"key":"rotation","index":15}],"pivotY":[{"value":47,"tweenMethod":"linearNone","tween":true,"target":6,"label":null,"key":"pivotY","index":0},{"value":47,"tweenMethod":"linearNone","tween":true,"target":6,"label":null,"key":"pivotY","index":15}],"pivotX":[{"value":44,"tweenMethod":"linearNone","tween":true,"target":6,"label":null,"key":"pivotX","index":0},{"value":44,"tweenMethod":"linearNone","tween":true,"target":6,"label":null,"key":"pivotX","index":15}],"height":[{"value":81,"tweenMethod":"linearNone","tween":true,"target":6,"label":null,"key":"height","index":0},{"value":81,"tweenMethod":"linearNone","tween":true,"target":6,"label":null,"key":"height","index":15}],"alpha":[{"value":1,"tweenMethod":"linearNone","tween":true,"target":6,"key":"alpha","index":0},{"value":1,"tweenMethod":"linearNone","tween":true,"target":6,"key":"alpha","index":10}]}}],"name":"Click","id":2,"frameRate":24,"action":0}],"loadList":["Frame/UI/ui_orthogon_black.png","Lwg/UI/icon_hand.png"],"loadList3D":[]}