{"type":"View","props":{"width":720,"height":1280},"compId":2,"child":[{"type":"Script","props":{"y":0,"x":0,"TaskProgress":"@Prefab:Prefab/TaskProgress.prefab","Prefab":"@Prefab:Prefab/TaskProgress.prefab","runtime":"../../../../../../../软件/Laya2.9.0/resources/app/out/vs/layaEditor/src/script/Game/UIOperation.ts"},"compId":3},{"type":"Sprite","props":{"y":987,"x":343,"width":134,"var":"Rocker","texture":"Frame/UI/ui_circle_006.png","pivotY":67,"pivotX":67,"name":"Rocker","height":134,"alpha":0},"compId":4},{"type":"Sprite","props":{"y":112,"x":379,"width":16,"var":"TaskBar","pivotY":16,"pivotX":204,"name":"TaskBar","height":16},"compId":10},{"type":"Sprite","props":{"y":350,"x":647,"width":104,"var":"BtnRecover","texture":"UI/GameMain/shuxing.png","pivotY":52,"pivotX":52,"name":"BtnRecover","height":104},"compId":12},{"type":"Image","props":{"y":1138,"x":360,"width":275,"var":"BtnLast","skin":"UI/Common/anniu.png","sizeGrid":"52,63,53,90","pivotY":59,"pivotX":138,"name":"BtnLast","height":118},"compId":13,"child":[{"type":"Sprite","props":{"y":37.5,"x":72,"texture":"UI/GameMain/xiayubu.png"},"compId":14}]},{"type":"Sprite","props":{"y":0,"x":0,"width":727,"var":"P201","height":299},"compId":15,"child":[{"type":"Box","props":{"y":196,"x":641,"width":112,"name":"P201","height":138,"anchorY":0.5,"anchorX":0.5},"compId":16,"child":[{"type":"Image","props":{"width":102,"skin":"TJ/Promo/image/jx8.png","name":"icon","height":102,"centerY":-13,"centerX":0,"anchorY":0.5,"anchorX":0.5},"compId":17,"child":[{"type":"Image","props":{"width":112,"skin":"UI/Elect/mainpush.png","name":"kk","height":138,"centerY":13,"centerX":0},"compId":18},{"type":"Image","props":{"width":23,"visible":false,"skin":"TJ/Promo/image/y1.png","name":"flag1","height":23,"centerY":-45,"centerX":45,"anchorY":0.5,"anchorX":0.5},"compId":19},{"type":"Image","props":{"width":45,"visible":false,"skin":"TJ/Promo/image/hb2.png","name":"flag2","height":23,"centerY":-44,"centerX":40,"anchorY":0.5,"anchorX":0.5},"compId":20},{"type":"Image","props":{"width":45,"visible":false,"skin":"TJ/Promo/image/rm3.png","name":"flag3","height":23,"centerY":-44,"centerX":40,"anchorY":0.5,"anchorX":0.5},"compId":21}]},{"type":"Label","props":{"wordWrap":false,"width":105,"valign":"middle","text":"这里是游戏名称","name":"name","multiline":false,"mouseEnabled":false,"height":18,"fontSize":15,"editable":false,"centerY":54,"centerX":0,"anchorY":0.5,"anchorX":0.5,"align":"center"},"compId":22},{"type":"Script","props":{"runtime":"TJ/Promo/script/PromoItem.ts"},"compId":23},{"type":"Script","props":{"runtime":"TJ/Promo/script/ButtonScale.ts"},"compId":24},{"type":"Script","props":{"shake":true,"runtime":"TJ/Promo/script/P201.ts"},"compId":25}]}]},{"type":"Box","props":{"width":500,"visible":false,"var":"NativeRoot","scaleY":0.8,"scaleX":0.8,"name":"NativeRoot","height":250,"centerX":-146,"bottom":952},"compId":48,"child":[{"type":"Box","props":{"top":0,"scaleY":1,"scaleX":1,"right":0,"pivotY":194.5,"pivotX":222.5,"name":"nativeNode","left":0,"bottom":0,"anchorY":0.5,"anchorX":0.5},"compId":49,"child":[{"type":"Image","props":{"visible":false,"top":0,"skin":"UI/Common/yuansheng1.png","sizeGrid":"50,50,50,50","right":0,"left":0,"bottom":0},"compId":50},{"type":"Image","props":{"visible":false,"top":0,"skin":"UI/Common/yuansheng1.png","sizeGrid":"45,28,44,24","right":0,"name":"Contant","left":0,"bottom":0},"compId":51},{"type":"Image","props":{"width":180,"visible":false,"left":27,"height":180,"centerY":0},"compId":52},{"type":"Image","props":{"width":140,"visible":true,"skin":"UI/Common/bg.png","name":"Icon","left":27,"height":141,"centerY":0},"compId":53},{"type":"Text","props":{"y":50,"x":228,"width":350,"visible":false,"valign":"middle","text":"广告名字","name":"Title","height":81,"fontSize":30,"color":"#000000","align":"left","runtime":"Laya.Text"},"compId":54},{"type":"Text","props":{"y":124,"x":228,"wordWrap":true,"width":383,"visible":false,"valign":"middle","text":"广告内容广告内容广告内容","name":"Des","height":125,"fontSize":30,"color":"#000000","align":"left","runtime":"Laya.Text"},"compId":55},{"type":"Image","props":{"skin":"UI/Common/yuansheng2.png","right":333,"bottom":52},"compId":56}]},{"type":"Box","props":{"visible":false,"top":0,"right":0,"name":"defaultNode","left":0,"bottom":0},"compId":57},{"type":"Script","props":{"runtime":"../../../../../../../软件/Laya2.9.0/resources/app/out/vs/layaEditor/src/script/TJ/NativeAd.ts"},"compId":58},{"type":"Image","props":{"y":0,"x":0,"width":24,"visible":false,"top":3,"skin":"UI/Common/X.png","scaleY":1.5,"scaleX":1.5,"right":3,"name":"Close","height":24},"compId":59}]}],"loadList":["Prefab/TaskProgress.prefab","Frame/UI/ui_circle_006.png","UI/GameMain/shuxing.png","UI/Common/anniu.png","UI/GameMain/xiayubu.png","TJ/Promo/image/jx8.png","UI/Elect/mainpush.png","TJ/Promo/image/y1.png","TJ/Promo/image/hb2.png","TJ/Promo/image/rm3.png","UI/Common/yuansheng1.png","UI/Common/bg.png","UI/Common/yuansheng2.png","UI/Common/X.png"],"loadList3D":[]}