{"res/atlas/comp.atlas":["comp/",["btn_close.png","button.png","check_circle.png","checkbox.png","clip_num.png","clip_tree_arrow.png","clip_tree_folder.png","combobox.png","fontClip.png","fontClip_num.png","hscroll$bar.png","hscroll$down.png","hscroll$up.png","hscroll.png","hslider$bar.png","hslider.png","html.png","image.png","img_bg.png","img_bg2.png","img_bg3.png","img_bg4.png","img_bg5.png","img_blank.png","label.png","progress$bar.png","progress.png","radio.png","radiogroup.png","tab.png","textarea.png","textinput.png","vscroll$bar.png","vscroll$down.png","vscroll$up.png","vscroll.png","vslider$bar.png","vslider.png"]],"res/atlas/Game/UI/AdsHint.atlas":["Game/UI/AdsHint/",["guankan.png","haode.png","tishi.png"]],"res/atlas/Game/UI/BackHint.atlas":["Game/UI/BackHint/",["guanbi.png","guanggao.png","icon_di.png","icon_di2.png","icon_kuang.png","icon_kuang2.png","jixu.png","likai.png"]],"res/atlas/Game/UI/ChekIn.atlas":["Game/UI/ChekIn/",["_.png","anniu_cheng.png","anniu_zi.png","ding.png","guanbi.png","guankan.png","jq.png","k_nei.png","k_nei1.png","liji.png","lq.png","menghuan.png","shipin.png","zi.png"]],"res/atlas/Game/UI/Common.atlas":["Game/UI/Common/",["anniu.png","anniu_fen.png","anniu_huang.png","anniu_lan.png","anniu_lv.png","chongzhi.png","dibuzhezhao.png","duihao.png","fanhuiL.png","fanhuiR.png","guanbi.png","juxing.png","kuang_bai.png","kuang_fen.png","shipin.png","shouye.png","xuanzhong.png","you.png","zan.png","zuo.png"]],"res/atlas/Game/UI/DressingRoom/PartIcon.atlas":["Game/UI/DressingRoom/PartIcon/",["Accessories.png","Accessories_s.png","Bottoms.png","Bottoms_s.png","DIY.png","DIY_s.png","Dress.png","Dress_s.png","FaceMask.png","FaceMask_s.png","Shoes.png","Shoes_s.png","Top.png","Top_s.png"]],"res/atlas/Game/UI/MakePattern.atlas":["Game/UI/MakePattern/",["A.png","B.png","close.png","fan.png","lashen.png","you.png","zheng.png","zuo.png"]],"res/atlas/Game/UI/MakeTailor/diy_bottom_002_final.atlas":["Game/UI/MakeTailor/diy_bottom_002_final/",["diy_bottom_002_cut.png","q1.png","x1.png"]],"res/atlas/Game/UI/MakeTailor/diy_bottom_003_final.atlas":["Game/UI/MakeTailor/diy_bottom_003_final/",["diy_bottom_003_cut.png"]],"res/atlas/Game/UI/MakeTailor/diy_bottom_004_final.atlas":["Game/UI/MakeTailor/diy_bottom_004_final/",["diy_bottom_004_cut.png","s1.png","s3.png","x1.png","x2.png","x3.png"]],"res/atlas/Game/UI/MakeTailor/diy_bottom_005_final.atlas":["Game/UI/MakeTailor/diy_bottom_005_final/",["diy_bottom_005_cut.png","s1.png","s2.png","s3.png","s4.png","x1.png","x2.png","x3.png","x4.png"]],"res/atlas/Game/UI/MakeTailor/diy_bottom_006_final.atlas":["Game/UI/MakeTailor/diy_bottom_006_final/",["diy_bottom_006_cut.png","s1.png","s2.png","x1.png","x2.png"]],"res/atlas/Game/UI/MakeTailor/diy_dress_001_final.atlas":["Game/UI/MakeTailor/diy_dress_001_final/",["diy_dress_001_cut.png","s1.png","s2.png","s3.png","x1.png","x2.png","x3.png"]],"res/atlas/Game/UI/MakeTailor/diy_dress_002_final.atlas":["Game/UI/MakeTailor/diy_dress_002_final/",["diy_dress_002_cut.png","q1.png","s1.png","s2.png","s3.png","s4.png","x1.png","x2.png","x3.png","x4.png"]],"res/atlas/Game/UI/MakeTailor/diy_dress_003_final.atlas":["Game/UI/MakeTailor/diy_dress_003_final/",["diy_dress_003_cut.png","s1.png","s2.png","s3.png","s4.png","s5.png","s6.png","s7.png","s8.png","s9.png","x1.png","x2.png","x3.png","x4.png","x5.png","x6.png","x7.png","x8.png","x9.png"]],"res/atlas/Game/UI/MakeTailor/diy_dress_004_final.atlas":["Game/UI/MakeTailor/diy_dress_004_final/",["diy_dress_004_cut.png","s1.png","s2.png","s3.png","s4.png","x1.png","x2.png","x3.png","x4.png"]],"res/atlas/Game/UI/MakeTailor/diy_dress_005_final.atlas":["Game/UI/MakeTailor/diy_dress_005_final/",["diy_dress_005_cut.png","q1.png","s1.png","s2.png","s3.png","x1.png","x2.png","x3.png"]],"res/atlas/Game/UI/MakeTailor/diy_dress_006_final.atlas":["Game/UI/MakeTailor/diy_dress_006_final/",["diy_dress_006_cut.png","s1.png","s2.png","s3.png","s4.png","x1.png","x2.png","x3.png","x4.png"]],"res/atlas/Game/UI/MakeTailor/diy_dress_007_final.atlas":["Game/UI/MakeTailor/diy_dress_007_final/",["diy_dress_007_cut.png","s1.png","s2.png","s3.png","s4.png","s5.png","x1.png","x2.png","x3 .png","x4 .png","x5 .png"]],"res/atlas/Game/UI/MakeTailor/diy_dress_008_final.atlas":["Game/UI/MakeTailor/diy_dress_008_final/",["diy_dress_008_cut.png","s1.png","s2.png","s3.png","s4.png","s5.png","s6.png","x1.png","x2.png","x3.png","x4.png","x5.png","x6.png"]],"res/atlas/Game/UI/MakeTailor/diy_top_003_final.atlas":["Game/UI/MakeTailor/diy_top_003_final/",["diy_top_003_cut.png","q1.png","s1.png","s2.png","s3.png","s4.png","s5.png","s6.png","s7.png","s8.png","x1.png","x2.png","x3.png","x4.png","x5.png","x6.png","x7.png","x8.png"]],"res/atlas/Game/UI/MakeTailor/diy_top_004_final.atlas":["Game/UI/MakeTailor/diy_top_004_final/",["diy_top_004_cut.png","q1.png","s1.png","s2.png","s3.png","s4.png","s5.png","s6.png","x1.png","x2.png","x3.png","x4.png","x5.png","x6.png"]],"res/atlas/Game/UI/MakeTailor/diy_top_005_final.atlas":["Game/UI/MakeTailor/diy_top_005_final/",["diy_top_005_cut.png","s1.png","s3.png","s4.png","s5-2.png","s5.png","x1.png","x2.png","x3.png","x4.png","x5.png"]],"res/atlas/Game/UI/MakeTailor/diy_top_006_final.atlas":["Game/UI/MakeTailor/diy_top_006_final/",["diy_top_006_cut.png","s1.png","s2.png","s3.png","x1.png","x2.png","x3.png","x4.png"]],"res/atlas/Game/UI/MakeTailor/diy_top_007_final.atlas":["Game/UI/MakeTailor/diy_top_007_final/",["diy_top_007_cut.png","s1.png","s2.png","s3.png","s4.png","s5.png","s6.png","x1.png","x2.png","x3.png","x4.png","x5.png","x6.png"]],"res/atlas/Game/UI/MakeTailor/diy_top_008_final.atlas":["Game/UI/MakeTailor/diy_top_008_final/",["diy_top_008_cut.png","s1.png","s2.png","s3.png","s4.png","s5.png","s6.png","s7.png","x1.png","x2.png","x3.png","x4.png","x5.png","x6.png","x7.png"]],"res/atlas/Game/UI/MakeTailor.atlas":["Game/UI/MakeTailor/",["dotted1.png","scissors_01.png","scissors_02.png"]],"res/atlas/Game/UI/PersonalInfo.atlas":["Game/UI/PersonalInfo/",["bianji.png","ding.png","gerenziliao.png","neikuang.png","paihangbang.png","touxiangdi.png","touxiangkuang.png","xingming.png","zan.png"]],"res/atlas/Game/UI/PreLoad.atlas":["Game/UI/PreLoad/",["%.png","%2.png","Powered by LayaAir Engine.png","zhengzaijiazai.png","zi1.png"]],"res/atlas/Game/UI/Ranking/IconSkin.atlas":["Game/UI/Ranking/IconSkin/",["Ava.png","avatar_1.png","avatar_10.png","avatar_11.png","avatar_12.png","avatar_13.png","avatar_14.png","avatar_15.png","avatar_16.png","avatar_17.png","avatar_18.png","avatar_19.png","avatar_2.png","avatar_20.png","avatar_21.png","avatar_22.png","avatar_23.png","avatar_24.png","avatar_25.png","avatar_26.png","avatar_27.png","avatar_28.png","avatar_29.png","avatar_3.png","avatar_30.png","avatar_31.png","avatar_32.png","avatar_33.png","avatar_34.png","avatar_35.png","avatar_36.png","avatar_37.png","avatar_38.png","avatar_39.png","avatar_4.png","avatar_40.png","avatar_41.png","avatar_42.png","avatar_43.png","avatar_44.png","avatar_45.png","avatar_46.png","avatar_47.png","avatar_48.png","avatar_49.png","avatar_5.png","avatar_50.png","avatar_51.png","avatar_6.png","avatar_7.png","avatar_8.png","avatar_9.png"]],"res/atlas/Game/UI/Ranking.atlas":["Game/UI/Ranking/",["choudai.png","paihangbang.png","paiming.png","renqizhi.png","touxiang.png","zuozhe.png"]],"res/atlas/Game/UI/Start.atlas":["Game/UI/Start/",["diandao.png","hudong.png","jiantou.png","jiantoufa.png","kuang.png","lianyiqun.png","paihangbang.png","qipao_fen.png","qipao_lan.png","shiyifu.png","touxiang_shang.png","touxiang_xia.png","touxiangkuang.png","w_biankuang.png","wangye.png","x_biankuang.png","xiazhuang.png","yifu.png"]],"res/atlas/Game/UI/Tweeting/ChoosePhotos.atlas":["Game/UI/Tweeting/ChoosePhotos/",["anniu_fasong.png","anniu_hui.png","duihao.png","xuanze.png","zhaopian.png","zhaopian_di.png"]],"res/atlas/Game/UI/Tweeting/Dynamic.atlas":["Game/UI/Tweeting/Dynamic/",["fenge1.png","guanzhu.png","huifu.png","redu.png","shijian.png","shoucang.png","t_pinglun.png","t_shoucang.png","t_zan.png","t_zhuanfa.png","tupian.png","tx.png","tx_biankuang.png"]],"res/atlas/Game/UI/Tweeting/GetFan.atlas":["Game/UI/Tweeting/GetFan/",["haode.png","hutui.png","shuangbei.png","zhangfen.png","zi.png"]],"res/atlas/Game/UI/Tweeting/Head.atlas":["Game/UI/Tweeting/Head/",["1.jpg","10.jpg","11.jpg","12.jpg","13.jpg","14.jpg","15.jpg","16.jpg","17.jpg","18.jpg","19.jpg","2.jpg","20.jpg","3.jpg","4.jpg","5.jpg","6.jpg","7.jpg","8.jpg","9.jpg"]],"res/atlas/Game/UI/Tweeting/Main.atlas":["Game/UI/Tweeting/Main/",["1.png","2.png","3.png","dongtai.png","fenge.png","fenge2.png","fensi.png","guanzhu.png","juxing2.png","kuang_bai.png","kuang_fen.png","remen.png","shou.png","shoucang.png","shouye.png","touxiangkuang.png","tx_biankuang.png","weibo.png","weibo_logo.png","xingming.png","xinxianshi.png","xuanze-2.png","xuanze.png","zan.png","zhaopian.png","zhaopian1.png","zuopin.png"]],"res/atlas/Lwg/Effects.atlas":["Lwg/Effects/",["aixin1.png","aixin2.png","aixin3.png","fangxingguang1.png","fangxingguang2.png","guangquan1.png","guangquan2.png","hua1.png","hua2.png","hua3.png","hua4.png","rectangle1.png","rectangle2.png","rectangle3.png","rhombus1.png","rhombus2.png","rhombus3.png","star1.png","star2.png","star3.png","star4.png","star5.png","star6.png","star7.png","star8.png","star_black.png","triangle1.png","triangle2.png","ui_square_guang1.png","ui_square_guang2.png","xuehua1.png","yezi1.png","yuan1.png","yuanfaguang.png"]],"res/atlas/Lwg/UI.atlas":["Lwg/UI/",["arrows1.png","icon_hand.png","ui_circle_006.png","ui_orthogon_black_0.3.png","ui_orthogon_black_0.5.png","ui_orthogon_black_0.7.png","ui_orthogon_cycn.png","ui_orthogon_green.png","ui_orthogon_white.png","wireframeBlack1.png"]],"res/atlas/Pattern.atlas":["Pattern/",["basic1.png","basic2.png","basic3.png","basic4.png","basic5.png","cat1.png","cat2.png","cat3.png","cat4.png","cat5.png","expression1.png","expression2.png","expression3.png","expression4.png","expression5.png","newYear1.png","newYear2.png","newYear3.png","newYear4.png","newYear5.png","pink1.png","pink2.png","pink3.png","pink4.png","pink5.png"]],"res/atlas/TJ/Promo/image/iconBoardColor.atlas":["TJ/Promo/image/iconBoardColor/",["1.png","2.png","4.png","5.png","6.png","7.png","8.png"]],"res/atlas/TJ/Promo/image/互推icon底色.atlas":["TJ/Promo/image/互推icon底色/",["1.png","2.png","4.png","5.png","6.png","7.png","8.png","undefined.png"]],"res/atlas/TJ/Promo/image.atlas":["TJ/Promo/image/",["cnxh.png","di2.png","gdyx.png","gdyx2.png","gdyx3.png","hb2.png","jx10.png","jx14.png","kk1.png","kk2.png","kk3.png","new2.png","remen1.png","rm3.png","sw.png","swdjl.png","tc2.png","tc23.png","tc3.png","tishi.png","tuijian2.png","y1.png","yjjx.png","yjjx14.png","yuansheng2.png","zt_1_10.png"]]}